unidade;setor_saida;ano;mes;paciente_dia;saidas;mp_por_setor_de_saida
CHPB;AMBULATORIO DE SAUDE MENTAL;2019;5;4281;1;4281,0
CHPB;AMBULATORIO DE SAUDE MENTAL;2020;2;6;1;6,0
CHPB;AMBULATORIO DE SAUDE MENTAL;2021;9;1;1;1,0
CHPB;CAC - CENTRO DE ACOLHIMENTO DE CRISE;2019;1;615;30;20,5
CHPB;CAC - CENTRO DE ACOLHIMENTO DE CRISE;2019;2;561;30;18,7
CHPB;CAC - CENTRO DE ACOLHIMENTO DE CRISE;2019;3;505;24;21,041666666666668
CHPB;CAC - CENTRO DE ACOLHIMENTO DE CRISE;2019;4;437;20;21,85
CHPB;CAC - CENTRO DE ACOLHIMENTO DE CRISE;2019;5;607;32;18,96875
CHPB;CAC - CENTRO DE ACOLHIMENTO DE CRISE;2019;6;405;23;17,608695652173914
CHPB;CAC - CENTRO DE ACOLHIMENTO DE CRISE;2019;7;430;23;18,695652173913043
CHPB;CAC - CENTRO DE ACOLHIMENTO DE CRISE;2019;8;706;27;26,14814814814815
CHPB;CAC - CENTRO DE ACOLHIMENTO DE CRISE;2019;9;565;28;20,178571428571427
CHPB;CAC - CENTRO DE ACOLHIMENTO DE CRISE;2019;10;640;34;18,823529411764707
CHPB;CAC - CENTRO DE ACOLHIMENTO DE CRISE;2019;11;732;25;29,28
CHPB;CAC - CENTRO DE ACOLHIMENTO DE CRISE;2019;12;655;30;21,833333333333332
CHPB;CAC - CENTRO DE ACOLHIMENTO DE CRISE;2020;1;815;36;22,63888888888889
CHPB;CAC - CENTRO DE ACOLHIMENTO DE CRISE;2020;2;561;30;18,7
CHPB;CAC - CENTRO DE ACOLHIMENTO DE CRISE;2020;3;753;35;21,514285714285716
CHPB;CAC - CENTRO DE ACOLHIMENTO DE CRISE;2020;4;499;22;22,681818181818183
CHPB;CAC - CENTRO DE ACOLHIMENTO DE CRISE;2020;5;388;17;22,823529411764707
CHPB;CAC - CENTRO DE ACOLHIMENTO DE CRISE;2020;6;438;17;25,764705882352942
CHPB;CAC - CENTRO DE ACOLHIMENTO DE CRISE;2020;7;715;24;29,791666666666668
CHPB;CAC - CENTRO DE ACOLHIMENTO DE CRISE;2020;8;823;25;32,92
CHPB;CAC - CENTRO DE ACOLHIMENTO DE CRISE;2020;9;643;22;29,227272727272727
CHPB;CAC - CENTRO DE ACOLHIMENTO DE CRISE;2020;10;713;23;31,0
CHPB;CAC - CENTRO DE ACOLHIMENTO DE CRISE;2020;11;542;19;28,526315789473685
CHPB;CAC - CENTRO DE ACOLHIMENTO DE CRISE;2020;12;2513;31;81,06451612903226
CHPB;CAC - CENTRO DE ACOLHIMENTO DE CRISE;2021;1;668;30;22,266666666666666
CHPB;CAC - CENTRO DE ACOLHIMENTO DE CRISE;2021;2;640;28;22,857142857142858
CHPB;CAC - CENTRO DE ACOLHIMENTO DE CRISE;2021;3;184;9;20,444444444444443
CHPB;CAC - CENTRO DE ACOLHIMENTO DE CRISE;2022;8;582;24;24,25
CHPB;CAC - CENTRO DE ACOLHIMENTO DE CRISE;2022;9;644;22;29,272727272727273
CHPB;CAC - CENTRO DE ACOLHIMENTO DE CRISE;2022;10;1393;24;58,041666666666664
CHPB;CAC - CENTRO DE ACOLHIMENTO DE CRISE;2022;11;1089;31;35,12903225806452
CHPB;CAC - CENTRO DE ACOLHIMENTO DE CRISE;2022;12;756;24;31,5
CHPB;CAC - CENTRO DE ACOLHIMENTO DE CRISE;2023;1;893;27;33,074074074074076
CHPB;CAC - CENTRO DE ACOLHIMENTO DE CRISE;2023;2;587;22;26,681818181818183
CHPB;CAC - CENTRO DE ACOLHIMENTO DE CRISE;2023;3;1345;31;43,38709677419355
CHPB;CAC - CENTRO DE ACOLHIMENTO DE CRISE;2023;4;779;26;29,96153846153846
CHPB;CAC - CENTRO DE ACOLHIMENTO DE CRISE;2023;5;925;43;21,511627906976745
CHPB;CAC - CENTRO DE ACOLHIMENTO DE CRISE;2023;6;590;29;20,344827586206897
CHPB;CAC - CENTRO DE ACOLHIMENTO DE CRISE;2023;7;1288;37;34,810810810810814
CHPB;CAC - CENTRO DE ACOLHIMENTO DE CRISE;2023;8;769;25;30,76
CHPB;CAC - CENTRO DE ACOLHIMENTO DE CRISE;2023;9;559;22;25,40909090909091
CHPB;CAC - CENTRO DE ACOLHIMENTO DE CRISE;2023;10;1118;36;31,055555555555557
CHPB;CAC - CENTRO DE ACOLHIMENTO DE CRISE;2023;11;2050;25;82,0
CHPB;CAC - CENTRO DE ACOLHIMENTO DE CRISE;2023;12;1146;28;40,92857142857143
CHPB;CAC - CENTRO DE ACOLHIMENTO DE CRISE;2024;1;817;24;34,041666666666664
CHPB;CAC - CENTRO DE ACOLHIMENTO DE CRISE;2024;2;562;34;16,529411764705884
CHPB;CAC - CENTRO DE ACOLHIMENTO DE CRISE;2024;3;845;18;46,94444444444444
CHPB;CAC - CENTRO DE ACOLHIMENTO DE CRISE;2024;4;704;29;24,275862068965516
CHPB;CAC - CENTRO DE ACOLHIMENTO DE CRISE;2024;5;659;26;25,346153846153847
CHPB;CAC - CENTRO DE ACOLHIMENTO DE CRISE;2024;6;555;21;26,428571428571427
CHPB;CAC/CHPB/CHB;2024;9;1680;1;1680,0
CHPB;CAC/CHPB/CHB;2024;11;22;1;22,0
CHPB;CAC/CHPB/CHB;2025;1;12;1;12,0
CHPB;CAC/CHPB/CHB;2025;10;23;1;23,0
CHPB;CAC/CHPB/CHB;2026;2;1157;2;578,5
CHPB;CAC/CHPB/CHB;2026;6;11;1;11,0
CHPB;LAR INCLUSIVO;2021;11;13114;6;2185,6666666666665
CHPB;LAR INCLUSIVO;2021;12;713;1;713,0
CHPB;LAR INCLUSIVO;2022;1;11104;3;3701,3333333333335
CHPB;LAR INCLUSIVO;2022;4;5011;1;5011,0
CHPB;LAR INCLUSIVO;2022;6;20308;6;3384,6666666666665
CHPB;LAR INCLUSIVO;2022;7;18206;1;18206,0
CHPB;LAR INCLUSIVO;2022;8;994;1;994,0
CHPB;LAR INCLUSIVO;2022;11;771;1;771,0
CHPB;LAR INCLUSIVO;2023;2;772;1;772,0
CHPB;LAR INCLUSIVO;2023;4;1303;1;1303,0
CHPB;LAR INCLUSIVO A/CHPB/CHB;2024;8;1332;1;1332,0
CHPB;LAR INCLUSIVO A/CHPB/CHB;2024;12;3073;4;768,25
CHPB;LAR INCLUSIVO A/CHPB/CHB;2025;1;1442;1;1442,0
CHPB;LAR INCLUSIVO A/CHPB/CHB;2025;5;2503;1;2503,0
CHPB;LAR INCLUSIVO A/CHPB/CHB;2025;6;6434;1;6434,0
CHPB;LAR INCLUSIVO A/CHPB/CHB;2025;9;2856;1;2856,0
CHPB;LAR INCLUSIVO A/CHPB/CHB;2026;2;597;1;597,0
CHPB;LAR INCLUSIVO A/CHPB/CHB;2026;5;12063;6;2010,5
CHPB;LAR INCLUSIVO B;2021;3;1086;1;1086,0
CHPB;LAR INCLUSIVO B;2021;4;4952;2;2476,0
CHPB;LAR INCLUSIVO B;2021;7;332;1;332,0
CHPB;LAR INCLUSIVO B;2021;11;5113;1;5113,0
CHPB;LAR INCLUSIVO B;2022;10;1554;1;1554,0
CHPB;LAR INCLUSIVO B;2023;2;9201;3;3067,0
CHPB;LAR INCLUSIVO B;2023;3;1542;2;771,0
CHPB;LAR INCLUSIVO B/CHPB/CHB;2024;9;4235;1;4235,0
CHPB;LAR INCLUSIVO B/CHPB/CHB;2024;10;3594;1;3594,0
CHPB;LAR INCLUSIVO B/CHPB/CHB;2024;11;577;1;577,0
CHPB;LAR INCLUSIVO B/CHPB/CHB;2024;12;2577;1;2577,0
CHPB;LAR INCLUSIVO B/CHPB/CHB;2025;1;7643;4;1910,75
CHPB;LAR INCLUSIVO B/CHPB/CHB;2025;3;1346;1;1346,0
CHPB;LAR INCLUSIVO B/CHPB/CHB;2025;4;2745;1;2745,0
CHPB;LAR INCLUSIVO B/CHPB/CHB;2025;5;224;1;224,0
CHPB;LAR INCLUSIVO B/CHPB/CHB;2026;3;480;1;480,0
CHPB;LAR INCLUSIVO B/CHPB/CHB;2026;5;20026;8;2503,25
CHPB;LAR INCLUSIVO C;2021;6;359;1;359,0
CHPB;LAR INCLUSIVO C;2021;11;8198;2;4099,0
CHPB;LAR INCLUSIVO C;2022;5;11054;4;2763,5
CHPB;LAR INCLUSIVO C;2022;6;6678;2;3339,0
CHPB;LAR INCLUSIVO C;2023;3;5601;1;5601,0
CHPB;LAR INCLUSIVO D;2021;5;92;1;92,0
CHPB;LAR INCLUSIVO D;2021;10;244;1;244,0
CHPB;LAR INCLUSIVO D;2021;12;5144;1;5144,0
CHPB;LAR INCLUSIVO D;2022;6;10092;6;1682,0
CHPB;LAR INCLUSIVO D;2022;12;817;1;817,0
CHPB;LAR INCLUSIVO D;2023;3;787;1;787,0
CHPB;LAR INCLUSIVO E;2022;2;133;1;133,0
CHPB;LAR INCLUSIVO E;2022;5;658;1;658,0
CHPB;LAR INCLUSIVO E;2022;6;21461;1;21461,0
CHPB;UIC - UNIDADE INTERCORRENCIAS CLINICAS;2019;1;206;1;206,0
CHPB;UIC - UNIDADE INTERCORRENCIAS CLINICAS;2019;2;4105;1;4105,0
CHPB;UIC - UNIDADE INTERCORRENCIAS CLINICAS;2019;3;1200;2;600,0
CHPB;UIC - UNIDADE INTERCORRENCIAS CLINICAS;2019;4;12;1;12,0
CHPB;UIC - UNIDADE INTERCORRENCIAS CLINICAS;2019;11;5214;2;2607,0
CHPB;UIC - UNIDADE INTERCORRENCIAS CLINICAS;2019;12;6138;5;1227,6
CHPB;UIC - UNIDADE INTERCORRENCIAS CLINICAS;2020;1;4437;1;4437,0
CHPB;UIC - UNIDADE INTERCORRENCIAS CLINICAS;2020;2;42;1;42,0
CHPB;UIC - UNIDADE INTERCORRENCIAS CLINICAS;2020;3;36;1;36,0
CHPB;UIC - UNIDADE INTERCORRENCIAS CLINICAS;2020;5;1032;2;516,0
CHPB;UIC - UNIDADE INTERCORRENCIAS CLINICAS;2020;6;4611;1;4611,0
CHPB;UIC - UNIDADE INTERCORRENCIAS CLINICAS;2020;7;702;2;351,0
CHPB;UIC - UNIDADE INTERCORRENCIAS CLINICAS;2020;8;4658;1;4658,0
CHPB;UIC - UNIDADE INTERCORRENCIAS CLINICAS;2020;9;1529;1;1529,0
CHPB;UIC - UNIDADE INTERCORRENCIAS CLINICAS;2020;10;79;1;79,0
CHPB;UIC - UNIDADE INTERCORRENCIAS CLINICAS;2020;11;663;2;331,5
CHPB;UIC - UNIDADE INTERCORRENCIAS CLINICAS;2020;12;1;1;1,0
CHPB;UIC - UNIDADE INTERCORRENCIAS CLINICAS;2021;1;15396;13;1184,3076923076924
CHPB;UIC - UNIDADE INTERCORRENCIAS CLINICAS;2021;3;99;1;99,0
CHPB;UIP-FEMININA/CHPB/CHB;2024;7;81;2;40,5
CHPB;UIP-FEMININA/CHPB/CHB;2024;8;524;12;43,666666666666664
CHPB;UIP-FEMININA/CHPB/CHB;2024;9;219;10;21,9
CHPB;UIP-FEMININA/CHPB/CHB;2024;10;118;8;14,75
CHPB;UIP-FEMININA/CHPB/CHB;2024;11;1198;11;108,9090909090909
CHPB;UIP-FEMININA/CHPB/CHB;2024;12;247;12;20,583333333333332
CHPB;UIP-FEMININA/CHPB/CHB;2025;1;157;7;22,428571428571427
CHPB;UIP-FEMININA/CHPB/CHB;2025;2;232;11;21,09090909090909
CHPB;UIP-FEMININA/CHPB/CHB;2025;3;295;11;26,818181818181817
CHPB;UIP-FEMININA/CHPB/CHB;2025;4;266;13;20,46153846153846
CHPB;UIP-FEMININA/CHPB/CHB;2025;5;153;8;19,125
CHPB;UIP-FEMININA/CHPB/CHB;2025;6;1067;11;97,0
CHPB;UIP-FEMININA/CHPB/CHB;2025;7;156;7;22,285714285714285
CHPB;UIP-FEMININA/CHPB/CHB;2025;8;268;12;22,333333333333332
CHPB;UIP-FEMININA/CHPB/CHB;2025;9;107;5;21,4
CHPB;UIP-FEMININA/CHPB/CHB;2025;10;168;7;24,0
CHPB;UIP-FEMININA/CHPB/CHB;2025;11;49;3;16,333333333333332
CHPB;UIP-FEMININA/CHPB/CHB;2025;12;825;11;75,0
CHPB;UIP-FEMININA/CHPB/CHB;2026;1;818;7;116,85714285714286
CHPB;UIP-FEMININA/CHPB/CHB;2026;2;386;10;38,6
CHPB;UIP-FEMININA/CHPB/CHB;2026;3;152;8;19,0
CHPB;UIP-FEMININA/CHPB/CHB;2026;4;181;7;25,857142857142858
CHPB;UIP-FEMININA/CHPB/CHB;2026;5;193;6;32,166666666666664
CHPB;UIP-FEMININA/CHPB/CHB;2026;6;186;6;31,0
CHPB;UIP-MASCULINA/CHPB/CHB;2024;6;198;8;24,75
CHPB;UIP-MASCULINA/CHPB/CHB;2024;7;2313;27;85,66666666666667
CHPB;UIP-MASCULINA/CHPB/CHB;2024;8;345;14;24,642857142857142
CHPB;UIP-MASCULINA/CHPB/CHB;2024;9;392;20;19,6
CHPB;UIP-MASCULINA/CHPB/CHB;2024;10;444;20;22,2
CHPB;UIP-MASCULINA/CHPB/CHB;2024;11;665;17;39,11764705882353
CHPB;UIP-MASCULINA/CHPB/CHB;2024;12;397;24;16,541666666666668
CHPB;UIP-MASCULINA/CHPB/CHB;2025;1;259;14;18,5
CHPB;UIP-MASCULINA/CHPB/CHB;2025;2;293;16;18,3125
CHPB;UIP-MASCULINA/CHPB/CHB;2025;3;457;21;21,761904761904763
CHPB;UIP-MASCULINA/CHPB/CHB;2025;4;538;17;31,647058823529413
CHPB;UIP-MASCULINA/CHPB/CHB;2025;5;325;15;21,666666666666668
CHPB;UIP-MASCULINA/CHPB/CHB;2025;6;447;22;20,318181818181817
CHPB;UIP-MASCULINA/CHPB/CHB;2025;7;319;11;29,0
CHPB;UIP-MASCULINA/CHPB/CHB;2025;8;321;15;21,4
CHPB;UIP-MASCULINA/CHPB/CHB;2025;9;174;10;17,4
CHPB;UIP-MASCULINA/CHPB/CHB;2025;10;375;17;22,058823529411764
CHPB;UIP-MASCULINA/CHPB/CHB;2025;11;615;15;41,0
CHPB;UIP-MASCULINA/CHPB/CHB;2025;12;212;8;26,5
CHPB;UIP-MASCULINA/CHPB/CHB;2026;1;520;19;27,36842105263158
CHPB;UIP-MASCULINA/CHPB/CHB;2026;2;621;10;62,1
CHPB;UIP-MASCULINA/CHPB/CHB;2026;3;626;17;36,8235294117647
CHPB;UIP-MASCULINA/CHPB/CHB;2026;4;170;9;18,88888888888889
CHPB;UIP-MASCULINA/CHPB/CHB;2026;5;768;12;64,0
CHPB;UIP-MASCULINA/CHPB/CHB;2026;6;485;12;40,416666666666664
CHPB;UNIDADE DE CUIDADOS CONTINUADOS INTEGRADOS;2020;4;123;4;30,75
CHPB;UNIDADE DE CUIDADOS CONTINUADOS INTEGRADOS;2020;5;67;8;8,375
CHPB;UNIDADE DE CUIDADOS CONTINUADOS INTEGRADOS;2020;6;185;6;30,833333333333332
CHPB;UNIDADE DE CUIDADOS CONTINUADOS INTEGRADOS;2020;7;160;6;26,666666666666668
CHPB;UNIDADE DE CUIDADOS CONTINUADOS INTEGRADOS;2020;8;535;11;48,63636363636363
CHPB;UNIDADE DE CUIDADOS CONTINUADOS INTEGRADOS;2020;9;160;7;22,857142857142858
CHPB;UNIDADE DE CUIDADOS CONTINUADOS INTEGRADOS;2020;10;207;5;41,4
CHPB;UNIDADE DE CUIDADOS CONTINUADOS INTEGRADOS;2020;11;126;3;42,0
CHPB;UNIDADE DE CUIDADOS CONTINUADOS INTEGRADOS;2020;12;167;5;33,4
CHPB;UNIDADE DE CUIDADOS CONTINUADOS INTEGRADOS;2021;1;543;9;60,333333333333336
CHPB;UNIDADE DE CUIDADOS CONTINUADOS INTEGRADOS;2021;2;22;1;22,0
CHPB;UNIDADE DE CUIDADOS CONTINUADOS INTEGRADOS;2021;3;124;2;62,0
CHPB;UNIDADE DE CUIDADOS CONTINUADOS INTEGRADOS;2021;4;33;2;16,5
CHPB;UNIDADE DE CUIDADOS CONTINUADOS INTEGRADOS;2021;5;54;2;27,0
CHPB;UNIDADE DE CUIDADOS CONTINUADOS INTEGRADOS;2021;6;46;2;23,0
CHPB;UNIDADE DE CUIDADOS CONTINUADOS INTEGRADOS;2021;7;318;7;45,42857142857143
CHPB;UNIDADE DE CUIDADOS CONTINUADOS INTEGRADOS;2021;8;243;4;60,75
CHPB;UNIDADE DE CUIDADOS CONTINUADOS INTEGRADOS;2021;9;66;4;16,5
CHPB;UNIDADE DE CUIDADOS CONTINUADOS INTEGRADOS;2021;10;194;8;24,25
CHPB;UNIDADE DE CUIDADOS CONTINUADOS INTEGRADOS;2021;11;216;10;21,6
CHPB;UNIDADE DE CUIDADOS CONTINUADOS INTEGRADOS;2021;12;143;8;17,875
CHPB;UNIDADE DE CUIDADOS CONTINUADOS INTEGRADOS;2022;1;104;6;17,333333333333332
CHPB;UNIDADE DE CUIDADOS CONTINUADOS INTEGRADOS;2022;2;477;8;59,625
CHPB;UNIDADE DE CUIDADOS CONTINUADOS INTEGRADOS;2022;3;201;5;40,2
CHPB;UNIDADE DE CUIDADOS CONTINUADOS INTEGRADOS;2022;4;297;9;33,0
CHPB;UNIDADE DE CUIDADOS CONTINUADOS INTEGRADOS;2022;5;290;11;26,363636363636363
CHPB;UNIDADE DE CUIDADOS CONTINUADOS INTEGRADOS;2022;6;267;7;38,142857142857146
CHPB;UNIDADE DE CUIDADOS CONTINUADOS INTEGRADOS;2022;7;334;9;37,111111111111114
CHPB;UNIDADE DE CUIDADOS CONTINUADOS INTEGRADOS;2022;8;388;5;77,6
CHPB;UNIDADE DE CUIDADOS CONTINUADOS INTEGRADOS;2022;9;620;15;41,333333333333336
CHPB;UNIDADE DE CUIDADOS CONTINUADOS INTEGRADOS;2022;10;478;13;36,76923076923077
CHPB;UNIDADE DE CUIDADOS CONTINUADOS INTEGRADOS;2022;11;4774;15;318,26666666666665
CHPB;UNIDADE DE CUIDADOS CONTINUADOS INTEGRADOS;2022;12;833;15;55,53333333333333
CHPB;UNIDADE DE CUIDADOS CONTINUADOS INTEGRADOS;2023;1;546;13;42,0
CHPB;UNIDADE DE CUIDADOS CONTINUADOS INTEGRADOS;2023;2;448;13;34,46153846153846
CHPB;UNIDADE DE CUIDADOS CONTINUADOS INTEGRADOS;2023;3;532;15;35,46666666666667
CHPB;UNIDADE DE CUIDADOS CONTINUADOS INTEGRADOS;2023;4;571;18;31,72222222222222
CHPB;UNIDADE DE CUIDADOS CONTINUADOS INTEGRADOS;2023;5;430;15;28,666666666666668
CHPB;UNIDADE DE CUIDADOS CONTINUADOS INTEGRADOS;2023;6;617;16;38,5625
CHPB;UNIDADE DE CUIDADOS CONTINUADOS INTEGRADOS;2023;7;884;12;73,66666666666667
CHPB;UNIDADE DE CUIDADOS CONTINUADOS INTEGRADOS;2023;8;830;19;43,68421052631579
CHPB;UNIDADE DE CUIDADOS CONTINUADOS INTEGRADOS;2023;9;475;11;43,18181818181818
CHPB;UNIDADE DE CUIDADOS CONTINUADOS INTEGRADOS;2023;10;638;13;49,07692307692308
CHPB;UNIDADE DE CUIDADOS CONTINUADOS INTEGRADOS;2023;11;597;11;54,27272727272727
CHPB;UNIDADE DE CUIDADOS CONTINUADOS INTEGRADOS;2023;12;851;19;44,78947368421053
CHPB;UNIDADE DE CUIDADOS CONTINUADOS INTEGRADOS;2024;1;715;18;39,72222222222222
CHPB;UNIDADE DE CUIDADOS CONTINUADOS INTEGRADOS;2024;2;626;20;31,3
CHPB;UNIDADE DE CUIDADOS CONTINUADOS INTEGRADOS;2024;3;376;16;23,5
CHPB;UNIDADE DE CUIDADOS CONTINUADOS INTEGRADOS;2024;4;492;20;24,6
CHPB;UNIDADE DE CUIDADOS CONTINUADOS INTEGRADOS;2024;5;500;14;35,714285714285715
CHPB;UNIDADE DE CUIDADOS CONTINUADOS INTEGRADOS;2024;6;471;13;36,23076923076923
CHPB;UNIDADE DE CUIDADOS PROLONGADOS/CHPB/CHB;2024;6;8;1;8,0
CHPB;UNIDADE DE CUIDADOS PROLONGADOS/CHPB/CHB;2024;7;679;18;37,72222222222222
CHPB;UNIDADE DE CUIDADOS PROLONGADOS/CHPB/CHB;2024;8;438;16;27,375
CHPB;UNIDADE DE CUIDADOS PROLONGADOS/CHPB/CHB;2024;9;545;13;41,92307692307692
CHPB;UNIDADE DE CUIDADOS PROLONGADOS/CHPB/CHB;2024;10;992;27;36,74074074074074
CHPB;UNIDADE DE CUIDADOS PROLONGADOS/CHPB/CHB;2024;11;345;17;20,294117647058822
CHPB;UNIDADE DE CUIDADOS PROLONGADOS/CHPB/CHB;2024;12;509;16;31,8125
CHPB;UNIDADE DE CUIDADOS PROLONGADOS/CHPB/CHB;2025;1;564;15;37,6
CHPB;UNIDADE DE CUIDADOS PROLONGADOS/CHPB/CHB;2025;2;782;16;48,875
CHPB;UNIDADE DE CUIDADOS PROLONGADOS/CHPB/CHB;2025;3;432;16;27,0
CHPB;UNIDADE DE CUIDADOS PROLONGADOS/CHPB/CHB;2025;4;1057;22;48,04545454545455
CHPB;UNIDADE DE CUIDADOS PROLONGADOS/CHPB/CHB;2025;5;712;22;32,36363636363637
CHPB;UNIDADE DE CUIDADOS PROLONGADOS/CHPB/CHB;2025;6;575;21;27,38095238095238
CHPB;UNIDADE DE CUIDADOS PROLONGADOS/CHPB/CHB;2025;7;556;24;23,166666666666668
CHPB;UNIDADE DE CUIDADOS PROLONGADOS/CHPB/CHB;2025;8;1220;19;64,21052631578948
CHPB;UNIDADE DE CUIDADOS PROLONGADOS/CHPB/CHB;2025;9;352;15;23,466666666666665
CHPB;UNIDADE DE CUIDADOS PROLONGADOS/CHPB/CHB;2025;10;421;18;23,38888888888889
CHPB;UNIDADE DE CUIDADOS PROLONGADOS/CHPB/CHB;2025;11;1098;15;73,2
CHPB;UNIDADE DE CUIDADOS PROLONGADOS/CHPB/CHB;2025;12;831;21;39,57142857142857
CHPB;UNIDADE DE CUIDADOS PROLONGADOS/CHPB/CHB;2026;1;816;18;45,333333333333336
CHPB;UNIDADE DE CUIDADOS PROLONGADOS/CHPB/CHB;2026;2;566;19;29,789473684210527
CHPB;UNIDADE DE CUIDADOS PROLONGADOS/CHPB/CHB;2026;3;683;28;24,392857142857142
CHPB;UNIDADE DE CUIDADOS PROLONGADOS/CHPB/CHB;2026;4;2645;25;105,8
CHPB;UNIDADE DE CUIDADOS PROLONGADOS/CHPB/CHB;2026;5;1114;15;74,26666666666667
CHPB;UNIDADE DE CUIDADOS PROLONGADOS/CHPB/CHB;2026;6;776;23;33,73913043478261
CHPB;UNIDADE DE TRATAMENTO CLINICO;2021;4;4908;2;2454,0
CHPB;UNIDADE DE TRATAMENTO CLINICO;2021;5;28;1;28,0
CHPB;UNIDADE DE TRATAMENTO CLINICO;2021;6;2;1;2,0
CHPB;UNIDADE DE TRATAMENTO CLINICO;2021;7;4648;3;1549,3333333333333
CHPB;UNIDADE DE TRATAMENTO CLINICO;2021;8;11787;8;1473,375
CHPB;UNIDADE DE TRATAMENTO CLINICO;2021;9;4;1;4,0
CHPB;UNIDADE DE TRATAMENTO CLINICO;2021;10;1449;2;724,5
CHPB;UNIDADE DE TRATAMENTO CLINICO;2021;11;30;1;30,0
CHPB;UNIDADE DE TRATAMENTO CLINICO;2021;12;1476;1;1476,0
CHPB;UNIDADE DE TRATAMENTO CLINICO;2022;1;1075;1;1075,0
CHPB;UNIDADE DE TRATAMENTO CLINICO;2022;2;21;1;21,0
CHPB;UNIDADE DE TRATAMENTO CLINICO;2022;4;4122;1;4122,0
CHPB;UNIDADE DE TRATAMENTO CLINICO;2022;5;2358;1;2358,0
CHPB;UNIDADE INTERNAÇÃO - PSIQUIATRIA;2021;3;396;19;20,842105263157894
CHPB;UNIDADE INTERNAÇÃO - PSIQUIATRIA;2021;4;668;24;27,833333333333332
CHPB;UNIDADE INTERNAÇÃO - PSIQUIATRIA;2021;5;516;23;22,434782608695652
CHPB;UNIDADE INTERNAÇÃO - PSIQUIATRIA;2021;6;1228;30;40,93333333333333
CHPB;UNIDADE INTERNAÇÃO - PSIQUIATRIA;2021;7;471;23;20,47826086956522
CHPB;UNIDADE INTERNAÇÃO - PSIQUIATRIA;2021;8;588;19;30,94736842105263
CHPB;UNIDADE INTERNAÇÃO - PSIQUIATRIA;2021;9;3175;28;113,39285714285714
CHPB;UNIDADE INTERNAÇÃO - PSIQUIATRIA;2021;10;662;34;19,470588235294116
CHPB;UNIDADE INTERNAÇÃO - PSIQUIATRIA;2021;11;653;29;22,517241379310345
CHPB;UNIDADE INTERNAÇÃO - PSIQUIATRIA;2021;12;872;27;32,2962962962963
CHPB;UNIDADE INTERNAÇÃO - PSIQUIATRIA;2022;1;431;14;30,785714285714285
CHPB;UNIDADE INTERNAÇÃO - PSIQUIATRIA;2022;2;433;17;25,470588235294116
CHPB;UNIDADE INTERNAÇÃO - PSIQUIATRIA;2022;3;635;19;33,421052631578945
CHPB;UNIDADE INTERNAÇÃO - PSIQUIATRIA;2022;4;701;27;25,962962962962962
CHPB;UNIDADE INTERNAÇÃO - PSIQUIATRIA;2022;5;809;21;38,523809523809526
CHPB;UNIDADE INTERNAÇÃO - PSIQUIATRIA;2022;6;841;23;36,56521739130435
CHPB;UNIDADE INTERNAÇÃO - PSIQUIATRIA;2022;7;1179;30;39,3
CHPB;UNIDADE INTERNAÇÃO - PSIQUIATRIA;2022;8;197;6;32,833333333333336
CHPB;UNIDADE INTERNAÇÃO - PSIQUIATRIA;2022;10;622;1;622,0
CHPB;UNIDADE INTERNAÇÃO - PSIQUIATRIA;2023;1;18;1;18,0
CHPB;UNIDADE INTERNAÇÃO - PSIQUIATRIA;2023;4;6;1;6,0
CHPB;UNIDADE INTERNAÇÃO - PSIQUIATRIA;2023;5;279;1;279,0
CHPB;UNIDADE INTERNAÇÃO - PSIQUIATRIA;2023;6;34;2;17,0
CHPB;UNIDADE INTERNAÇÃO - PSIQUIATRIA;2023;10;1393;1;1393,0
CHPB;UNIDADE INTERNAÇÃO - PSIQUIATRIA;2023;12;1;1;1,0
CHPB;UNIDADE INTERNAÇÃO - PSIQUIATRIA;2024;2;5942;1;5942,0
CHPB;UNIDADE INTERNAÇÃO - PSIQUIATRIA;2024;3;1494;1;1494,0
CHPB;UNIDADE INTERNAÇÃO - PSIQUIATRIA;2024;5;44;1;44,0
CHPB;UNIDADE INTERNAÇÃO - PSIQUIATRIA CASA LAR 1;2019;7;1365;1;1365,0
CHPB;UNIDADE INTERNAÇÃO - PSIQUIATRIA CASA LAR 1;2019;8;1603;1;1603,0
CHPB;UNIDADE INTERNAÇÃO - PSIQUIATRIA CASA LAR 1;2019;9;4278;1;4278,0
CHPB;UNIDADE INTERNAÇÃO - PSIQUIATRIA CASA LAR 1;2020;1;1279;1;1279,0
CHPB;UNIDADE INTERNAÇÃO - PSIQUIATRIA CASA LAR 1;2020;7;185;2;92,5
CHPB;UNIDADE INTERNAÇÃO - PSIQUIATRIA CASA LAR 2;2019;1;4074;1;4074,0
CHPB;UNIDADE INTERNAÇÃO - PSIQUIATRIA CASA LAR 2;2019;3;1053;1;1053,0
CHPB;UNIDADE INTERNAÇÃO - PSIQUIATRIA CASA LAR 2;2019;9;172;1;172,0
CHPB;UNIDADE INTERNAÇÃO - PSIQUIATRIA CASA LAR 2;2020;4;1357;1;1357,0
CHPB;UNIDADE INTERNAÇÃO - PSIQUIATRIA CASA LAR 3;2019;2;932;1;932,0
CHPB;UNIDADE INTERNAÇÃO - PSIQUIATRIA CASA LAR 3;2020;2;4482;1;4482,0
CHPB;UNIDADE INTERNAÇÃO - PSIQUIATRIA CASA LAR 3;2020;5;4571;1;4571,0
CHPB;UNIDADE INTERNAÇÃO - PSIQUIATRIA CASA LAR 3;2020;9;128;1;128,0
CHPB;UNIDADE INTERNAÇÃO - PSIQUIATRIA MÓDULO RESIDENCIAL 2;2019;1;91;1;91,0
CHPB;UNIDADE INTERNAÇÃO - PSIQUIATRIA MÓDULO RESIDENCIAL 2;2019;2;6592;3;2197,3333333333335
CHPB;UNIDADE INTERNAÇÃO - PSIQUIATRIA MÓDULO RESIDENCIAL 2;2019;9;2777;1;2777,0
CHPB;UNIDADE INTERNAÇÃO - PSIQUIATRIA MÓDULO RESIDENCIAL 2;2019;10;968;3;322,6666666666667
CHPB;UNIDADE INTERNAÇÃO - PSIQUIATRIA MÓDULO RESIDENCIAL 2;2019;11;4382;1;4382,0
CHPB;UNIDADE INTERNAÇÃO - PSIQUIATRIA MÓDULO RESIDENCIAL 2;2019;12;3496;3;1165,3333333333333
CHPB;UNIDADE INTERNAÇÃO - PSIQUIATRIA MÓDULO RESIDENCIAL 2;2020;1;102;3;34,0
CHPB;UNIDADE INTERNAÇÃO - PSIQUIATRIA MÓDULO RESIDENCIAL 2;2020;3;64;1;64,0
CHPB;UNIDADE INTERNAÇÃO - PSIQUIATRIA MÓDULO RESIDENCIAL 2;2020;6;9217;2;4608,5
CHPB;UNIDADE INTERNAÇÃO - PSIQUIATRIA MÓDULO RESIDENCIAL 2;2020;8;2395;2;1197,5
CHPB;UNIDADE INTERNAÇÃO - PSIQUIATRIA MÓDULO RESIDENCIAL 2;2020;9;2537;1;2537,0
CHPB;UNIDADE INTERNAÇÃO - PSIQUIATRIA MÓDULO RESIDENCIAL 2;2020;12;440;1;440,0
CHPB;UNIDADE INTERNAÇÃO - PSIQUIATRIA MÓDULO RESIDENCIAL 3;2019;5;1029;1;1029,0
CHPB;UNIDADE INTERNAÇÃO - PSIQUIATRIA MÓDULO RESIDENCIAL 3;2019;10;160;1;160,0
CHPB;UNIDADE INTERNAÇÃO - PSIQUIATRIA MÓDULO RESIDENCIAL 3;2020;1;12;1;12,0
CHPB;UNIDADE INTERNAÇÃO - PSIQUIATRIA MÓDULO RESIDENCIAL 3;2020;6;1606;1;1606,0
CHPB;UNIDADE INTERNAÇÃO - PSIQUIATRIA MÓDULO RESIDENCIAL 3;2020;11;1273;1;1273,0
CHPB;UNIDADE INTERNAÇÃO - PSIQUIATRIA MÓDULO RESIDENCIAL 4;2019;2;334;1;334,0
CHPB;UNIDADE INTERNAÇÃO - PSIQUIATRIA MÓDULO RESIDENCIAL 4;2019;7;164;1;164,0
CHPB;UNIDADE INTERNAÇÃO - PSIQUIATRIA MÓDULO RESIDENCIAL 4;2019;10;76;1;76,0
CHPB;UNIDADE INTERNAÇÃO - PSIQUIATRIA MÓDULO RESIDENCIAL 4;2020;1;81;1;81,0
CHPB;UNIDADE INTERNAÇÃO - PSIQUIATRIA MÓDULO RESIDENCIAL 4;2020;2;27;1;27,0
CHPB;UNIDADE INTERNAÇÃO - PSIQUIATRIA MÓDULO RESIDENCIAL 4;2020;4;907;1;907,0
CHPB;UNIDADE INTERNAÇÃO - PSIQUIATRIA MÓDULO RESIDENCIAL 4;2020;5;860;1;860,0
CHPB;UNIDADE INTERNAÇÃO - PSIQUIATRIA MÓDULO RESIDENCIAL 4;2020;9;544;1;544,0
CHPB;UNIDADE INTERNAÇÃO - PSIQUIATRIA MÓDULO RESIDENCIAL 5;2019;5;5445;3;1815,0
CHPB;UNIDADE INTERNAÇÃO - PSIQUIATRIA MÓDULO RESIDENCIAL 5;2019;6;46;3;15,333333333333334
CHPB;UNIDADE INTERNAÇÃO - PSIQUIATRIA MÓDULO RESIDENCIAL 5;2019;9;605;1;605,0
CHPB;UNIDADE INTERNAÇÃO - PSIQUIATRIA MÓDULO RESIDENCIAL 5;2019;12;479;1;479,0
CHPB;UNIDADE INTERNAÇÃO - PSIQUIATRIA MÓDULO RESIDENCIAL 5;2020;2;2217;1;2217,0
CHPB;UNIDADE INTERNAÇÃO - PSIQUIATRIA MÓDULO RESIDENCIAL 5;2020;3;4517;1;4517,0
CHPB;UNIDADE INTERNAÇÃO - PSIQUIATRIA MÓDULO RESIDENCIAL 5;2020;9;1974;1;1974,0
CHPB;UNIDADE INTERNAÇÃO - PSIQUIATRIA MÓDULO RESIDENCIAL 5;2020;11;256;1;256,0
CSPD;UNIDADE DE CUIDADOS CONTINUADOS INTEGRADOS;2022;9;7;1;7,0
CSPD;UNIDADE DE CUIDADOS CONTINUADOS INTEGRADOS;2022;10;399;11;36,27272727272727
CSPD;UNIDADE DE CUIDADOS CONTINUADOS INTEGRADOS;2022;11;21;2;10,5
CSPD;UNIDADE DE CUIDADOS CONTINUADOS INTEGRADOS;2022;12;497;11;45,18181818181818
CSPD;UNIDADE DE CUIDADOS CONTINUADOS INTEGRADOS;2023;1;85;8;10,625
CSPD;UNIDADE DE CUIDADOS CONTINUADOS INTEGRADOS;2023;2;118;7;16,857142857142858
CSPD;UNIDADE DE CUIDADOS CONTINUADOS INTEGRADOS;2023;3;115;7;16,428571428571427
CSPD;UNIDADE DE CUIDADOS CONTINUADOS INTEGRADOS;2023;4;235;8;29,375
CSPD;UNIDADE DE CUIDADOS CONTINUADOS INTEGRADOS;2023;5;270;11;24,545454545454547
CSPD;UNIDADE DE CUIDADOS CONTINUADOS INTEGRADOS;2023;6;374;10;37,4
CSPD;UNIDADE DE CUIDADOS CONTINUADOS INTEGRADOS;2023;7;142;11;12,909090909090908
CSPD;UNIDADE DE CUIDADOS CONTINUADOS INTEGRADOS;2023;8;183;10;18,3
CSPD;UNIDADE DE CUIDADOS CONTINUADOS INTEGRADOS;2023;9;327;12;27,25
CSPD;UNIDADE DE CUIDADOS CONTINUADOS INTEGRADOS;2023;10;895;31;28,870967741935484
CSPD;UNIDADE DE CUIDADOS CONTINUADOS INTEGRADOS;2023;11;91;8;11,375
CSPD;UNIDADE DE INTERNAÇÃO DE CUIDADOS PROLONGADOS;2023;11;458;23;19,91304347826087
CSPD;UNIDADE DE INTERNAÇÃO DE CUIDADOS PROLONGADOS;2023;12;1132;41;27,609756097560975
CSPD;UNIDADE DE INTERNAÇÃO DE CUIDADOS PROLONGADOS;2024;1;1081;45;24,022222222222222
CSPD;UNIDADE DE INTERNAÇÃO DE CUIDADOS PROLONGADOS;2024;2;556;31;17,93548387096774
CSPD;UNIDADE DE INTERNAÇÃO DE CUIDADOS PROLONGADOS;2024;3;961;45;21,355555555555554
CSPD;UNIDADE DE INTERNAÇÃO DE CUIDADOS PROLONGADOS;2024;4;815;50;16,3
CSPD;UNIDADE DE INTERNAÇÃO DE CUIDADOS PROLONGADOS;2024;5;1199;47;25,51063829787234
CSPD;UNIDADE DE INTERNAÇÃO DE CUIDADOS PROLONGADOS;2024;6;766;28;27,357142857142858
CSPD;UNIDADE DE INTERNAÇÃO DE CUIDADOS PROLONGADOS;2024;7;1260;40;31,5
CSPD;UNIDADE INTERNAÇÃO - CLINICA MÉDICA;2019;1;246;33;7,454545454545454
CSPD;UNIDADE INTERNAÇÃO - CLINICA MÉDICA;2019;2;334;44;7,590909090909091
CSPD;UNIDADE INTERNAÇÃO - CLINICA MÉDICA;2019;3;262;26;10,076923076923077
CSPD;UNIDADE INTERNAÇÃO - CLINICA MÉDICA;2019;4;414;38;10,894736842105264
CSPD;UNIDADE INTERNAÇÃO - CLINICA MÉDICA;2019;5;446;36;12,38888888888889
CSPD;UNIDADE INTERNAÇÃO - CLINICA MÉDICA;2019;6;445;49;9,081632653061224
CSPD;UNIDADE INTERNAÇÃO - CLINICA MÉDICA;2019;7;360;35;10,285714285714286
CSPD;UNIDADE INTERNAÇÃO - CLINICA MÉDICA;2019;8;396;37;10,702702702702704
CSPD;UNIDADE INTERNAÇÃO - CLINICA MÉDICA;2019;9;1578;38;41,526315789473685
CSPD;UNIDADE INTERNAÇÃO - CLINICA MÉDICA;2019;10;442;34;13,0
CSPD;UNIDADE INTERNAÇÃO - CLINICA MÉDICA;2019;11;370;30;12,333333333333334
CSPD;UNIDADE INTERNAÇÃO - CLINICA MÉDICA;2019;12;275;28;9,821428571428571
CSPD;UNIDADE INTERNAÇÃO - CLINICA MÉDICA;2020;1;642;45;14,266666666666667
CSPD;UNIDADE INTERNAÇÃO - CLINICA MÉDICA;2020;2;383;47;8,148936170212766
CSPD;UNIDADE INTERNAÇÃO - CLINICA MÉDICA;2020;3;314;34;9,235294117647058
CSPD;UNIDADE INTERNAÇÃO - CLINICA MÉDICA;2020;4;304;19;16,0
CSPD;UNIDADE INTERNAÇÃO - CLINICA MÉDICA;2020;5;187;20;9,35
CSPD;UNIDADE INTERNAÇÃO - CLINICA MÉDICA;2020;6;239;23;10,391304347826088
CSPD;UNIDADE INTERNAÇÃO - CLINICA MÉDICA;2020;7;317;17;18,647058823529413
CSPD;UNIDADE INTERNAÇÃO - CLINICA MÉDICA;2020;8;242;24;10,083333333333334
CSPD;UNIDADE INTERNAÇÃO - CLINICA MÉDICA;2020;9;346;31;11,161290322580646
CSPD;UNIDADE INTERNAÇÃO - CLINICA MÉDICA;2020;10;292;30;9,733333333333333
CSPD;UNIDADE INTERNAÇÃO - CLINICA MÉDICA;2020;11;228;18;12,666666666666666
CSPD;UNIDADE INTERNAÇÃO - CLINICA MÉDICA;2020;12;415;32;12,96875
CSPD;UNIDADE INTERNAÇÃO - CLINICA MÉDICA;2021;1;216;30;7,2
CSPD;UNIDADE INTERNAÇÃO - CLINICA MÉDICA;2021;2;240;28;8,571428571428571
CSPD;UNIDADE INTERNAÇÃO - CLINICA MÉDICA;2021;3;274;25;10,96
CSPD;UNIDADE INTERNAÇÃO - CLINICA MÉDICA;2021;4;323;35;9,228571428571428
CSPD;UNIDADE INTERNAÇÃO - CLINICA MÉDICA;2021;5;260;25;10,4
CSPD;UNIDADE INTERNAÇÃO - CLINICA MÉDICA;2021;6;277;35;7,914285714285715
CSPD;UNIDADE INTERNAÇÃO - CLINICA MÉDICA;2021;7;285;30;9,5
CSPD;UNIDADE INTERNAÇÃO - CLINICA MÉDICA;2021;8;380;32;11,875
CSPD;UNIDADE INTERNAÇÃO - CLINICA MÉDICA;2021;9;504;35;14,4
CSPD;UNIDADE INTERNAÇÃO - CLINICA MÉDICA;2021;10;216;27;8,0
CSPD;UNIDADE INTERNAÇÃO - CLINICA MÉDICA;2021;11;362;40;9,05
CSPD;UNIDADE INTERNAÇÃO - CLINICA MÉDICA;2021;12;346;36;9,61111111111111
CSPD;UNIDADE INTERNAÇÃO - CLINICA MÉDICA;2022;1;292;34;8,588235294117647
CSPD;UNIDADE INTERNAÇÃO - CLINICA MÉDICA;2022;2;284;25;11,36
CSPD;UNIDADE INTERNAÇÃO - CLINICA MÉDICA;2022;3;548;32;17,125
CSPD;UNIDADE INTERNAÇÃO - CLINICA MÉDICA;2022;4;433;40;10,825
CSPD;UNIDADE INTERNAÇÃO - CLINICA MÉDICA;2022;5;482;52;9,26923076923077
CSPD;UNIDADE INTERNAÇÃO - CLINICA MÉDICA;2022;6;348;36;9,666666666666666
CSPD;UNIDADE INTERNAÇÃO - CLINICA MÉDICA;2022;7;540;41;13,170731707317072
CSPD;UNIDADE INTERNAÇÃO - CLINICA MÉDICA;2022;8;454;43;10,55813953488372
CSPD;UNIDADE INTERNAÇÃO - CLINICA MÉDICA;2022;9;495;38;13,026315789473685
CSPD;UNIDADE INTERNAÇÃO - CLINICA MÉDICA;2022;10;241;23;10,478260869565217
CSPD;UNIDADE INTERNAÇÃO - CLINICA MÉDICA;2022;11;429;23;18,652173913043477
CSPD;UNIDADE INTERNAÇÃO - CLINICA MÉDICA;2022;12;259;21;12,333333333333334
CSPD;UNIDADE INTERNAÇÃO - CLINICA MÉDICA;2023;1;276;28;9,857142857142858
CSPD;UNIDADE INTERNAÇÃO - CLINICA MÉDICA;2023;2;144;16;9,0
CSPD;UNIDADE INTERNAÇÃO - CLINICA MÉDICA;2023;3;478;30;15,933333333333334
CSPD;UNIDADE INTERNAÇÃO - CLINICA MÉDICA;2023;4;512;23;22,26086956521739
CSPD;UNIDADE INTERNAÇÃO - CLINICA MÉDICA;2023;5;466;32;14,5625
CSPD;UNIDADE INTERNAÇÃO - CLINICA MÉDICA;2023;6;333;21;15,857142857142858
CSPD;UNIDADE INTERNAÇÃO - CLINICA MÉDICA;2023;7;412;19;21,68421052631579
CSPD;UNIDADE INTERNAÇÃO - CLINICA MÉDICA;2023;8;520;32;16,25
CSPD;UNIDADE INTERNAÇÃO - CLINICA MÉDICA;2023;9;288;21;13,714285714285714
CSPD;UNIDADE INTERNAÇÃO - CLINICA MÉDICA;2023;10;134;8;16,75
CSSFA;AMBULATORIO - ESPECIALIDADES Consultorios;2019;1;551;1;551,0
CSSFA;AMBULATORIO - ESPECIALIDADES Consultorios;2021;1;44;1;44,0
CSSFA;AMBULATORIO - ESPECIALIDADES Consultorios;2021;6;0;1;0,0
CSSFA;CENTRO DE TRATAMENTO DE LESÕES;2019;2;44;1;44,0
CSSFA;CENTRO DE TRATAMENTO DE LESÕES;2019;5;118;1;118,0
CSSFA;UNIDADE DE INTERNACAO CCI Cuidados Continuados Integ;2019;1;759;4;189,75
CSSFA;UNIDADE DE INTERNACAO CCI Cuidados Continuados Integ;2019;2;527;11;47,90909090909091
CSSFA;UNIDADE DE INTERNACAO CCI Cuidados Continuados Integ;2019;3;2165;10;216,5
CSSFA;UNIDADE DE INTERNACAO CCI Cuidados Continuados Integ;2019;4;693;13;53,30769230769231
CSSFA;UNIDADE DE INTERNACAO CCI Cuidados Continuados Integ;2019;5;611;8;76,375
CSSFA;UNIDADE DE INTERNACAO CCI Cuidados Continuados Integ;2019;6;729;13;56,07692307692308
CSSFA;UNIDADE DE INTERNACAO CCI Cuidados Continuados Integ;2019;7;1681;23;73,08695652173913
CSSFA;UNIDADE DE INTERNACAO CCI Cuidados Continuados Integ;2019;8;807;11;73,36363636363636
CSSFA;UNIDADE DE INTERNACAO CCI Cuidados Continuados Integ;2019;9;563;12;46,916666666666664
CSSFA;UNIDADE DE INTERNACAO CCI Cuidados Continuados Integ;2019;10;1043;16;65,1875
CSSFA;UNIDADE DE INTERNACAO CCI Cuidados Continuados Integ;2019;11;1525;22;69,31818181818181
CSSFA;UNIDADE DE INTERNACAO CCI Cuidados Continuados Integ;2019;12;674;16;42,125
CSSFA;UNIDADE DE INTERNACAO CCI Cuidados Continuados Integ;2020;1;167;6;27,833333333333332
CSSFA;UNIDADE DE INTERNACAO CCI Cuidados Continuados Integ;2020;2;713;13;54,84615384615385
CSSFA;UNIDADE DE INTERNACAO CCI Cuidados Continuados Integ;2020;3;2284;25;91,36
CSSFA;UNIDADE DE INTERNACAO CCI Cuidados Continuados Integ;2020;4;243;9;27,0
CSSFA;UNIDADE DE INTERNACAO CCI Cuidados Continuados Integ;2020;5;691;13;53,15384615384615
CSSFA;UNIDADE DE INTERNACAO CCI Cuidados Continuados Integ;2020;6;404;11;36,72727272727273
CSSFA;UNIDADE DE INTERNACAO CCI Cuidados Continuados Integ;2020;7;379;10;37,9
CSSFA;UNIDADE DE INTERNACAO CCI Cuidados Continuados Integ;2020;8;528;18;29,333333333333332
CSSFA;UNIDADE DE INTERNACAO CCI Cuidados Continuados Integ;2020;9;333;13;25,615384615384617
CSSFA;UNIDADE DE INTERNACAO CCI Cuidados Continuados Integ;2020;10;1098;19;57,78947368421053
CSSFA;UNIDADE DE INTERNACAO CCI Cuidados Continuados Integ;2020;11;544;14;38,857142857142854
CSSFA;UNIDADE DE INTERNACAO CCI Cuidados Continuados Integ;2020;12;1985;22;90,22727272727273
CSSFA;UNIDADE DE INTERNACAO CCI Cuidados Continuados Integ;2021;1;637;17;37,470588235294116
CSSFA;UNIDADE DE INTERNACAO CCI Cuidados Continuados Integ;2021;2;839;23;36,47826086956522
CSSFA;UNIDADE DE INTERNACAO CCI Cuidados Continuados Integ;2021;3;1005;22;45,68181818181818
CSSFA;UNIDADE DE INTERNACAO CCI Cuidados Continuados Integ;2021;4;947;20;47,35
CSSFA;UNIDADE DE INTERNACAO CCI Cuidados Continuados Integ;2021;5;2036;29;70,20689655172414
CSSFA;UNIDADE DE INTERNACAO CCI Cuidados Continuados Integ;2021;6;1138;27;42,148148148148145
CSSFA;UNIDADE DE INTERNACAO CCI Cuidados Continuados Integ;2021;7;852;22;38,72727272727273
CSSFA;UNIDADE DE INTERNACAO CCI Cuidados Continuados Integ;2021;8;1047;26;40,26923076923077
CSSFA;UNIDADE DE INTERNACAO CCI Cuidados Continuados Integ;2021;9;853;21;40,61904761904762
CSSFA;UNIDADE DE INTERNACAO CCI Cuidados Continuados Integ;2021;10;995;25;39,8
CSSFA;UNIDADE DE INTERNACAO CCI Cuidados Continuados Integ;2021;11;1400;25;56,0
CSSFA;UNIDADE DE INTERNACAO CCI Cuidados Continuados Integ;2021;12;831;17;48,88235294117647
CSSFA;UNIDADE DE INTERNACAO CCI Cuidados Continuados Integ;2022;1;1091;22;49,59090909090909
CSSFA;UNIDADE DE INTERNACAO CCI Cuidados Continuados Integ;2022;2;639;13;49,15384615384615
CSSFA;UNIDADE DE INTERNACAO CCI Cuidados Continuados Integ;2022;3;1118;23;48,608695652173914
CSSFA;UNIDADE DE INTERNACAO CCI Cuidados Continuados Integ;2022;4;1285;30;42,833333333333336
CSSFA;UNIDADE DE INTERNACAO CCI Cuidados Continuados Integ;2022;5;807;20;40,35
CSSFA;UNIDADE DE INTERNACAO CCI Cuidados Continuados Integ;2022;6;1071;24;44,625
CSSFA;UNIDADE DE INTERNACAO CCI Cuidados Continuados Integ;2022;7;1206;29;41,58620689655172
CSSFA;UNIDADE DE INTERNACAO CCI Cuidados Continuados Integ;2022;8;1248;23;54,26086956521739
CSSFA;UNIDADE DE INTERNACAO CCI Cuidados Continuados Integ;2022;9;1210;24;50,416666666666664
CSSFA;UNIDADE DE INTERNACAO CCI Cuidados Continuados Integ;2022;10;1437;23;62,47826086956522
CSSFA;UNIDADE DE INTERNACAO CCI Cuidados Continuados Integ;2022;11;1064;23;46,26086956521739
CSSFA;UNIDADE DE INTERNACAO CCI Cuidados Continuados Integ;2022;12;1354;27;50,148148148148145
CSSFA;UNIDADE DE INTERNACAO CCI Cuidados Continuados Integ;2023;1;541;13;41,61538461538461
CSSFA;UNIDADE DE INTERNACAO CCI Cuidados Continuados Integ;2023;2;547;12;45,583333333333336
CSSFA;UNIDADE DE INTERNACAO CCI Cuidados Continuados Integ;2023;3;1724;32;53,875
CSSFA;UNIDADE DE INTERNACAO CCI Cuidados Continuados Integ;2023;4;997;18;55,388888888888886
CSSFA;UNIDADE DE INTERNACAO CCI Cuidados Continuados Integ;2023;5;1061;14;75,78571428571429
CSSFA;UNIDADE DE INTERNACAO CCI Cuidados Continuados Integ;2023;6;756;16;47,25
CSSFA;UNIDADE DE INTERNACAO CCI Cuidados Continuados Integ;2023;7;569;12;47,416666666666664
CSSFA;UNIDADE DE INTERNACAO CCI Cuidados Continuados Integ;2023;8;1437;18;79,83333333333333
CSSFA;UNIDADE DE INTERNACAO CCI Cuidados Continuados Integ;2023;9;807;11;73,36363636363636
CSSFA;UNIDADE DE INTERNACAO CCI Cuidados Continuados Integ;2023;10;969;19;51,0
CSSFA;UNIDADE DE INTERNACAO CCI Cuidados Continuados Integ;2023;11;815;12;67,91666666666667
CSSFA;UNIDADE DE INTERNACAO CCI Cuidados Continuados Integ;2023;12;1091;19;57,421052631578945
CSSFA;UNIDADE DE INTERNACAO CCI Cuidados Continuados Integ;2024;1;597;14;42,642857142857146
CSSFA;UNIDADE DE INTERNACAO CCI Cuidados Continuados Integ;2024;2;515;10;51,5
CSSFA;UNIDADE DE INTERNACAO CCI Cuidados Continuados Integ;2024;3;1417;30;47,233333333333334
CSSFA;UNIDADE DE INTERNACAO CCI Cuidados Continuados Integ;2024;4;1186;24;49,416666666666664
CSSFA;UNIDADE DE INTERNACAO CCI Cuidados Continuados Integ;2024;5;2039;24;84,95833333333333
CSSFA;UNIDADE DE INTERNACAO CCI Cuidados Continuados Integ;2024;6;674;12;56,166666666666664
CSSFA;UNIDADE DE INTERNACAO CCI Cuidados Continuados Integ;2024;7;1112;22;50,54545454545455
CSSFA;UNIDADE DE INTERNACAO CCI Cuidados Continuados Integ;2024;8;1250;35;35,714285714285715
CSSFA;UNIDADE DE INTERNACAO CCI Cuidados Continuados Integ;2024;9;1027;20;51,35
CSSFA;UNIDADE DE INTERNACAO CCI Cuidados Continuados Integ;2024;10;1377;28;49,17857142857143
CSSFA;UNIDADE DE INTERNACAO CCI Cuidados Continuados Integ;2024;11;1017;19;53,526315789473685
CSSFA;UNIDADE DE INTERNACAO CCI Cuidados Continuados Integ;2024;12;900;20;45,0
CSSFA;UNIDADE DE INTERNACAO CCI Cuidados Continuados Integ;2025;1;1602;21;76,28571428571429
CSSFA;UNIDADE DE INTERNACAO CCI Cuidados Continuados Integ;2025;2;1033;17;60,76470588235294
CSSFA;UNIDADE DE INTERNACAO CCI Cuidados Continuados Integ;2025;3;636;13;48,92307692307692
CSSFA;UNIDADE DE INTERNACAO CCI Cuidados Continuados Integ;2025;4;956;18;53,111111111111114
CSSFA;UNIDADE DE INTERNACAO CCI Cuidados Continuados Integ;2025;5;887;19;46,68421052631579
CSSFA;UNIDADE DE INTERNACAO CCI Cuidados Continuados Integ;2025;6;1142;17;67,17647058823529
CSSFA;UNIDADE DE INTERNACAO CCI Cuidados Continuados Integ;2025;7;1156;20;57,8
CSSFA;UNIDADE DE INTERNACAO CCI Cuidados Continuados Integ;2025;8;1675;26;64,42307692307692
CSSFA;UNIDADE DE INTERNACAO CCI Cuidados Continuados Integ;2025;9;797;15;53,13333333333333
CSSFA;UNIDADE DE INTERNACAO CCI Cuidados Continuados Integ;2025;10;1035;16;64,6875
CSSFA;UNIDADE DE INTERNACAO CCI Cuidados Continuados Integ;2025;11;2374;19;124,94736842105263
CSSFA;UNIDADE DE INTERNACAO CCI Cuidados Continuados Integ;2025;12;982;18;54,55555555555556
CSSFA;UNIDADE DE INTERNACAO CCI Cuidados Continuados Integ;2026;1;705;12;58,75
CSSFA;UNIDADE DE INTERNACAO CCI Cuidados Continuados Integ;2026;2;996;18;55,333333333333336
CSSFA;UNIDADE DE INTERNACAO CCI Cuidados Continuados Integ;2026;3;1052;20;52,6
CSSFA;UNIDADE DE INTERNACAO CCI Cuidados Continuados Integ;2026;4;1024;23;44,52173913043478
CSSFA;UNIDADE DE INTERNACAO CCI Cuidados Continuados Integ;2026;5;3078;24;128,25
CSSFA;UNIDADE DE INTERNACAO CCI Cuidados Continuados Integ;2026;6;483;12;40,25
CSSFA;UNIDADE INTERNAÇÃO - CLINICA CIRURGICA;2019;10;12;5;2,4
CSSFA;UNIDADE INTERNAÇÃO - CLINICA CIRURGICA;2019;11;27;11;2,4545454545454546
CSSFA;UNIDADE INTERNAÇÃO - CLINICA CIRURGICA;2019;12;27;10;2,7
CSSFA;UNIDADE INTERNAÇÃO - CLINICA CIRURGICA;2020;2;72;1;72,0
CSSFA;UNIDADE INTERNAÇÃO - CLINICA CIRURGICA;2020;3;2;1;2,0
CSSFA;UNIDADE INTERNAÇÃO - CLINICA MÉDICA;2019;5;826;4;206,5
CSSFA;UNIDADE INTERNAÇÃO - CLINICA MÉDICA;2019;6;52;2;26,0
CSSFA;UNIDADE INTERNAÇÃO - CLINICA MÉDICA;2019;7;61;3;20,333333333333332
CSSFA;UNIDADE INTERNAÇÃO - CLINICA MÉDICA;2019;8;3342;3;1114,0
CSSFA;UNIDADE INTERNAÇÃO - CLINICA MÉDICA;2019;9;128;2;64,0
CSSFA;UNIDADE INTERNAÇÃO - CLINICA MÉDICA;2019;11;10;2;5,0
CSSFA;UNIDADE INTERNAÇÃO - CLINICA MÉDICA;2019;12;33;2;16,5
CSSFA;UNIDADE INTERNAÇÃO - CLINICA MÉDICA;2020;1;7;1;7,0
CSSFA;UNIDADE INTERNAÇÃO - CLINICA MÉDICA;2020;2;3;1;3,0
CSSFA;UNIDADE INTERNAÇÃO - CLINICA MÉDICA;2020;3;55;5;11,0
CSSFA;UNIDADE INTERNAÇÃO - CLINICA MÉDICA;2020;4;8;1;8,0
CSSFA;UNIDADE INTERNAÇÃO - CLINICA MÉDICA;2020;9;1267;2;633,5
CSSFA;UNIDADE INTERNAÇÃO - CLINICA MÉDICA;2020;12;29;2;14,5
CSSFA;UNIDADE INTERNAÇÃO - CLINICA MÉDICA;2021;1;1404;2;702,0
CSSFA;UNIDADE INTERNAÇÃO - CLINICA MÉDICA;2021;2;88;6;14,666666666666666
CSSFA;UNIDADE INTERNAÇÃO - CLINICA MÉDICA;2021;3;1439;2;719,5
CSSFA;UNIDADE INTERNAÇÃO - CLINICA MÉDICA;2021;5;13;3;4,333333333333333
CSSFA;UNIDADE INTERNAÇÃO - CLINICA MÉDICA;2021;6;10;1;10,0
CSSFA;UNIDADE INTERNAÇÃO - CLINICA MÉDICA;2021;7;49;3;16,333333333333332
CSSFA;UNIDADE INTERNAÇÃO - CLINICA MÉDICA;2021;8;37;2;18,5
CSSFA;UNIDADE INTERNAÇÃO - CLINICA MÉDICA;2022;6;21;2;10,5
CSSFA;UNIDADE INTERNAÇÃO - CLINICA MÉDICA;2022;7;63;3;21,0
CSSFA;UNIDADE INTERNAÇÃO - CLINICA MÉDICA;2022;9;187;3;62,333333333333336
CSSFA;UNIDADE INTERNAÇÃO - CLINICA MÉDICA;2023;3;2;1;2,0
CSSFA;UNIDADE INTERNAÇÃO - CLINICA MÉDICA;2023;5;15;2;7,5
CSSFA;UNIDADE INTERNAÇÃO - CLINICA MÉDICA;2023;6;26;4;6,5
CSSFA;UNIDADE INTERNAÇÃO - CLINICA MÉDICA;2023;7;34;4;8,5
CSSFA;UNIDADE INTERNAÇÃO - CLINICA MÉDICA;2023;8;100;4;25,0
CSSFA;UNIDADE INTERNAÇÃO - CLINICA MÉDICA;2023;9;52;6;8,666666666666666
CSSFA;UNIDADE INTERNAÇÃO - CLINICA MÉDICA;2023;10;19;5;3,8
CSSFA;UNIDADE INTERNAÇÃO - CLINICA MÉDICA;2023;11;3;1;3,0
CSSFE;AMBULATORIO - ESPECIALIDADES;2023;10;5;1;5,0
CSSFE;UNIDADE DE CUIDADOS CONTINUADOS INTEGRADOS;2023;5;9;1;9,0
CSSFE;UNIDADE DE CUIDADOS CONTINUADOS INTEGRADOS;2023;6;100;5;20,0
CSSFE;UNIDADE DE CUIDADOS CONTINUADOS INTEGRADOS;2023;7;136;5;27,2
CSSFE;UNIDADE DE CUIDADOS CONTINUADOS INTEGRADOS;2023;8;286;5;57,2
CSSFE;UNIDADE DE CUIDADOS CONTINUADOS INTEGRADOS;2023;9;119;8;14,875
CSSFE;UNIDADE DE CUIDADOS CONTINUADOS INTEGRADOS;2023;10;237;7;33,857142857142854
CSSFE;UNIDADE DE CUIDADOS CONTINUADOS INTEGRADOS;2023;11;170;5;34,0
CSSFE;UNIDADE DE CUIDADOS PROLONGADOS;2023;12;116;4;29,0
CSSFE;UNIDADE DE CUIDADOS PROLONGADOS;2024;1;119;4;29,75
CSSFE;UNIDADE DE CUIDADOS PROLONGADOS;2024;2;91;4;22,75
CSSFE;UNIDADE DE CUIDADOS PROLONGADOS;2024;3;143;12;11,916666666666666
CSSFE;UNIDADE DE CUIDADOS PROLONGADOS;2024;4;133;13;10,23076923076923
CSSFE;UNIDADE DE CUIDADOS PROLONGADOS;2024;5;118;4;29,5
CSSFE;UNIDADE DE CUIDADOS PROLONGADOS;2024;6;252;7;36,0
CSSFE;UNIDADE DE CUIDADOS PROLONGADOS;2024;7;75;2;37,5
CSSFE;UNIDADE DE CUIDADOS PROLONGADOS;2024;8;177;5;35,4
CSSFE;UNIDADE DE CUIDADOS PROLONGADOS;2024;9;162;5;32,4
CSSFE;UNIDADE DE CUIDADOS PROLONGADOS;2024;10;38;1;38,0
CSSFE;UNIDADE DE CUIDADOS PROLONGADOS;2024;11;247;6;41,166666666666664
CSSFE;UNIDADE DE CUIDADOS PROLONGADOS;2024;12;201;6;33,5
CSSFE;UNIDADE DE CUIDADOS PROLONGADOS;2025;1;141;5;28,2
CSSFE;UNIDADE DE CUIDADOS PROLONGADOS;2025;2;124;4;31,0
CSSFE;UNIDADE DE INTERNAÇÃO - CLÍNICA MÉDICA;2023;11;0;1;0,0
CSSFE;UNIDADE DE INTERNAÇÃO - CLÍNICA MÉDICA;2023;12;156;5;31,2
CSSFE;UNIDADE DE INTERNAÇÃO - CLÍNICA MÉDICA;2024;1;369;8;46,125
CSSFE;UNIDADE DE INTERNAÇÃO - CLÍNICA MÉDICA;2024;2;301;11;27,363636363636363
CSSFE;UNIDADE DE INTERNAÇÃO - CLÍNICA MÉDICA;2024;3;182;9;20,22222222222222
CSSFE;UNIDADE DE INTERNAÇÃO - CLÍNICA MÉDICA;2024;4;279;17;16,41176470588235
CSSFE;UNIDADE DE INTERNAÇÃO - CLÍNICA MÉDICA;2024;5;267;14;19,071428571428573
CSSFE;UNIDADE DE INTERNAÇÃO - CLÍNICA MÉDICA;2024;6;204;6;34,0
CSSFE;UNIDADE DE INTERNAÇÃO - CLÍNICA MÉDICA;2024;7;346;16;21,625
CSSFE;UNIDADE DE INTERNAÇÃO - CLÍNICA MÉDICA;2024;8;138;6;23,0
CSSFE;UNIDADE DE INTERNAÇÃO - CLÍNICA MÉDICA;2024;9;366;11;33,27272727272727
CSSFE;UNIDADE DE INTERNAÇÃO - CLÍNICA MÉDICA;2024;10;318;10;31,8
CSSFE;UNIDADE DE INTERNAÇÃO - CLÍNICA MÉDICA;2024;11;152;10;15,2
CSSFE;UNIDADE DE INTERNAÇÃO - CLÍNICA MÉDICA;2024;12;192;6;32,0
CSSFE;UNIDADE DE INTERNAÇÃO - CLÍNICA MÉDICA;2025;1;152;4;38,0
CSSFE;UNIDADE DE INTERNAÇÃO - CLÍNICA MÉDICA;2025;2;178;7;25,428571428571427
CSSFE;UNIDADE INTERNAÇÃO - CLINICA MÉDICA;2019;1;230;12;19,166666666666668
CSSFE;UNIDADE INTERNAÇÃO - CLINICA MÉDICA;2019;2;330;19;17,36842105263158
CSSFE;UNIDADE INTERNAÇÃO - CLINICA MÉDICA;2019;3;269;13;20,692307692307693
CSSFE;UNIDADE INTERNAÇÃO - CLINICA MÉDICA;2019;4;1089;13;83,76923076923077
CSSFE;UNIDADE INTERNAÇÃO - CLINICA MÉDICA;2019;5;273;11;24,818181818181817
CSSFE;UNIDADE INTERNAÇÃO - CLINICA MÉDICA;2019;6;556;18;30,88888888888889
CSSFE;UNIDADE INTERNAÇÃO - CLINICA MÉDICA;2019;7;690;15;46,0
CSSFE;UNIDADE INTERNAÇÃO - CLINICA MÉDICA;2019;8;413;12;34,416666666666664
CSSFE;UNIDADE INTERNAÇÃO - CLINICA MÉDICA;2019;9;438;16;27,375
CSSFE;UNIDADE INTERNAÇÃO - CLINICA MÉDICA;2019;10;673;23;29,26086956521739
CSSFE;UNIDADE INTERNAÇÃO - CLINICA MÉDICA;2019;11;446;16;27,875
CSSFE;UNIDADE INTERNAÇÃO - CLINICA MÉDICA;2019;12;645;21;30,714285714285715
CSSFE;UNIDADE INTERNAÇÃO - CLINICA MÉDICA;2020;1;260;8;32,5
CSSFE;UNIDADE INTERNAÇÃO - CLINICA MÉDICA;2020;2;467;17;27,470588235294116
CSSFE;UNIDADE INTERNAÇÃO - CLINICA MÉDICA;2020;3;492;12;41,0
CSSFE;UNIDADE INTERNAÇÃO - CLINICA MÉDICA;2020;4;387;13;29,76923076923077
CSSFE;UNIDADE INTERNAÇÃO - CLINICA MÉDICA;2020;5;338;10;33,8
CSSFE;UNIDADE INTERNAÇÃO - CLINICA MÉDICA;2020;6;281;9;31,22222222222222
CSSFE;UNIDADE INTERNAÇÃO - CLINICA MÉDICA;2020;7;374;15;24,933333333333334
CSSFE;UNIDADE INTERNAÇÃO - CLINICA MÉDICA;2020;8;350;10;35,0
CSSFE;UNIDADE INTERNAÇÃO - CLINICA MÉDICA;2020;9;184;6;30,666666666666668
CSSFE;UNIDADE INTERNAÇÃO - CLINICA MÉDICA;2020;10;271;10;27,1
CSSFE;UNIDADE INTERNAÇÃO - CLINICA MÉDICA;2020;11;253;16;15,8125
CSSFE;UNIDADE INTERNAÇÃO - CLINICA MÉDICA;2020;12;253;28;9,035714285714286
CSSFE;UNIDADE INTERNAÇÃO - CLINICA MÉDICA;2021;1;347;16;21,6875
CSSFE;UNIDADE INTERNAÇÃO - CLINICA MÉDICA;2021;2;295;33;8,93939393939394
CSSFE;UNIDADE INTERNAÇÃO - CLINICA MÉDICA;2021;3;615;38;16,18421052631579
CSSFE;UNIDADE INTERNAÇÃO - CLINICA MÉDICA;2021;4;349;34;10,264705882352942
CSSFE;UNIDADE INTERNAÇÃO - CLINICA MÉDICA;2021;5;333;40;8,325
CSSFE;UNIDADE INTERNAÇÃO - CLINICA MÉDICA;2021;6;370;45;8,222222222222221
CSSFE;UNIDADE INTERNAÇÃO - CLINICA MÉDICA;2021;7;232;24;9,666666666666666
CSSFE;UNIDADE INTERNAÇÃO - CLINICA MÉDICA;2021;8;412;37;11,135135135135135
CSSFE;UNIDADE INTERNAÇÃO - CLINICA MÉDICA;2021;9;353;49;7,204081632653061
CSSFE;UNIDADE INTERNAÇÃO - CLINICA MÉDICA;2021;10;437;49;8,918367346938776
CSSFE;UNIDADE INTERNAÇÃO - CLINICA MÉDICA;2021;11;293;40;7,325
CSSFE;UNIDADE INTERNAÇÃO - CLINICA MÉDICA;2021;12;221;25;8,84
CSSFE;UNIDADE INTERNAÇÃO - CLINICA MÉDICA;2022;1;330;42;7,857142857142857
CSSFE;UNIDADE INTERNAÇÃO - CLINICA MÉDICA;2022;2;143;17;8,411764705882353
CSSFE;UNIDADE INTERNAÇÃO - CLINICA MÉDICA;2022;3;473;51;9,27450980392157
CSSFE;UNIDADE INTERNAÇÃO - CLINICA MÉDICA;2022;4;391;44;8,886363636363637
CSSFE;UNIDADE INTERNAÇÃO - CLINICA MÉDICA;2022;5;415;43;9,651162790697674
CSSFE;UNIDADE INTERNAÇÃO - CLINICA MÉDICA;2022;6;399;48;8,3125
CSSFE;UNIDADE INTERNAÇÃO - CLINICA MÉDICA;2022;7;414;44;9,409090909090908
CSSFE;UNIDADE INTERNAÇÃO - CLINICA MÉDICA;2022;8;542;61;8,885245901639344
CSSFE;UNIDADE INTERNAÇÃO - CLINICA MÉDICA;2022;9;361;44;8,204545454545455
CSSFE;UNIDADE INTERNAÇÃO - CLINICA MÉDICA;2022;10;389;36;10,805555555555555
CSSFE;UNIDADE INTERNAÇÃO - CLINICA MÉDICA;2022;11;297;27;11,0
CSSFE;UNIDADE INTERNAÇÃO - CLINICA MÉDICA;2022;12;360;27;13,333333333333334
CSSFE;UNIDADE INTERNAÇÃO - CLINICA MÉDICA;2023;1;236;23;10,26086956521739
CSSFE;UNIDADE INTERNAÇÃO - CLINICA MÉDICA;2023;2;546;35;15,6
CSSFE;UNIDADE INTERNAÇÃO - CLINICA MÉDICA;2023;3;255;27;9,444444444444445
CSSFE;UNIDADE INTERNAÇÃO - CLINICA MÉDICA;2023;4;334;20;16,7
CSSFE;UNIDADE INTERNAÇÃO - CLINICA MÉDICA;2023;5;515;25;20,6
CSSFE;UNIDADE INTERNAÇÃO - CLINICA MÉDICA;2023;6;196;7;28,0
CSSFE;UNIDADE INTERNAÇÃO - CLINICA MÉDICA;2023;7;218;9;24,22222222222222
CSSFE;UNIDADE INTERNAÇÃO - CLINICA MÉDICA;2023;8;240;14;17,142857142857142
CSSFE;UNIDADE INTERNAÇÃO - CLINICA MÉDICA;2023;9;240;6;40,0
CSSFE;UNIDADE INTERNAÇÃO - CLINICA MÉDICA;2023;10;265;9;29,444444444444443
CSSFE;UNIDADE INTERNAÇÃO - CLINICA MÉDICA;2023;11;83;3;27,666666666666668
CSSI;AMBULATORIO - ESPECIALIDADES;2021;8;9;1;9,0
CSSI;CENTRO DE TRATAMENTO DE LESÕES;2022;9;12;1;12,0
CSSI;CLINICA MEDICA ALA A;2023;9;7;1;7,0
CSSI;CLINICA MEDICA ALA A;2023;10;139;16;8,6875
CSSI;CLINICA MEDICA ALA A;2023;11;26;7;3,7142857142857144
CSSI;CLINICA MEDICA ALA A;2023;12;230;23;10,0
CSSI;CLINICA MEDICA ALA A;2024;1;179;26;6,884615384615385
CSSI;CLINICA MEDICA ALA A;2024;2;175;32;5,46875
CSSI;CLINICA MEDICA ALA A;2024;3;127;33;3,8484848484848486
CSSI;CLINICA MEDICA ALA A;2024;4;200;24;8,333333333333334
CSSI;CLINICA MEDICA ALA A;2024;5;28;5;5,6
CSSI;CLINICA MEDICA ALA A;2025;6;28;5;5,6
CSSI;CLINICA MEDICA ALA A;2025;7;68;11;6,181818181818182
CSSI;CLINICA MEDICA ALA A;2025;8;242;30;8,066666666666666
CSSI;CLINICA MEDICA ALA A;2025;9;114;20;5,7
CSSI;CLINICA MEDICA ALA A;2025;10;20;5;4,0
CSSI;CLINICA MEDICA ALA A;2025;11;124;9;13,777777777777779
CSSI;CLINICA MEDICA ALA A;2025;12;96;9;10,666666666666666
CSSI;CLINICA MEDICA ALA A;2026;1;87;11;7,909090909090909
CSSI;CLINICA MEDICA ALA A;2026;2;57;10;5,7
CSSI;CLINICA MEDICA ALA A;2026;3;104;15;6,933333333333334
CSSI;CLINICA MEDICA ALA A;2026;4;73;10;7,3
CSSI;CLINICA MEDICA ALA A;2026;5;125;12;10,416666666666666
CSSI;CLINICA MEDICA ALA A;2026;6;62;8;7,75
CSSI;CLÍNICA MÉDICA ALA B;2023;11;39;1;39,0
CSSI;CLÍNICA MÉDICA ALA B;2023;12;5;1;5,0
CSSI;CLÍNICA MÉDICA ALA B;2024;2;10;1;10,0
CSSI;CLÍNICA MÉDICA ALA B;2024;3;4;1;4,0
CSSI;CLÍNICA MÉDICA ALA B;2024;4;7;1;7,0
CSSI;CLÍNICA MÉDICA ALA B;2024;5;15;1;15,0
CSSI;CLÍNICA MÉDICA ALA B;2024;6;6;1;6,0
CSSI;CLÍNICA MÉDICA ALA B;2024;7;6;1;6,0
CSSI;CLÍNICA MÉDICA ALA B;2024;8;7;2;3,5
CSSI;CLÍNICA MÉDICA ALA B;2024;10;18;1;18,0
CSSI;CLÍNICA MÉDICA ALA B;2024;11;7;2;3,5
CSSI;CLÍNICA MÉDICA ALA B;2025;2;29;3;9,666666666666666
CSSI;CLÍNICA MÉDICA ALA B;2025;7;14;1;14,0
CSSI;CLÍNICA MÉDICA ALA B;2025;8;10;2;5,0
CSSI;CLÍNICA MÉDICA ALA B;2025;11;13;1;13,0
CSSI;CLÍNICA MÉDICA ALA B;2025;12;40;3;13,333333333333334
CSSI;CLÍNICA MÉDICA ALA B;2026;1;10;2;5,0
CSSI;CLÍNICA MÉDICA ALA B;2026;2;10;2;5,0
CSSI;CLÍNICA MÉDICA ALA B;2026;3;1;1;1,0
CSSI;CLÍNICA MÉDICA ALA B;2026;4;3;1;3,0
CSSI;CLÍNICA MÉDICA ALA B;2026;5;8;2;4,0
CSSI;CLÍNICA MÉDICA ALA C;2023;9;4;1;4,0
CSSI;CLÍNICA MÉDICA ALA C;2023;10;230;33;6,96969696969697
CSSI;CLÍNICA MÉDICA ALA C;2023;11;227;32;7,09375
CSSI;CLÍNICA MÉDICA ALA C;2023;12;313;43;7,27906976744186
CSSI;CLÍNICA MÉDICA ALA C;2024;1;166;37;4,486486486486487
CSSI;CLÍNICA MÉDICA ALA C;2024;2;198;41;4,829268292682927
CSSI;CLÍNICA MÉDICA ALA C;2024;3;267;44;6,068181818181818
CSSI;CLÍNICA MÉDICA ALA C;2024;4;216;46;4,695652173913044
CSSI;CLÍNICA MÉDICA ALA C;2024;5;315;69;4,565217391304348
CSSI;CLÍNICA MÉDICA ALA C;2024;6;266;56;4,75
CSSI;CLÍNICA MÉDICA ALA C;2024;7;275;42;6,5476190476190474
CSSI;CLÍNICA MÉDICA ALA C;2024;8;364;50;7,28
CSSI;CLÍNICA MÉDICA ALA C;2024;9;177;32;5,53125
CSSI;CLÍNICA MÉDICA ALA C;2024;10;218;42;5,190476190476191
CSSI;CLÍNICA MÉDICA ALA C;2024;11;293;53;5,528301886792453
CSSI;CLÍNICA MÉDICA ALA C;2024;12;290;59;4,915254237288136
CSSI;CLÍNICA MÉDICA ALA C;2025;1;322;44;7,318181818181818
CSSI;CLÍNICA MÉDICA ALA C;2025;2;234;41;5,7073170731707314
CSSI;CLÍNICA MÉDICA ALA C;2025;3;384;54;7,111111111111111
CSSI;CLÍNICA MÉDICA ALA C;2025;4;272;47;5,787234042553192
CSSI;CLÍNICA MÉDICA ALA C;2025;5;208;42;4,9523809523809526
CSSI;CLÍNICA MÉDICA ALA C;2025;6;184;36;5,111111111111111
CSSI;CLÍNICA MÉDICA ALA C;2025;7;184;34;5,411764705882353
CSSI;CLÍNICA MÉDICA ALA C;2025;8;73;15;4,866666666666666
CSSI;CLÍNICA MÉDICA ALA C;2025;9;145;23;6,304347826086956
CSSI;CLÍNICA MÉDICA ALA C;2025;10;212;43;4,930232558139535
CSSI;CLÍNICA MÉDICA ALA C;2025;11;237;32;7,40625
CSSI;CLÍNICA MÉDICA ALA C;2025;12;224;37;6,054054054054054
CSSI;CLÍNICA MÉDICA ALA C;2026;1;202;29;6,9655172413793105
CSSI;CLÍNICA MÉDICA ALA C;2026;2;178;38;4,684210526315789
CSSI;CLÍNICA MÉDICA ALA C;2026;3;254;40;6,35
CSSI;CLÍNICA MÉDICA ALA C;2026;4;221;36;6,138888888888889
CSSI;CLÍNICA MÉDICA ALA C;2026;5;113;28;4,035714285714286
CSSI;CLÍNICA MÉDICA ALA C;2026;6;161;37;4,351351351351352
CSSI;PRONTO ATENDIMENTO;2020;11;60;11;5,454545454545454
CSSI;PRONTO ATENDIMENTO;2020;12;264;43;6,1395348837209305
CSSI;PRONTO ATENDIMENTO;2021;1;197;35;5,628571428571429
CSSI;PRONTO ATENDIMENTO;2021;2;332;53;6,264150943396227
CSSI;PRONTO ATENDIMENTO;2021;3;149;23;6,478260869565218
CSSI;UNIDADE DE CUIDADOS CONTINUADOS INTEGRADOS;2021;6;100;4;25,0
CSSI;UNIDADE DE CUIDADOS CONTINUADOS INTEGRADOS;2021;7;291;10;29,1
CSSI;UNIDADE DE CUIDADOS CONTINUADOS INTEGRADOS;2021;8;150;5;30,0
CSSI;UNIDADE DE CUIDADOS CONTINUADOS INTEGRADOS;2021;9;239;6;39,833333333333336
CSSI;UNIDADE DE CUIDADOS CONTINUADOS INTEGRADOS;2021;10;445;9;49,44444444444444
CSSI;UNIDADE DE CUIDADOS CONTINUADOS INTEGRADOS;2021;11;60;3;20,0
CSSI;UNIDADE DE CUIDADOS CONTINUADOS INTEGRADOS;2021;12;230;11;20,90909090909091
CSSI;UNIDADE DE CUIDADOS CONTINUADOS INTEGRADOS;2022;1;162;6;27,0
CSSI;UNIDADE DE CUIDADOS CONTINUADOS INTEGRADOS;2022;2;151;6;25,166666666666668
CSSI;UNIDADE DE CUIDADOS CONTINUADOS INTEGRADOS;2022;3;216;9;24,0
CSSI;UNIDADE DE CUIDADOS CONTINUADOS INTEGRADOS;2022;4;372;15;24,8
CSSI;UNIDADE DE CUIDADOS CONTINUADOS INTEGRADOS;2022;5;282;10;28,2
CSSI;UNIDADE DE CUIDADOS CONTINUADOS INTEGRADOS;2022;6;299;9;33,22222222222222
CSSI;UNIDADE DE CUIDADOS CONTINUADOS INTEGRADOS;2022;7;443;12;36,916666666666664
CSSI;UNIDADE DE CUIDADOS CONTINUADOS INTEGRADOS;2022;8;245;8;30,625
CSSI;UNIDADE DE CUIDADOS CONTINUADOS INTEGRADOS;2022;9;573;14;40,92857142857143
CSSI;UNIDADE DE CUIDADOS CONTINUADOS INTEGRADOS;2022;10;108;6;18,0
CSSI;UNIDADE DE CUIDADOS CONTINUADOS INTEGRADOS;2022;11;301;7;43,0
CSSI;UNIDADE DE CUIDADOS CONTINUADOS INTEGRADOS;2022;12;468;7;66,85714285714286
CSSI;UNIDADE DE CUIDADOS CONTINUADOS INTEGRADOS;2023;1;329;7;47,0
CSSI;UNIDADE DE CUIDADOS CONTINUADOS INTEGRADOS;2023;2;223;6;37,166666666666664
CSSI;UNIDADE DE CUIDADOS CONTINUADOS INTEGRADOS;2023;3;609;13;46,84615384615385
CSSI;UNIDADE DE CUIDADOS CONTINUADOS INTEGRADOS;2023;4;202;6;33,666666666666664
CSSI;UNIDADE DE CUIDADOS CONTINUADOS INTEGRADOS;2023;5;376;5;75,2
CSSI;UNIDADE DE CUIDADOS CONTINUADOS INTEGRADOS;2023;6;312;5;62,4
CSSI;UNIDADE DE CUIDADOS CONTINUADOS INTEGRADOS;2023;7;449;9;49,888888888888886
CSSI;UNIDADE DE CUIDADOS CONTINUADOS INTEGRADOS;2023;8;790;11;71,81818181818181
CSSI;UNIDADE DE CUIDADOS CONTINUADOS INTEGRADOS;2023;9;381;11;34,63636363636363
CSSI;UNIDADE DE CUIDADOS PROLONGADOS - ALA A;2024;5;79;6;13,166666666666666
CSSI;UNIDADE DE CUIDADOS PROLONGADOS - ALA A;2024;6;126;9;14,0
CSSI;UNIDADE DE CUIDADOS PROLONGADOS - ALA A;2024;7;213;10;21,3
CSSI;UNIDADE DE CUIDADOS PROLONGADOS - ALA A;2024;8;171;11;15,545454545454545
CSSI;UNIDADE DE CUIDADOS PROLONGADOS - ALA A;2024;9;234;14;16,714285714285715
CSSI;UNIDADE DE CUIDADOS PROLONGADOS - ALA A;2024;10;171;7;24,428571428571427
CSSI;UNIDADE DE CUIDADOS PROLONGADOS - ALA A;2024;11;79;7;11,285714285714286
CSSI;UNIDADE DE CUIDADOS PROLONGADOS - ALA A;2024;12;235;7;33,57142857142857
CSSI;UNIDADE DE CUIDADOS PROLONGADOS - ALA A;2025;1;136;8;17,0
CSSI;UNIDADE DE CUIDADOS PROLONGADOS - ALA A;2025;2;59;3;19,666666666666668
CSSI;UNIDADE DE CUIDADOS PROLONGADOS - ALA A;2025;3;102;9;11,333333333333334
CSSI;UNIDADE DE CUIDADOS PROLONGADOS - ALA A;2025;4;128;7;18,285714285714285
CSSI;UNIDADE DE CUIDADOS PROLONGADOS - ALA A;2025;6;181;8;22,625
CSSI;UNIDADE DE CUIDADOS PROLONGADOS - ALA A;2025;7;167;6;27,833333333333332
CSSI;UNIDADE DE CUIDADOS PROLONGADOS - ALA A;2025;8;11;1;11,0
CSSI;UNIDADE DE CUIDADOS PROLONGADOS - ALA A;2025;9;33;3;11,0
CSSI;UNIDADE DE CUIDADOS PROLONGADOS - ALA A;2025;10;106;6;17,666666666666668
CSSI;UNIDADE DE CUIDADOS PROLONGADOS - ALA A;2025;11;206;9;22,88888888888889
CSSI;UNIDADE DE CUIDADOS PROLONGADOS - ALA A;2025;12;20;1;20,0
CSSI;UNIDADE DE CUIDADOS PROLONGADOS - ALA A;2026;1;188;5;37,6
CSSI;UNIDADE DE CUIDADOS PROLONGADOS - ALA A;2026;2;23;2;11,5
CSSI;UNIDADE DE CUIDADOS PROLONGADOS - ALA A;2026;3;150;7;21,428571428571427
CSSI;UNIDADE DE CUIDADOS PROLONGADOS - ALA A;2026;4;121;5;24,2
CSSI;UNIDADE DE CUIDADOS PROLONGADOS - ALA A;2026;5;290;3;96,66666666666667
CSSI;UNIDADE DE CUIDADOS PROLONGADOS - ALA A;2026;6;245;8;30,625
CSSI;UNIDADE DE CUIDADOS PROLONGADOS - ALA B;2023;9;42;3;14,0
CSSI;UNIDADE DE CUIDADOS PROLONGADOS - ALA B;2023;10;173;9;19,22222222222222
CSSI;UNIDADE DE CUIDADOS PROLONGADOS - ALA B;2023;11;215;9;23,88888888888889
CSSI;UNIDADE DE CUIDADOS PROLONGADOS - ALA B;2023;12;36;3;12,0
CSSI;UNIDADE DE CUIDADOS PROLONGADOS - ALA B;2024;1;54;3;18,0
CSSI;UNIDADE DE CUIDADOS PROLONGADOS - ALA B;2024;2;178;13;13,692307692307692
CSSI;UNIDADE DE CUIDADOS PROLONGADOS - ALA B;2024;3;302;6;50,333333333333336
CSSI;UNIDADE DE CUIDADOS PROLONGADOS - ALA B;2024;4;114;5;22,8
CSSI;UNIDADE DE CUIDADOS PROLONGADOS - ALA B;2024;5;215;5;43,0
CSSI;UNIDADE DE CUIDADOS PROLONGADOS - ALA B;2024;6;196;3;65,33333333333333
CSSI;UNIDADE DE CUIDADOS PROLONGADOS - ALA B;2024;7;153;7;21,857142857142858
CSSI;UNIDADE DE CUIDADOS PROLONGADOS - ALA B;2024;8;283;9;31,444444444444443
CSSI;UNIDADE DE CUIDADOS PROLONGADOS - ALA B;2024;9;164;10;16,4
CSSI;UNIDADE DE CUIDADOS PROLONGADOS - ALA B;2024;10;438;10;43,8
CSSI;UNIDADE DE CUIDADOS PROLONGADOS - ALA B;2024;11;163;9;18,11111111111111
CSSI;UNIDADE DE CUIDADOS PROLONGADOS - ALA B;2024;12;212;10;21,2
CSSI;UNIDADE DE CUIDADOS PROLONGADOS - ALA B;2025;1;119;4;29,75
CSSI;UNIDADE DE CUIDADOS PROLONGADOS - ALA B;2025;2;91;5;18,2
CSSI;UNIDADE DE CUIDADOS PROLONGADOS - ALA B;2025;3;16;1;16,0
CSSI;UNIDADE DE CUIDADOS PROLONGADOS - ALA B;2025;4;313;6;52,166666666666664
CSSI;UNIDADE DE CUIDADOS PROLONGADOS - ALA B;2025;5;106;8;13,25
CSSI;UNIDADE DE CUIDADOS PROLONGADOS - ALA B;2025;6;183;6;30,5
CSSI;UNIDADE DE CUIDADOS PROLONGADOS - ALA B;2025;7;217;6;36,166666666666664
CSSI;UNIDADE DE CUIDADOS PROLONGADOS - ALA B;2025;8;248;9;27,555555555555557
CSSI;UNIDADE DE CUIDADOS PROLONGADOS - ALA B;2025;9;262;9;29,11111111111111
CSSI;UNIDADE DE CUIDADOS PROLONGADOS - ALA B;2025;10;113;5;22,6
CSSI;UNIDADE DE CUIDADOS PROLONGADOS - ALA B;2025;11;91;4;22,75
CSSI;UNIDADE DE CUIDADOS PROLONGADOS - ALA B;2025;12;208;8;26,0
CSSI;UNIDADE DE CUIDADOS PROLONGADOS - ALA B;2026;1;100;4;25,0
CSSI;UNIDADE DE CUIDADOS PROLONGADOS - ALA B;2026;2;121;5;24,2
CSSI;UNIDADE DE CUIDADOS PROLONGADOS - ALA B;2026;3;266;3;88,66666666666667
CSSI;UNIDADE DE CUIDADOS PROLONGADOS - ALA B;2026;4;284;6;47,333333333333336
CSSI;UNIDADE DE CUIDADOS PROLONGADOS - ALA B;2026;5;215;8;26,875
CSSI;UNIDADE DE CUIDADOS PROLONGADOS - ALA B;2026;6;145;6;24,166666666666668
CSSI;UNIDADE INTERNAÇÃO - CLINICA MÉDICA ALA A;2020;11;6;2;3,0
CSSI;UNIDADE INTERNAÇÃO - CLINICA MÉDICA ALA A;2020;12;81;24;3,375
CSSI;UNIDADE INTERNAÇÃO - CLINICA MÉDICA ALA A;2021;1;100;18;5,555555555555555
CSSI;UNIDADE INTERNAÇÃO - CLINICA MÉDICA ALA A;2021;2;10;2;5,0
CSSI;UNIDADE INTERNAÇÃO - CLINICA MÉDICA ALA A;2021;3;81;19;4,2631578947368425
CSSI;UNIDADE INTERNAÇÃO - CLINICA MÉDICA ALA A;2021;4;103;18;5,722222222222222
CSSI;UNIDADE INTERNAÇÃO - CLINICA MÉDICA ALA A;2021;5;59;4;14,75
CSSI;UNIDADE INTERNAÇÃO - CLINICA MÉDICA ALA A;2021;6;53;2;26,5
CSSI;UNIDADE INTERNAÇÃO - CLINICA MÉDICA ALA A;2021;7;17;1;17,0
CSSI;UNIDADE INTERNAÇÃO - CLINICA MÉDICA ALA A;2021;8;24;2;12,0
CSSI;UNIDADE INTERNAÇÃO - CLINICA MÉDICA ALA A;2021;9;134;4;33,5
CSSI;UNIDADE INTERNAÇÃO - CLINICA MÉDICA ALA A;2021;10;15;1;15,0
CSSI;UNIDADE INTERNAÇÃO - CLINICA MÉDICA ALA A;2021;11;30;5;6,0
CSSI;UNIDADE INTERNAÇÃO - CLINICA MÉDICA ALA A;2021;12;192;6;32,0
CSSI;UNIDADE INTERNAÇÃO - CLINICA MÉDICA ALA A;2022;1;117;6;19,5
CSSI;UNIDADE INTERNAÇÃO - CLINICA MÉDICA ALA A;2022;2;189;15;12,6
CSSI;UNIDADE INTERNAÇÃO - CLINICA MÉDICA ALA A;2022;3;158;21;7,523809523809524
CSSI;UNIDADE INTERNAÇÃO - CLINICA MÉDICA ALA A;2022;4;187;22;8,5
CSSI;UNIDADE INTERNAÇÃO - CLINICA MÉDICA ALA A;2022;5;164;24;6,833333333333333
CSSI;UNIDADE INTERNAÇÃO - CLINICA MÉDICA ALA A;2022;6;160;21;7,619047619047619
CSSI;UNIDADE INTERNAÇÃO - CLINICA MÉDICA ALA A;2022;7;141;17;8,294117647058824
CSSI;UNIDADE INTERNAÇÃO - CLINICA MÉDICA ALA A;2022;8;190;28;6,785714285714286
CSSI;UNIDADE INTERNAÇÃO - CLINICA MÉDICA ALA A;2022;9;141;24;5,875
CSSI;UNIDADE INTERNAÇÃO - CLINICA MÉDICA ALA A;2022;10;146;21;6,9523809523809526
CSSI;UNIDADE INTERNAÇÃO - CLINICA MÉDICA ALA A;2022;11;96;18;5,333333333333333
CSSI;UNIDADE INTERNAÇÃO - CLINICA MÉDICA ALA A;2022;12;18;3;6,0
CSSI;UNIDADE INTERNAÇÃO - CLINICA MÉDICA ALA A;2023;1;107;18;5,944444444444445
CSSI;UNIDADE INTERNAÇÃO - CLINICA MÉDICA ALA A;2023;2;136;19;7,157894736842105
CSSI;UNIDADE INTERNAÇÃO - CLINICA MÉDICA ALA A;2023;3;115;14;8,214285714285714
CSSI;UNIDADE INTERNAÇÃO - CLINICA MÉDICA ALA A;2023;4;157;23;6,826086956521739
CSSI;UNIDADE INTERNAÇÃO - CLINICA MÉDICA ALA A;2023;5;194;19;10,210526315789474
CSSI;UNIDADE INTERNAÇÃO - CLINICA MÉDICA ALA A;2023;6;103;21;4,904761904761905
CSSI;UNIDADE INTERNAÇÃO - CLINICA MÉDICA ALA A;2023;7;256;22;11,636363636363637
CSSI;UNIDADE INTERNAÇÃO - CLINICA MÉDICA ALA A;2023;8;121;20;6,05
CSSI;UNIDADE INTERNAÇÃO - CLINICA MÉDICA ALA A;2023;9;123;16;7,6875
CSSI;UNIDADE INTERNAÇÃO - CLINICA MÉDICA ALA B;2020;11;33;6;5,5
CSSI;UNIDADE INTERNAÇÃO - CLINICA MÉDICA ALA B;2020;12;94;19;4,947368421052632
CSSI;UNIDADE INTERNAÇÃO - CLINICA MÉDICA ALA B;2021;1;83;16;5,1875
CSSI;UNIDADE INTERNAÇÃO - CLINICA MÉDICA ALA B;2021;2;94;27;3,4814814814814814
CSSI;UNIDADE INTERNAÇÃO - CLINICA MÉDICA ALA B;2021;3;120;30;4,0
CSSI;UNIDADE INTERNAÇÃO - CLINICA MÉDICA ALA B;2021;4;110;22;5,0
CSSI;UNIDADE INTERNAÇÃO - CLINICA MÉDICA ALA B;2021;5;53;17;3,1176470588235294
CSSI;UNIDADE INTERNAÇÃO - CLINICA MÉDICA ALA B;2021;6;67;22;3,0454545454545454
CSSI;UNIDADE INTERNAÇÃO - CLINICA MÉDICA ALA B;2021;7;94;27;3,4814814814814814
CSSI;UNIDADE INTERNAÇÃO - CLINICA MÉDICA ALA B;2021;8;108;18;6,0
CSSI;UNIDADE INTERNAÇÃO - CLINICA MÉDICA ALA B;2021;9;138;20;6,9
CSSI;UNIDADE INTERNAÇÃO - CLINICA MÉDICA ALA B;2021;10;262;29;9,03448275862069
CSSI;UNIDADE INTERNAÇÃO - CLINICA MÉDICA ALA B;2021;11;257;29;8,862068965517242
CSSI;UNIDADE INTERNAÇÃO - CLINICA MÉDICA ALA B;2021;12;169;27;6,2592592592592595
CSSI;UNIDADE INTERNAÇÃO - CLINICA MÉDICA ALA B;2022;1;155;30;5,166666666666667
CSSI;UNIDADE INTERNAÇÃO - CLINICA MÉDICA ALA B;2022;2;112;20;5,6
CSSI;UNIDADE INTERNAÇÃO - CLINICA MÉDICA ALA B;2022;3;56;11;5,090909090909091
CSSI;UNIDADE INTERNAÇÃO - CLINICA MÉDICA ALA B;2022;4;168;21;8,0
CSSI;UNIDADE INTERNAÇÃO - CLINICA MÉDICA ALA B;2022;5;130;15;8,666666666666666
CSSI;UNIDADE INTERNAÇÃO - CLINICA MÉDICA ALA B;2022;6;254;24;10,583333333333334
CSSI;UNIDADE INTERNAÇÃO - CLINICA MÉDICA ALA B;2022;7;139;20;6,95
CSSI;UNIDADE INTERNAÇÃO - CLINICA MÉDICA ALA B;2022;8;132;12;11,0
CSSI;UNIDADE INTERNAÇÃO - CLINICA MÉDICA ALA B;2022;9;155;17;9,117647058823529
CSSI;UNIDADE INTERNAÇÃO - CLINICA MÉDICA ALA B;2022;10;170;21;8,095238095238095
CSSI;UNIDADE INTERNAÇÃO - CLINICA MÉDICA ALA B;2022;11;190;22;8,636363636363637
CSSI;UNIDADE INTERNAÇÃO - CLINICA MÉDICA ALA B;2022;12;119;19;6,2631578947368425
CSSI;UNIDADE INTERNAÇÃO - CLINICA MÉDICA ALA B;2023;1;216;16;13,5
CSSI;UNIDADE INTERNAÇÃO - CLINICA MÉDICA ALA B;2023;2;145;15;9,666666666666666
CSSI;UNIDADE INTERNAÇÃO - CLINICA MÉDICA ALA B;2023;3;131;15;8,733333333333333
CSSI;UNIDADE INTERNAÇÃO - CLINICA MÉDICA ALA B;2023;4;99;15;6,6
CSSI;UNIDADE INTERNAÇÃO - CLINICA MÉDICA ALA B;2023;5;172;14;12,285714285714286
CSSI;UNIDADE INTERNAÇÃO - CLINICA MÉDICA ALA B;2023;6;99;15;6,6
CSSI;UNIDADE INTERNAÇÃO - CLINICA MÉDICA ALA B;2023;7;123;21;5,857142857142857
CSSI;UNIDADE INTERNAÇÃO - CLINICA MÉDICA ALA B;2023;8;147;21;7,0
CSSI;UNIDADE INTERNAÇÃO - CLINICA MÉDICA ALA B;2023;9;91;8;11,375
CSSI;UNIDADE INTERNAÇÃO - CLÍNICA MÉDICA FEMININA;2019;1;195;37;5,27027027027027
CSSI;UNIDADE INTERNAÇÃO - CLÍNICA MÉDICA FEMININA;2019;2;201;28;7,178571428571429
CSSI;UNIDADE INTERNAÇÃO - CLÍNICA MÉDICA FEMININA;2019;3;229;33;6,9393939393939394
CSSI;UNIDADE INTERNAÇÃO - CLÍNICA MÉDICA FEMININA;2019;4;208;24;8,666666666666666
CSSI;UNIDADE INTERNAÇÃO - CLÍNICA MÉDICA FEMININA;2019;5;234;27;8,666666666666666
CSSI;UNIDADE INTERNAÇÃO - CLÍNICA MÉDICA FEMININA;2019;6;247;33;7,484848484848484
CSSI;UNIDADE INTERNAÇÃO - CLÍNICA MÉDICA FEMININA;2019;7;181;25;7,24
CSSI;UNIDADE INTERNAÇÃO - CLÍNICA MÉDICA FEMININA;2019;8;200;21;9,523809523809524
CSSI;UNIDADE INTERNAÇÃO - CLÍNICA MÉDICA FEMININA;2019;9;150;21;7,142857142857143
CSSI;UNIDADE INTERNAÇÃO - CLÍNICA MÉDICA FEMININA;2019;10;211;25;8,44
CSSI;UNIDADE INTERNAÇÃO - CLÍNICA MÉDICA FEMININA;2019;11;122;19;6,421052631578948
CSSI;UNIDADE INTERNAÇÃO - CLÍNICA MÉDICA FEMININA;2019;12;206;23;8,956521739130435
CSSI;UNIDADE INTERNAÇÃO - CLÍNICA MÉDICA FEMININA;2020;1;165;24;6,875
CSSI;UNIDADE INTERNAÇÃO - CLÍNICA MÉDICA FEMININA;2020;2;162;18;9,0
CSSI;UNIDADE INTERNAÇÃO - CLÍNICA MÉDICA FEMININA;2020;3;231;20;11,55
CSSI;UNIDADE INTERNAÇÃO - CLÍNICA MÉDICA FEMININA;2020;4;101;18;5,611111111111111
CSSI;UNIDADE INTERNAÇÃO - CLÍNICA MÉDICA FEMININA;2020;5;178;13;13,692307692307692
CSSI;UNIDADE INTERNAÇÃO - CLÍNICA MÉDICA FEMININA;2020;6;136;19;7,157894736842105
CSSI;UNIDADE INTERNAÇÃO - CLÍNICA MÉDICA FEMININA;2020;7;121;18;6,722222222222222
CSSI;UNIDADE INTERNAÇÃO - CLÍNICA MÉDICA FEMININA;2020;8;120;20;6,0
CSSI;UNIDADE INTERNAÇÃO - CLÍNICA MÉDICA FEMININA;2020;9;53;5;10,6
CSSI;UNIDADE INTERNAÇÃO - CLÍNICA MÉDICA FEMININA;2020;10;90;14;6,428571428571429
CSSI;UNIDADE INTERNAÇÃO - CLÍNICA MÉDICA FEMININA;2020;11;27;10;2,7
CSSI;UNIDADE INTERNAÇÃO - CLÍNICA MÉDICA FEMININA;2022;2;2;1;2,0
CSSI;UNIDADE INTERNAÇÃO - CLINICA MÉDICA MASCULINA;2019;1;252;32;7,875
CSSI;UNIDADE INTERNAÇÃO - CLINICA MÉDICA MASCULINA;2019;2;159;20;7,95
CSSI;UNIDADE INTERNAÇÃO - CLINICA MÉDICA MASCULINA;2019;3;219;29;7,551724137931035
CSSI;UNIDADE INTERNAÇÃO - CLINICA MÉDICA MASCULINA;2019;4;212;25;8,48
CSSI;UNIDADE INTERNAÇÃO - CLINICA MÉDICA MASCULINA;2019;5;210;34;6,176470588235294
CSSI;UNIDADE INTERNAÇÃO - CLINICA MÉDICA MASCULINA;2019;6;152;26;5,846153846153846
CSSI;UNIDADE INTERNAÇÃO - CLINICA MÉDICA MASCULINA;2019;7;158;23;6,869565217391305
CSSI;UNIDADE INTERNAÇÃO - CLINICA MÉDICA MASCULINA;2019;8;243;24;10,125
CSSI;UNIDADE INTERNAÇÃO - CLINICA MÉDICA MASCULINA;2019;9;166;24;6,916666666666667
CSSI;UNIDADE INTERNAÇÃO - CLINICA MÉDICA MASCULINA;2019;10;159;22;7,2272727272727275
CSSI;UNIDADE INTERNAÇÃO - CLINICA MÉDICA MASCULINA;2019;11;78;10;7,8
CSSI;UNIDADE INTERNAÇÃO - CLINICA MÉDICA MASCULINA;2019;12;188;19;9,894736842105264
CSSI;UNIDADE INTERNAÇÃO - CLINICA MÉDICA MASCULINA;2020;1;228;15;15,2
CSSI;UNIDADE INTERNAÇÃO - CLINICA MÉDICA MASCULINA;2020;2;234;25;9,36
CSSI;UNIDADE INTERNAÇÃO - CLINICA MÉDICA MASCULINA;2020;3;118;16;7,375
CSSI;UNIDADE INTERNAÇÃO - CLINICA MÉDICA MASCULINA;2020;4;15;4;3,75
CSSI;UNIDADE INTERNAÇÃO - CLINICA MÉDICA MASCULINA;2020;5;19;5;3,8
CSSI;UNIDADE INTERNAÇÃO - CLINICA MÉDICA MASCULINA;2020;6;12;11;1,0909090909090908
CSSI;UNIDADE INTERNAÇÃO - CLINICA MÉDICA MASCULINA;2020;7;75;16;4,6875
CSSI;UNIDADE INTERNAÇÃO - CLINICA MÉDICA MASCULINA;2020;8;30;14;2,142857142857143
CSSI;UNIDADE INTERNAÇÃO - CLINICA MÉDICA MASCULINA;2020;9;64;16;4,0
CSSI;UNIDADE INTERNAÇÃO - CLINICA MÉDICA MASCULINA;2020;10;54;11;4,909090909090909
CSSI;UNIDADE INTERNAÇÃO - CLINICA MÉDICA MASCULINA;2020;11;5;5;1,0
CSSI;UNIDADE URGENCIA/EMERGENCIA;2019;1;155;44;3,522727272727273
CSSI;UNIDADE URGENCIA/EMERGENCIA;2019;2;143;36;3,9722222222222223
CSSI;UNIDADE URGENCIA/EMERGENCIA;2019;3;120;30;4,0
CSSI;UNIDADE URGENCIA/EMERGENCIA;2019;4;216;42;5,142857142857143
CSSI;UNIDADE URGENCIA/EMERGENCIA;2019;5;243;53;4,584905660377358
CSSI;UNIDADE URGENCIA/EMERGENCIA;2019;6;178;34;5,235294117647059
CSSI;UNIDADE URGENCIA/EMERGENCIA;2019;7;143;32;4,46875
CSSI;UNIDADE URGENCIA/EMERGENCIA;2019;8;165;34;4,852941176470588
CSSI;UNIDADE URGENCIA/EMERGENCIA;2019;9;98;26;3,769230769230769
CSSI;UNIDADE URGENCIA/EMERGENCIA;2019;10;156;35;4,457142857142857
CSSI;UNIDADE URGENCIA/EMERGENCIA;2019;11;131;27;4,851851851851852
CSSI;UNIDADE URGENCIA/EMERGENCIA;2019;12;159;30;5,3
CSSI;UNIDADE URGENCIA/EMERGENCIA;2020;1;211;40;5,275
CSSI;UNIDADE URGENCIA/EMERGENCIA;2020;2;179;44;4,068181818181818
CSSI;UNIDADE URGENCIA/EMERGENCIA;2020;3;219;36;6,083333333333333
CSSI;UNIDADE URGENCIA/EMERGENCIA;2020;4;218;36;6,055555555555555
CSSI;UNIDADE URGENCIA/EMERGENCIA;2020;5;237;34;6,970588235294118
CSSI;UNIDADE URGENCIA/EMERGENCIA;2020;6;167;30;5,566666666666666
CSSI;UNIDADE URGENCIA/EMERGENCIA;2020;7;194;28;6,928571428571429
CSSI;UNIDADE URGENCIA/EMERGENCIA;2020;8;117;29;4,0344827586206895
CSSI;UNIDADE URGENCIA/EMERGENCIA;2020;9;201;48;4,1875
CSSI;UNIDADE URGENCIA/EMERGENCIA;2020;10;358;53;6,754716981132075
CSSI;UNIDADE URGENCIA/EMERGENCIA;2020;11;230;45;5,111111111111111
CSSI;UNIDADE URGENCIA/EMERGENCIA;2021;3;180;41;4,390243902439025
CSSI;UNIDADE URGENCIA/EMERGENCIA;2021;4;310;46;6,739130434782608
CSSI;UNIDADE URGENCIA/EMERGENCIA;2021;5;223;44;5,068181818181818
CSSI;UNIDADE URGENCIA/EMERGENCIA;2021;6;252;47;5,361702127659575
CSSI;UNIDADE URGENCIA/EMERGENCIA;2021;7;252;51;4,9411764705882355
CSSI;UNIDADE URGENCIA/EMERGENCIA;2021;8;244;47;5,191489361702128
CSSI;UNIDADE URGENCIA/EMERGENCIA;2021;9;180;44;4,090909090909091
CSSI;UNIDADE URGENCIA/EMERGENCIA;2021;10;201;37;5,4324324324324325
CSSI;UNIDADE URGENCIA/EMERGENCIA;2021;11;181;34;5,323529411764706
CSSI;UNIDADE URGENCIA/EMERGENCIA;2021;12;184;45;4,088888888888889
CSSI;UNIDADE URGENCIA/EMERGENCIA;2022;1;121;33;3,6666666666666665
CSSI;UNIDADE URGENCIA/EMERGENCIA;2022;2;207;43;4,813953488372093
CSSI;UNIDADE URGENCIA/EMERGENCIA;2022;3;122;28;4,357142857142857
CSSI;UNIDADE URGENCIA/EMERGENCIA;2022;4;181;37;4,891891891891892
CSSI;UNIDADE URGENCIA/EMERGENCIA;2022;5;185;23;8,043478260869565
CSSI;UNIDADE URGENCIA/EMERGENCIA;2022;6;116;19;6,105263157894737
CSSI;UNIDADE URGENCIA/EMERGENCIA;2022;7;151;26;5,8076923076923075
CSSI;UNIDADE URGENCIA/EMERGENCIA;2022;8;130;27;4,814814814814815
CSSI;UNIDADE URGENCIA/EMERGENCIA;2022;9;113;29;3,896551724137931
CSSI;UNIDADE URGENCIA/EMERGENCIA;2022;10;101;25;4,04
CSSI;UNIDADE URGENCIA/EMERGENCIA;2022;11;140;25;5,6
CSSI;UNIDADE URGENCIA/EMERGENCIA;2022;12;178;32;5,5625
CSSI;UNIDADE URGENCIA/EMERGENCIA;2023;1;220;26;8,461538461538462
CSSI;UNIDADE URGENCIA/EMERGENCIA;2023;2;137;22;6,2272727272727275
CSSI;UNIDADE URGENCIA/EMERGENCIA;2023;3;214;31;6,903225806451613
CSSI;UNIDADE URGENCIA/EMERGENCIA;2023;4;166;30;5,533333333333333
CSSI;UNIDADE URGENCIA/EMERGENCIA;2023;5;133;30;4,433333333333334
CSSI;UNIDADE URGENCIA/EMERGENCIA;2023;6;128;38;3,3684210526315788
CSSI;UNIDADE URGENCIA/EMERGENCIA;2023;7;230;24;9,583333333333334
CSSI;UNIDADE URGENCIA/EMERGENCIA;2023;8;172;28;6,142857142857143
CSSI;UNIDADE URGENCIA/EMERGENCIA;2023;9;212;25;8,48
CSSI;UNIDADE URGÊNCIA/EMERGÊNCIA - OBSERVAÇÃO;2023;9;10;1;10,0
CSSI;UNIDADE URGÊNCIA/EMERGÊNCIA - OBSERVAÇÃO;2023;10;2;1;2,0
CSSI;UNIDADE URGÊNCIA/EMERGÊNCIA - OBSERVAÇÃO;2023;11;6;1;6,0
CSSI;UNIDADE URGÊNCIA/EMERGÊNCIA - OBSERVAÇÃO;2023;12;32;2;16,0
CSSI;UNIDADE URGÊNCIA/EMERGÊNCIA - OBSERVAÇÃO;2024;1;0;1;0,0
CSSI;UNIDADE URGÊNCIA/EMERGÊNCIA - OBSERVAÇÃO;2024;2;20;3;6,666666666666667
CSSI;UNIDADE URGÊNCIA/EMERGÊNCIA - OBSERVAÇÃO;2024;3;6;2;3,0
CSSI;UNIDADE URGÊNCIA/EMERGÊNCIA - OBSERVAÇÃO;2024;4;7;2;3,5
CSSI;UNIDADE URGÊNCIA/EMERGÊNCIA - OBSERVAÇÃO;2024;5;9;3;3,0
CSSI;UNIDADE URGÊNCIA/EMERGÊNCIA - OBSERVAÇÃO;2024;6;11;1;11,0
CSSI;UNIDADE URGÊNCIA/EMERGÊNCIA - OBSERVAÇÃO;2024;11;0;1;0,0
CSSI;UNIDADE URGÊNCIA/EMERGÊNCIA - OBSERVAÇÃO;2024;12;1;1;1,0
CSSI;UNIDADE URGÊNCIA/EMERGÊNCIA - OBSERVAÇÃO;2025;1;19;3;6,333333333333333
CSSI;UNIDADE URGÊNCIA/EMERGÊNCIA - OBSERVAÇÃO;2025;2;60;6;10,0
CSSI;UNIDADE URGÊNCIA/EMERGÊNCIA - OBSERVAÇÃO;2025;3;69;9;7,666666666666667
CSSI;UNIDADE URGÊNCIA/EMERGÊNCIA - OBSERVAÇÃO;2025;4;13;3;4,333333333333333
CSSI;UNIDADE URGÊNCIA/EMERGÊNCIA - OBSERVAÇÃO;2025;6;15;3;5,0
CSSI;UNIDADE URGÊNCIA/EMERGÊNCIA - OBSERVAÇÃO;2025;7;20;2;10,0
CSSI;UNIDADE URGÊNCIA/EMERGÊNCIA - OBSERVAÇÃO;2025;8;4;3;1,3333333333333333
CSSI;UNIDADE URGÊNCIA/EMERGÊNCIA - OBSERVAÇÃO;2025;9;16;3;5,333333333333333
CSSI;UNIDADE URGÊNCIA/EMERGÊNCIA - OBSERVAÇÃO;2025;10;16;3;5,333333333333333
CSSI;UNIDADE URGÊNCIA/EMERGÊNCIA - OBSERVAÇÃO;2025;11;191;2;95,5
CSSI;UNIDADE URGÊNCIA/EMERGÊNCIA - OBSERVAÇÃO;2025;12;3;1;3,0
CSSI;UNIDADE URGÊNCIA/EMERGÊNCIA - OBSERVAÇÃO;2026;1;33;5;6,6
CSSI;UNIDADE URGÊNCIA/EMERGÊNCIA - OBSERVAÇÃO;2026;2;34;6;5,666666666666667
CSSI;UNIDADE URGÊNCIA/EMERGÊNCIA - OBSERVAÇÃO;2026;3;49;6;8,166666666666666
CSSI;UNIDADE URGÊNCIA/EMERGÊNCIA - OBSERVAÇÃO;2026;4;52;7;7,428571428571429
CSSI;UNIDADE URGÊNCIA/EMERGÊNCIA - OBSERVAÇÃO;2026;5;51;5;10,2
CSSI;UNIDADE URGÊNCIA/EMERGÊNCIA - OBSERVAÇÃO;2026;6;17;4;4,25
CSSI;UNIDADES DE CUIDADOS PROLONGADOS - UCP;2023;9;64;1;64,0
CSSI;UNIDADES DE CUIDADOS PROLONGADOS - UCP;2023;10;371;11;33,72727272727273
CSSI;UNIDADES DE CUIDADOS PROLONGADOS - UCP;2023;11;829;12;69,08333333333333
CSSI;UNIDADES DE CUIDADOS PROLONGADOS - UCP;2023;12;671;14;47,92857142857143
CSSI;UNIDADES DE CUIDADOS PROLONGADOS - UCP;2024;1;261;7;37,285714285714285
CSSI;UNIDADES DE CUIDADOS PROLONGADOS - UCP;2024;2;862;13;66,3076923076923
CSSI;UNIDADES DE CUIDADOS PROLONGADOS - UCP;2024;3;744;15;49,6
CSSI;UNIDADES DE CUIDADOS PROLONGADOS - UCP;2024;4;619;14;44,214285714285715
CSSI;UNIDADES DE CUIDADOS PROLONGADOS - UCP;2024;5;700;18;38,888888888888886
CSSI;UNIDADES DE CUIDADOS PROLONGADOS - UCP;2024;6;519;16;32,4375
CSSI;UNIDADES DE CUIDADOS PROLONGADOS - UCP;2024;7;452;18;25,11111111111111
CSSI;UNIDADES DE CUIDADOS PROLONGADOS - UCP;2024;8;535;16;33,4375
CSSI;UNIDADES DE CUIDADOS PROLONGADOS - UCP;2024;9;721;18;40,05555555555556
CSSI;UNIDADES DE CUIDADOS PROLONGADOS - UCP;2024;10;533;13;41,0
CSSI;UNIDADES DE CUIDADOS PROLONGADOS - UCP;2024;11;256;6;42,666666666666664
CSSI;UNIDADES DE CUIDADOS PROLONGADOS - UCP;2024;12;629;10;62,9
CSSI;UNIDADES DE CUIDADOS PROLONGADOS - UCP;2025;1;806;11;73,27272727272727
CSSI;UNIDADES DE CUIDADOS PROLONGADOS - UCP;2025;2;480;10;48,0
CSSI;UNIDADES DE CUIDADOS PROLONGADOS - UCP;2025;3;560;9;62,22222222222222
CSSI;UNIDADES DE CUIDADOS PROLONGADOS - UCP;2025;4;589;7;84,14285714285714
CSSI;UNIDADES DE CUIDADOS PROLONGADOS - UCP;2025;5;768;11;69,81818181818181
CSSI;UNIDADES DE CUIDADOS PROLONGADOS - UCP;2025;6;336;10;33,6
CSSI;UNIDADES DE CUIDADOS PROLONGADOS - UCP;2025;7;961;8;120,125
CSSI;UNIDADES DE CUIDADOS PROLONGADOS - UCP;2025;8;550;10;55,0
CSSI;UNIDADES DE CUIDADOS PROLONGADOS - UCP;2025;9;1012;9;112,44444444444444
CSSI;UNIDADES DE CUIDADOS PROLONGADOS - UCP;2025;10;530;9;58,888888888888886
CSSI;UNIDADES DE CUIDADOS PROLONGADOS - UCP;2025;11;238;7;34,0
CSSI;UNIDADES DE CUIDADOS PROLONGADOS - UCP;2025;12;162;4;40,5
CSSI;UNIDADES DE CUIDADOS PROLONGADOS - UCP;2026;1;304;7;43,42857142857143
CSSI;UNIDADES DE CUIDADOS PROLONGADOS - UCP;2026;2;480;6;80,0
CSSI;UNIDADES DE CUIDADOS PROLONGADOS - UCP;2026;3;393;7;56,142857142857146
CSSI;UNIDADES DE CUIDADOS PROLONGADOS - UCP;2026;4;1016;8;127,0
CSSI;UNIDADES DE CUIDADOS PROLONGADOS - UCP;2026;5;964;7;137,71428571428572
CSSI;UNIDADES DE CUIDADOS PROLONGADOS - UCP;2026;6;380;9;42,22222222222222
HAC;AMBULATORIO - ESPECIALIDADES;2019;4;11;2;5,5
HAC;AMBULATORIO - ESPECIALIDADES;2019;5;9;2;4,5
HAC;AMBULATORIO - ESPECIALIDADES;2019;6;42;6;7,0
HAC;AMBULATORIO - ESPECIALIDADES;2019;7;7;1;7,0
HAC;AMBULATORIO - ESPECIALIDADES;2019;8;9;1;9,0
HAC;AMBULATORIO - ESPECIALIDADES;2019;9;1;1;1,0
HAC;AMBULATORIO - ESPECIALIDADES;2019;10;2;2;1,0
HAC;AMBULATORIO - ESPECIALIDADES;2019;11;2;1;2,0
HAC;AMBULATORIO - ESPECIALIDADES;2019;12;9;1;9,0
HAC;AMBULATORIO - ESPECIALIDADES;2020;2;6;1;6,0
HAC;AMBULATORIO - ESPECIALIDADES;2020;4;2;1;2,0
HAC;AMBULATORIO - ESPECIALIDADES;2020;6;3;2;1,5
HAC;AMBULATORIO - ESPECIALIDADES;2020;7;6;1;6,0
HAC;AMBULATORIO - ESPECIALIDADES;2020;8;2;1;2,0
HAC;AMBULATORIO - ESPECIALIDADES;2020;11;1;1;1,0
HAC;AMBULATORIO - ESPECIALIDADES;2020;12;3;1;3,0
HAC;AMBULATORIO - ESPECIALIDADES;2021;1;3;1;3,0
HAC;AMBULATORIO - ESPECIALIDADES;2021;2;2;1;2,0
HAC;AMBULATORIO - ESPECIALIDADES;2021;3;2;1;2,0
HAC;AMBULATORIO - ESPECIALIDADES;2021;6;22;1;22,0
HAC;AMBULATORIO - ESPECIALIDADES;2021;7;38;3;12,666666666666666
HAC;AMBULATORIO - ESPECIALIDADES;2021;8;11;1;11,0
HAC;AMBULATORIO - ESPECIALIDADES;2021;11;1;2;0,5
HAC;AMBULATORIO - ESPECIALIDADES;2021;12;1;1;1,0
HAC;AMBULATORIO - ESPECIALIDADES;2022;1;35;2;17,5
HAC;AMBULATORIO - ESPECIALIDADES;2022;2;4;1;4,0
HAC;AMBULATORIO - ESPECIALIDADES;2022;4;26;3;8,666666666666666
HAC;AMBULATORIO - ESPECIALIDADES;2022;5;9;2;4,5
HAC;AMBULATORIO - ESPECIALIDADES;2022;8;21;3;7,0
HAC;AMBULATORIO - ESPECIALIDADES;2022;9;13;5;2,6
HAC;AMBULATORIO - ESPECIALIDADES;2022;10;4;1;4,0
HAC;AMBULATORIO - ESPECIALIDADES;2022;11;0;1;0,0
HAC;AMBULATORIO - ESPECIALIDADES;2022;12;6;2;3,0
HAC;AMBULATORIO - ESPECIALIDADES;2023;1;0;1;0,0
HAC;AMBULATORIO - ESPECIALIDADES;2023;2;1;1;1,0
HAC;AMBULATORIO - ESPECIALIDADES;2023;5;7;1;7,0
HAC;AMBULATORIO - ESPECIALIDADES;2023;8;2;1;2,0
HAC;AMBULATORIO - ESPECIALIDADES;2023;9;15;3;5,0
HAC;AMBULATORIO - ESPECIALIDADES;2023;10;8;2;4,0
HAC;AMBULATORIO - ESPECIALIDADES;2023;11;33;3;11,0
HAC;AMBULATORIO - ESPECIALIDADES;2023;12;15;2;7,5
HAC;AMBULATORIO - ESPECIALIDADES;2024;1;4;1;4,0
HAC;AMBULATORIO - ESPECIALIDADES;2024;2;4;2;2,0
HAC;AMBULATORIO - ESPECIALIDADES;2024;3;88;3;29,333333333333332
HAC;AMBULATORIO - ESPECIALIDADES;2024;4;28;4;7,0
HAC;AMBULATORIO - ESPECIALIDADES;2024;5;8;1;8,0
HAC;AMBULATORIO - ESPECIALIDADES;2024;6;1;1;1,0
HAC;AMBULATORIO - ESPECIALIDADES;2024;7;13;2;6,5
HAC;AMBULATORIO - ESPECIALIDADES;2024;8;12;2;6,0
HAC;AMBULATORIO - ESPECIALIDADES;2024;9;4;2;2,0
HAC;AMBULATORIO - ESPECIALIDADES;2024;12;7;2;3,5
HAC;AMBULATORIO - ESPECIALIDADES;2025;2;14;2;7,0
HAC;AMBULATORIO - ESPECIALIDADES;2025;3;32;1;32,0
HAC;AMBULATORIO - ESPECIALIDADES;2025;4;10;2;5,0
HAC;AMBULATORIO - ESPECIALIDADES;2025;6;7;1;7,0
HAC;AMBULATORIO - ESPECIALIDADES;2025;7;13;3;4,333333333333333
HAC;AMBULATORIO - ESPECIALIDADES;2025;8;2;1;2,0
HAC;AMBULATORIO - ESPECIALIDADES;2025;9;12;1;12,0
HAC;AMBULATORIO DE ONCOLOGIA CLINICA;2022;5;17;2;8,5
HAC;AMBULATORIO DE ONCOLOGIA CLINICA;2023;2;4;1;4,0
HAC;AMBULATORIO DE ONCOLOGIA CLINICA;2023;3;9;1;9,0
HAC;AMBULATORIO DE ONCOLOGIA CLINICA;2023;7;1;1;1,0
HAC;AMBULATORIO DE ONCOLOGIA CLINICA;2023;9;1;1;1,0
HAC;AMBULATORIO DE ONCOLOGIA CLINICA;2024;2;1;1;1,0
HAC;AMBULATORIO DE ONCOLOGIA CLINICA;2024;7;7;1;7,0
HAC;AMBULATORIO DE ONCOLOGIA CLINICA;2024;8;8;1;8,0
HAC;AMBULATORIO DE ONCOLOGIA CLINICA;2025;1;14;1;14,0
HAC;AMBULATORIO DE ONCOLOGIA CLINICA;2025;5;9;1;9,0
HAC;AMBULATORIO DE ONCOLOGIA CLINICA;2025;8;37;4;9,25
HAC;AMBULATORIO DE ONCOLOGIA CLINICA;2025;10;7;1;7,0
HAC;AMBULATORIO DE ONCOLOGIA ESPECIALIDADES;2024;9;19;1;19,0
HAC;AMBULATORIO DE ONCOLOGIA ESPECIALIDADES;2024;11;12;1;12,0
HAC;AMBULATORIO DE ONCOLOGIA ESPECIALIDADES;2025;4;6;1;6,0
HAC;CTI ADULTO;2025;10;143;7;20,428571428571427
HAC;CTI ADULTO;2025;11;85;6;14,166666666666666
HAC;CTI ADULTO;2025;12;193;7;27,571428571428573
HAC;CTI ADULTO;2026;1;268;15;17,866666666666667
HAC;CTI ADULTO;2026;2;104;8;13,0
HAC;CTI ADULTO;2026;3;188;11;17,09090909090909
HAC;CTI ADULTO;2026;4;183;12;15,25
HAC;CTI ADULTO;2026;5;88;6;14,666666666666666
HAC;CTI ADULTO;2026;6;139;7;19,857142857142858
HAC;QUIMIOTERAPIA;2019;2;2;1;2,0
HAC;QUIMIOTERAPIA;2019;5;8;1;8,0
HAC;QUIMIOTERAPIA;2019;7;1;1;1,0
HAC;QUIMIOTERAPIA;2019;8;1;1;1,0
HAC;QUIMIOTERAPIA;2019;10;17;2;8,5
HAC;QUIMIOTERAPIA;2019;12;1;1;1,0
HAC;QUIMIOTERAPIA;2020;2;3;2;1,5
HAC;QUIMIOTERAPIA;2020;3;4;2;2,0
HAC;QUIMIOTERAPIA;2020;4;5;1;5,0
HAC;QUIMIOTERAPIA;2020;5;7;1;7,0
HAC;QUIMIOTERAPIA;2020;6;2;1;2,0
HAC;QUIMIOTERAPIA;2020;8;1;1;1,0
HAC;QUIMIOTERAPIA;2020;9;3;1;3,0
HAC;QUIMIOTERAPIA;2020;10;1;1;1,0
HAC;QUIMIOTERAPIA;2021;3;2;1;2,0
HAC;QUIMIOTERAPIA;2021;6;3;1;3,0
HAC;QUIMIOTERAPIA;2021;7;10;1;10,0
HAC;QUIMIOTERAPIA;2021;10;1;1;1,0
HAC;QUIMIOTERAPIA;2021;11;7;3;2,3333333333333335
HAC;QUIMIOTERAPIA;2021;12;1;1;1,0
HAC;QUIMIOTERAPIA;2022;1;9;1;9,0
HAC;QUIMIOTERAPIA;2022;2;5;1;5,0
HAC;QUIMIOTERAPIA;2022;4;2;1;2,0
HAC;QUIMIOTERAPIA;2022;5;19;2;9,5
HAC;QUIMIOTERAPIA;2022;12;18;1;18,0
HAC;QUIMIOTERAPIA;2023;2;9;2;4,5
HAC;QUIMIOTERAPIA;2023;4;1;1;1,0
HAC;QUIMIOTERAPIA;2023;5;1;1;1,0
HAC;QUIMIOTERAPIA;2023;6;5;1;5,0
HAC;QUIMIOTERAPIA;2024;1;5;1;5,0
HAC;QUIMIOTERAPIA;2024;2;18;2;9,0
HAC;QUIMIOTERAPIA;2024;4;12;2;6,0
HAC;QUIMIOTERAPIA;2024;6;1;1;1,0
HAC;QUIMIOTERAPIA;2024;7;12;2;6,0
HAC;QUIMIOTERAPIA;2024;8;24;1;24,0
HAC;QUIMIOTERAPIA;2024;9;4;2;2,0
HAC;QUIMIOTERAPIA;2024;10;8;2;4,0
HAC;QUIMIOTERAPIA;2024;11;21;4;5,25
HAC;QUIMIOTERAPIA;2025;5;12;1;12,0
HAC;QUIMIOTERAPIA;2025;6;1;1;1,0
HAC;UDC - OBSERVAÇÃO;2025;10;10;8;1,25
HAC;UDC - OBSERVAÇÃO;2025;11;70;27;2,5925925925925926
HAC;UDC - OBSERVAÇÃO;2025;12;58;12;4,833333333333333
HAC;UDC - OBSERVAÇÃO;2026;1;103;6;17,166666666666668
HAC;UDC - OBSERVAÇÃO;2026;2;51;12;4,25
HAC;UDC - OBSERVAÇÃO;2026;3;179;25;7,16
HAC;UDC - OBSERVAÇÃO;2026;4;173;19;9,105263157894736
HAC;UDC - OBSERVAÇÃO;2026;5;91;19;4,7894736842105265
HAC;UDC - OBSERVAÇÃO;2026;6;63;21;3,0
HAC;UNIDADE DE DECISAO CLINICA;2021;5;6;5;1,2
HAC;UNIDADE DE DECISAO CLINICA;2021;6;281;29;9,689655172413794
HAC;UNIDADE DE DECISAO CLINICA;2021;7;77;15;5,133333333333334
HAC;UNIDADE DE DECISAO CLINICA;2021;8;117;18;6,5
HAC;UNIDADE DE DECISAO CLINICA;2021;9;47;13;3,6153846153846154
HAC;UNIDADE DE INTERNAÇÃO - CLÍNICA CIRÚRGICA;2025;10;376;62;6,064516129032258
HAC;UNIDADE DE INTERNAÇÃO - CLÍNICA CIRÚRGICA;2025;11;584;96;6,083333333333333
HAC;UNIDADE DE INTERNAÇÃO - CLÍNICA CIRÚRGICA;2025;12;536;111;4,828828828828829
HAC;UNIDADE DE INTERNAÇÃO - CLÍNICA CIRÚRGICA;2026;1;563;96;5,864583333333333
HAC;UNIDADE DE INTERNAÇÃO - CLÍNICA CIRÚRGICA;2026;2;389;78;4,987179487179487
HAC;UNIDADE DE INTERNAÇÃO - CLÍNICA CIRÚRGICA;2026;3;507;124;4,088709677419355
HAC;UNIDADE DE INTERNAÇÃO - CLÍNICA CIRÚRGICA;2026;4;508;98;5,183673469387755
HAC;UNIDADE DE INTERNAÇÃO - CLÍNICA CIRÚRGICA;2026;5;578;96;6,020833333333333
HAC;UNIDADE DE INTERNAÇÃO - CLÍNICA CIRÚRGICA;2026;6;528;107;4,934579439252336
HAC;UNIDADE DE INTERNAÇÃO - CLÍNICA MÉDICA;2025;10;1247;121;10,305785123966942
HAC;UNIDADE DE INTERNAÇÃO - CLÍNICA MÉDICA;2025;11;1595;175;9,114285714285714
HAC;UNIDADE DE INTERNAÇÃO - CLÍNICA MÉDICA;2025;12;1641;167;9,826347305389222
HAC;UNIDADE DE INTERNAÇÃO - CLÍNICA MÉDICA;2026;1;1616;170;9,505882352941176
HAC;UNIDADE DE INTERNAÇÃO - CLÍNICA MÉDICA;2026;2;1469;160;9,18125
HAC;UNIDADE DE INTERNAÇÃO - CLÍNICA MÉDICA;2026;3;1412;168;8,404761904761905
HAC;UNIDADE DE INTERNAÇÃO - CLÍNICA MÉDICA;2026;4;1681;192;8,755208333333334
HAC;UNIDADE DE INTERNAÇÃO - CLÍNICA MÉDICA;2026;5;1664;199;8,361809045226131
HAC;UNIDADE DE INTERNAÇÃO - CLÍNICA MÉDICA;2026;6;1676;194;8,639175257731958
HAC;UNIDADE INTERNAÇÃO - CIRURGIA GERAL;2019;1;655;167;3,9221556886227544
HAC;UNIDADE INTERNAÇÃO - CIRURGIA GERAL;2019;2;756;178;4,247191011235955
HAC;UNIDADE INTERNAÇÃO - CIRURGIA GERAL;2019;3;762;163;4,674846625766871
HAC;UNIDADE INTERNAÇÃO - CIRURGIA GERAL;2019;4;787;190;4,1421052631578945
HAC;UNIDADE INTERNAÇÃO - CIRURGIA GERAL;2019;5;750;187;4,010695187165775
HAC;UNIDADE INTERNAÇÃO - CIRURGIA GERAL;2019;6;711;188;3,7819148936170213
HAC;UNIDADE INTERNAÇÃO - CIRURGIA GERAL;2019;7;609;168;3,625
HAC;UNIDADE INTERNAÇÃO - CIRURGIA GERAL;2019;8;640;172;3,7209302325581395
HAC;UNIDADE INTERNAÇÃO - CIRURGIA GERAL;2019;9;576;139;4,143884892086331
HAC;UNIDADE INTERNAÇÃO - CIRURGIA GERAL;2019;10;691;159;4,345911949685535
HAC;UNIDADE INTERNAÇÃO - CIRURGIA GERAL;2019;11;588;154;3,8181818181818183
HAC;UNIDADE INTERNAÇÃO - CIRURGIA GERAL;2019;12;581;144;4,034722222222222
HAC;UNIDADE INTERNAÇÃO - CIRURGIA GERAL;2020;1;461;104;4,4326923076923075
HAC;UNIDADE INTERNAÇÃO - CIRURGIA GERAL;2020;2;721;143;5,041958041958042
HAC;UNIDADE INTERNAÇÃO - CIRURGIA GERAL;2020;3;699;139;5,028776978417266
HAC;UNIDADE INTERNAÇÃO - CIRURGIA GERAL;2020;4;569;118;4,822033898305085
HAC;UNIDADE INTERNAÇÃO - CIRURGIA GERAL;2020;5;518;113;4,584070796460177
HAC;UNIDADE INTERNAÇÃO - CIRURGIA GERAL;2020;6;600;105;5,714285714285714
HAC;UNIDADE INTERNAÇÃO - CIRURGIA GERAL;2020;7;595;105;5,666666666666667
HAC;UNIDADE INTERNAÇÃO - CIRURGIA GERAL;2020;8;462;115;4,017391304347826
HAC;UNIDADE INTERNAÇÃO - CIRURGIA GERAL;2020;9;552;109;5,064220183486238
HAC;UNIDADE INTERNAÇÃO - CIRURGIA GERAL;2020;10;560;120;4,666666666666667
HAC;UNIDADE INTERNAÇÃO - CIRURGIA GERAL;2020;11;676;119;5,680672268907563
HAC;UNIDADE INTERNAÇÃO - CIRURGIA GERAL;2020;12;674;129;5,224806201550388
HAC;UNIDADE INTERNAÇÃO - CIRURGIA GERAL;2021;1;424;101;4,198019801980198
HAC;UNIDADE INTERNAÇÃO - CIRURGIA GERAL;2021;2;525;97;5,412371134020619
HAC;UNIDADE INTERNAÇÃO - CIRURGIA GERAL;2021;3;680;141;4,822695035460993
HAC;UNIDADE INTERNAÇÃO - CIRURGIA GERAL;2021;4;640;124;5,161290322580645
HAC;UNIDADE INTERNAÇÃO - CIRURGIA GERAL;2021;5;659;144;4,576388888888889
HAC;UNIDADE INTERNAÇÃO - CIRURGIA GERAL;2021;6;641;133;4,819548872180451
HAC;UNIDADE INTERNAÇÃO - CIRURGIA GERAL;2021;7;760;143;5,314685314685315
HAC;UNIDADE INTERNAÇÃO - CIRURGIA GERAL;2021;8;414;129;3,2093023255813953
HAC;UNIDADE INTERNAÇÃO - CIRURGIA GERAL;2021;9;505;124;4,07258064516129
HAC;UNIDADE INTERNAÇÃO - CIRURGIA GERAL;2021;10;335;108;3,1018518518518516
HAC;UNIDADE INTERNAÇÃO - CIRURGIA GERAL;2021;11;391;109;3,5871559633027523
HAC;UNIDADE INTERNAÇÃO - CIRURGIA GERAL;2021;12;468;107;4,373831775700935
HAC;UNIDADE INTERNAÇÃO - CIRURGIA GERAL;2022;1;271;61;4,442622950819672
HAC;UNIDADE INTERNAÇÃO - CIRURGIA GERAL;2022;2;348;79;4,405063291139241
HAC;UNIDADE INTERNAÇÃO - CIRURGIA GERAL;2022;3;425;88;4,829545454545454
HAC;UNIDADE INTERNAÇÃO - CIRURGIA GERAL;2022;4;404;90;4,488888888888889
HAC;UNIDADE INTERNAÇÃO - CIRURGIA GERAL;2022;5;532;116;4,586206896551724
HAC;UNIDADE INTERNAÇÃO - CIRURGIA GERAL;2022;6;482;117;4,119658119658119
HAC;UNIDADE INTERNAÇÃO - CIRURGIA GERAL;2022;7;580;105;5,523809523809524
HAC;UNIDADE INTERNAÇÃO - CIRURGIA GERAL;2022;8;621;126;4,928571428571429
HAC;UNIDADE INTERNAÇÃO - CIRURGIA GERAL;2022;9;213;42;5,071428571428571
HAC;UNIDADE INTERNAÇÃO - CLINICA CIRURGICA;2022;9;304;60;5,066666666666666
HAC;UNIDADE INTERNAÇÃO - CLINICA CIRURGICA;2022;10;516;121;4,264462809917355
HAC;UNIDADE INTERNAÇÃO - CLINICA CIRURGICA;2022;11;425;93;4,56989247311828
HAC;UNIDADE INTERNAÇÃO - CLINICA CIRURGICA;2022;12;653;109;5,990825688073395
HAC;UNIDADE INTERNAÇÃO - CLINICA CIRURGICA;2023;1;617;94;6,5638297872340425
HAC;UNIDADE INTERNAÇÃO - CLINICA CIRURGICA;2023;2;560;114;4,912280701754386
HAC;UNIDADE INTERNAÇÃO - CLINICA CIRURGICA;2023;3;693;172;4,02906976744186
HAC;UNIDADE INTERNAÇÃO - CLINICA CIRURGICA;2023;4;644;133;4,842105263157895
HAC;UNIDADE INTERNAÇÃO - CLINICA CIRURGICA;2023;5;650;144;4,513888888888889
HAC;UNIDADE INTERNAÇÃO - CLINICA CIRURGICA;2023;6;658;154;4,2727272727272725
HAC;UNIDADE INTERNAÇÃO - CLINICA CIRURGICA;2023;7;641;160;4,00625
HAC;UNIDADE INTERNAÇÃO - CLINICA CIRURGICA;2023;8;734;162;4,530864197530864
HAC;UNIDADE INTERNAÇÃO - CLINICA CIRURGICA;2023;9;577;138;4,181159420289855
HAC;UNIDADE INTERNAÇÃO - CLINICA CIRURGICA;2023;10;754;152;4,9605263157894735
HAC;UNIDADE INTERNAÇÃO - CLINICA CIRURGICA;2023;11;520;121;4,297520661157025
HAC;UNIDADE INTERNAÇÃO - CLINICA CIRURGICA;2023;12;635;143;4,440559440559441
HAC;UNIDADE INTERNAÇÃO - CLINICA CIRURGICA;2024;1;444;121;3,669421487603306
HAC;UNIDADE INTERNAÇÃO - CLINICA CIRURGICA;2024;2;306;132;2,3181818181818183
HAC;UNIDADE INTERNAÇÃO - CLINICA CIRURGICA;2024;3;525;151;3,4768211920529803
HAC;UNIDADE INTERNAÇÃO - CLINICA CIRURGICA;2024;4;551;142;3,880281690140845
HAC;UNIDADE INTERNAÇÃO - CLINICA CIRURGICA;2024;5;519;135;3,8444444444444446
HAC;UNIDADE INTERNAÇÃO - CLINICA CIRURGICA;2024;6;494;138;3,579710144927536
HAC;UNIDADE INTERNAÇÃO - CLINICA CIRURGICA;2024;7;443;121;3,6611570247933884
HAC;UNIDADE INTERNAÇÃO - CLINICA CIRURGICA;2024;8;392;134;2,925373134328358
HAC;UNIDADE INTERNAÇÃO - CLINICA CIRURGICA;2024;9;458;142;3,2253521126760565
HAC;UNIDADE INTERNAÇÃO - CLINICA CIRURGICA;2024;10;559;158;3,537974683544304
HAC;UNIDADE INTERNAÇÃO - CLINICA CIRURGICA;2024;11;516;150;3,44
HAC;UNIDADE INTERNAÇÃO - CLINICA CIRURGICA;2024;12;573;141;4,0638297872340425
HAC;UNIDADE INTERNAÇÃO - CLINICA CIRURGICA;2025;1;456;131;3,480916030534351
HAC;UNIDADE INTERNAÇÃO - CLINICA CIRURGICA;2025;2;381;109;3,4954128440366974
HAC;UNIDADE INTERNAÇÃO - CLINICA CIRURGICA;2025;3;706;119;5,932773109243698
HAC;UNIDADE INTERNAÇÃO - CLINICA CIRURGICA;2025;4;494;139;3,553956834532374
HAC;UNIDADE INTERNAÇÃO - CLINICA CIRURGICA;2025;5;455;122;3,7295081967213113
HAC;UNIDADE INTERNAÇÃO - CLINICA CIRURGICA;2025;6;528;122;4,327868852459017
HAC;UNIDADE INTERNAÇÃO - CLINICA CIRURGICA;2025;7;474;101;4,693069306930693
HAC;UNIDADE INTERNAÇÃO - CLINICA CIRURGICA;2025;8;632;121;5,223140495867769
HAC;UNIDADE INTERNAÇÃO - CLINICA CIRURGICA;2025;9;542;106;5,113207547169812
HAC;UNIDADE INTERNAÇÃO - CLINICA CIRURGICA;2025;10;382;54;7,074074074074074
HAC;UNIDADE INTERNAÇÃO - CLINICA MÉDICA;2019;1;1578;114;13,842105263157896
HAC;UNIDADE INTERNAÇÃO - CLINICA MÉDICA;2019;2;1761;112;15,723214285714286
HAC;UNIDADE INTERNAÇÃO - CLINICA MÉDICA;2019;3;1678;112;14,982142857142858
HAC;UNIDADE INTERNAÇÃO - CLINICA MÉDICA;2019;4;1583;104;15,221153846153847
HAC;UNIDADE INTERNAÇÃO - CLINICA MÉDICA;2019;5;1633;114;14,324561403508772
HAC;UNIDADE INTERNAÇÃO - CLINICA MÉDICA;2019;6;1580;111;14,234234234234235
HAC;UNIDADE INTERNAÇÃO - CLINICA MÉDICA;2019;7;2042;106;19,264150943396228
HAC;UNIDADE INTERNAÇÃO - CLINICA MÉDICA;2019;8;1656;108;15,333333333333334
HAC;UNIDADE INTERNAÇÃO - CLINICA MÉDICA;2019;9;1786;111;16,09009009009009
HAC;UNIDADE INTERNAÇÃO - CLINICA MÉDICA;2019;10;1400;120;11,666666666666666
HAC;UNIDADE INTERNAÇÃO - CLINICA MÉDICA;2019;11;1642;115;14,278260869565218
HAC;UNIDADE INTERNAÇÃO - CLINICA MÉDICA;2019;12;1527;133;11,481203007518797
HAC;UNIDADE INTERNAÇÃO - CLINICA MÉDICA;2020;1;1474;124;11,887096774193548
HAC;UNIDADE INTERNAÇÃO - CLINICA MÉDICA;2020;2;1188;95;12,505263157894737
HAC;UNIDADE INTERNAÇÃO - CLINICA MÉDICA;2020;3;1717;128;13,4140625
HAC;UNIDADE INTERNAÇÃO - CLINICA MÉDICA;2020;4;1267;103;12,300970873786408
HAC;UNIDADE INTERNAÇÃO - CLINICA MÉDICA;2020;5;1224;113;10,831858407079647
HAC;UNIDADE INTERNAÇÃO - CLINICA MÉDICA;2020;6;1593;124;12,846774193548388
HAC;UNIDADE INTERNAÇÃO - CLINICA MÉDICA;2020;7;1358;124;10,951612903225806
HAC;UNIDADE INTERNAÇÃO - CLINICA MÉDICA;2020;8;1249;117;10,675213675213675
HAC;UNIDADE INTERNAÇÃO - CLINICA MÉDICA;2020;9;1209;107;11,299065420560748
HAC;UNIDADE INTERNAÇÃO - CLINICA MÉDICA;2020;10;1376;116;11,862068965517242
HAC;UNIDADE INTERNAÇÃO - CLINICA MÉDICA;2020;11;962;107;8,990654205607477
HAC;UNIDADE INTERNAÇÃO - CLINICA MÉDICA;2020;12;1124;117;9,606837606837606
HAC;UNIDADE INTERNAÇÃO - CLINICA MÉDICA;2021;1;1104;97;11,381443298969073
HAC;UNIDADE INTERNAÇÃO - CLINICA MÉDICA;2021;2;1066;90;11,844444444444445
HAC;UNIDADE INTERNAÇÃO - CLINICA MÉDICA;2021;3;1122;104;10,788461538461538
HAC;UNIDADE INTERNAÇÃO - CLINICA MÉDICA;2021;4;1068;91;11,736263736263735
HAC;UNIDADE INTERNAÇÃO - CLINICA MÉDICA;2021;5;1140;88;12,954545454545455
HAC;UNIDADE INTERNAÇÃO - CLINICA MÉDICA;2021;6;1389;91;15,263736263736265
HAC;UNIDADE INTERNAÇÃO - CLINICA MÉDICA;2021;7;1137;88;12,920454545454545
HAC;UNIDADE INTERNAÇÃO - CLINICA MÉDICA;2021;8;1323;106;12,481132075471699
HAC;UNIDADE INTERNAÇÃO - CLINICA MÉDICA;2021;9;1397;123;11,357723577235772
HAC;UNIDADE INTERNAÇÃO - CLINICA MÉDICA;2021;10;1269;150;8,46
HAC;UNIDADE INTERNAÇÃO - CLINICA MÉDICA;2021;11;1165;104;11,201923076923077
HAC;UNIDADE INTERNAÇÃO - CLINICA MÉDICA;2021;12;1093;119;9,184873949579831
HAC;UNIDADE INTERNAÇÃO - CLINICA MÉDICA;2022;1;1237;134;9,23134328358209
HAC;UNIDADE INTERNAÇÃO - CLINICA MÉDICA;2022;2;921;100;9,21
HAC;UNIDADE INTERNAÇÃO - CLINICA MÉDICA;2022;3;1134;103;11,009708737864077
HAC;UNIDADE INTERNAÇÃO - CLINICA MÉDICA;2022;4;1291;106;12,179245283018869
HAC;UNIDADE INTERNAÇÃO - CLINICA MÉDICA;2022;5;1068;120;8,9
HAC;UNIDADE INTERNAÇÃO - CLINICA MÉDICA;2022;6;1088;132;8,242424242424242
HAC;UNIDADE INTERNAÇÃO - CLINICA MÉDICA;2022;7;1062;134;7,925373134328358
HAC;UNIDADE INTERNAÇÃO - CLINICA MÉDICA;2022;8;942;108;8,722222222222221
HAC;UNIDADE INTERNAÇÃO - CLINICA MÉDICA;2022;9;941;83;11,337349397590362
HAC;UNIDADE INTERNAÇÃO - CLINICA MÉDICA;2022;10;1333;113;11,79646017699115
HAC;UNIDADE INTERNAÇÃO - CLINICA MÉDICA;2022;11;1166;90;12,955555555555556
HAC;UNIDADE INTERNAÇÃO - CLINICA MÉDICA;2022;12;1208;127;9,511811023622048
HAC;UNIDADE INTERNAÇÃO - CLINICA MÉDICA;2023;1;1123;102;11,009803921568627
HAC;UNIDADE INTERNAÇÃO - CLINICA MÉDICA;2023;2;1018;99;10,282828282828282
HAC;UNIDADE INTERNAÇÃO - CLINICA MÉDICA;2023;3;1499;115;13,034782608695652
HAC;UNIDADE INTERNAÇÃO - CLINICA MÉDICA;2023;4;1086;117;9,282051282051283
HAC;UNIDADE INTERNAÇÃO - CLINICA MÉDICA;2023;5;1263;107;11,80373831775701
HAC;UNIDADE INTERNAÇÃO - CLINICA MÉDICA;2023;6;1205;113;10,663716814159292
HAC;UNIDADE INTERNAÇÃO - CLINICA MÉDICA;2023;7;1166;100;11,66
HAC;UNIDADE INTERNAÇÃO - CLINICA MÉDICA;2023;8;1089;99;11,0
HAC;UNIDADE INTERNAÇÃO - CLINICA MÉDICA;2023;9;1463;133;11,0
HAC;UNIDADE INTERNAÇÃO - CLINICA MÉDICA;2023;10;1069;119;8,983193277310924
HAC;UNIDADE INTERNAÇÃO - CLINICA MÉDICA;2023;11;1254;103;12,174757281553399
HAC;UNIDADE INTERNAÇÃO - CLINICA MÉDICA;2023;12;1177;112;10,508928571428571
HAC;UNIDADE INTERNAÇÃO - CLINICA MÉDICA;2024;1;1553;132;11,765151515151516
HAC;UNIDADE INTERNAÇÃO - CLINICA MÉDICA;2024;2;1255;149;8,422818791946309
HAC;UNIDADE INTERNAÇÃO - CLINICA MÉDICA;2024;3;1742;147;11,850340136054422
HAC;UNIDADE INTERNAÇÃO - CLINICA MÉDICA;2024;4;1305;170;7,676470588235294
HAC;UNIDADE INTERNAÇÃO - CLINICA MÉDICA;2024;5;1593;165;9,654545454545454
HAC;UNIDADE INTERNAÇÃO - CLINICA MÉDICA;2024;6;1325;135;9,814814814814815
HAC;UNIDADE INTERNAÇÃO - CLINICA MÉDICA;2024;7;1757;158;11,120253164556962
HAC;UNIDADE INTERNAÇÃO - CLINICA MÉDICA;2024;8;1498;174;8,60919540229885
HAC;UNIDADE INTERNAÇÃO - CLINICA MÉDICA;2024;9;1406;137;10,262773722627736
HAC;UNIDADE INTERNAÇÃO - CLINICA MÉDICA;2024;10;1544;159;9,71069182389937
HAC;UNIDADE INTERNAÇÃO - CLINICA MÉDICA;2024;11;1636;164;9,975609756097562
HAC;UNIDADE INTERNAÇÃO - CLINICA MÉDICA;2024;12;1350;144;9,375
HAC;UNIDADE INTERNAÇÃO - CLINICA MÉDICA;2025;1;1766;177;9,977401129943503
HAC;UNIDADE INTERNAÇÃO - CLINICA MÉDICA;2025;2;1366;156;8,756410256410257
HAC;UNIDADE INTERNAÇÃO - CLINICA MÉDICA;2025;3;1625;198;8,207070707070708
HAC;UNIDADE INTERNAÇÃO - CLINICA MÉDICA;2025;4;1458;180;8,1
HAC;UNIDADE INTERNAÇÃO - CLINICA MÉDICA;2025;5;1790;190;9,421052631578947
HAC;UNIDADE INTERNAÇÃO - CLINICA MÉDICA;2025;6;1536;176;8,727272727272727
HAC;UNIDADE INTERNAÇÃO - CLINICA MÉDICA;2025;7;2021;214;9,44392523364486
HAC;UNIDADE INTERNAÇÃO - CLINICA MÉDICA;2025;8;1442;173;8,335260115606937
HAC;UNIDADE INTERNAÇÃO - CLINICA MÉDICA;2025;9;1646;195;8,441025641025641
HAC;UNIDADE INTERNAÇÃO - CLINICA MÉDICA;2025;10;793;81;9,790123456790123
HAC;UNIDADE URGENCIA/EMERGENCIA;2019;1;182;34;5,352941176470588
HAC;UNIDADE URGENCIA/EMERGENCIA;2019;2;213;49;4,346938775510204
HAC;UNIDADE URGENCIA/EMERGENCIA;2019;3;315;50;6,3
HAC;UNIDADE URGENCIA/EMERGENCIA;2019;4;280;61;4,590163934426229
HAC;UNIDADE URGENCIA/EMERGENCIA;2019;5;264;61;4,327868852459017
HAC;UNIDADE URGENCIA/EMERGENCIA;2019;6;212;40;5,3
HAC;UNIDADE URGENCIA/EMERGENCIA;2019;7;194;36;5,388888888888889
HAC;UNIDADE URGENCIA/EMERGENCIA;2019;8;218;38;5,7368421052631575
HAC;UNIDADE URGENCIA/EMERGENCIA;2019;9;122;29;4,206896551724138
HAC;UNIDADE URGENCIA/EMERGENCIA;2019;10;130;30;4,333333333333333
HAC;UNIDADE URGENCIA/EMERGENCIA;2019;11;84;36;2,3333333333333335
HAC;UNIDADE URGENCIA/EMERGENCIA;2019;12;77;31;2,4838709677419355
HAC;UNIDADE URGENCIA/EMERGENCIA;2020;1;98;44;2,227272727272727
HAC;UNIDADE URGENCIA/EMERGENCIA;2020;2;158;27;5,851851851851852
HAC;UNIDADE URGENCIA/EMERGENCIA;2020;3;56;23;2,4347826086956523
HAC;UNIDADE URGENCIA/EMERGENCIA;2020;4;30;8;3,75
HAC;UNIDADE URGENCIA/EMERGENCIA;2020;5;97;14;6,928571428571429
HAC;UNIDADE URGENCIA/EMERGENCIA;2020;6;34;15;2,2666666666666666
HAC;UNIDADE URGENCIA/EMERGENCIA;2020;7;91;21;4,333333333333333
HAC;UNIDADE URGENCIA/EMERGENCIA;2020;8;152;41;3,707317073170732
HAC;UNIDADE URGENCIA/EMERGENCIA;2020;9;117;35;3,342857142857143
HAC;UNIDADE URGENCIA/EMERGENCIA;2020;10;133;32;4,15625
HAC;UNIDADE URGENCIA/EMERGENCIA;2020;11;210;39;5,384615384615385
HAC;UNIDADE URGENCIA/EMERGENCIA;2020;12;127;27;4,703703703703703
HAC;UNIDADE URGENCIA/EMERGENCIA;2021;1;252;37;6,8108108108108105
HAC;UNIDADE URGENCIA/EMERGENCIA;2021;2;140;29;4,827586206896552
HAC;UNIDADE URGENCIA/EMERGENCIA;2021;3;170;27;6,296296296296297
HAC;UNIDADE URGENCIA/EMERGENCIA;2021;4;209;29;7,206896551724138
HAC;UNIDADE URGENCIA/EMERGENCIA;2021;5;59;18;3,2777777777777777
HAC;UTI;2019;1;205;9;22,77777777777778
HAC;UTI;2019;2;60;4;15,0
HAC;UTI;2019;3;83;7;11,857142857142858
HAC;UTI;2019;4;69;5;13,8
HAC;UTI;2019;5;201;12;16,75
HAC;UTI;2019;6;47;5;9,4
HAC;UTI;2019;7;126;7;18,0
HAC;UTI;2019;8;111;7;15,857142857142858
HAC;UTI;2019;9;156;8;19,5
HAC;UTI;2019;10;151;7;21,571428571428573
HAC;UTI;2019;11;58;4;14,5
HAC;UTI;2019;12;159;5;31,8
HAC;UTI;2020;1;102;3;34,0
HAC;UTI;2020;2;213;8;26,625
HAC;UTI;2020;3;160;10;16,0
HAC;UTI;2020;4;163;11;14,818181818181818
HAC;UTI;2020;5;56;9;6,222222222222222
HAC;UTI;2020;6;193;7;27,571428571428573
HAC;UTI;2020;7;176;10;17,6
HAC;UTI;2020;8;76;3;25,333333333333332
HAC;UTI;2020;9;94;4;23,5
HAC;UTI;2020;10;86;8;10,75
HAC;UTI;2020;11;72;3;24,0
HAC;UTI;2020;12;16;3;5,333333333333333
HAC;UTI;2021;1;95;7;13,571428571428571
HAC;UTI;2021;2;137;7;19,571428571428573
HAC;UTI;2021;3;49;5;9,8
HAC;UTI;2021;4;151;10;15,1
HAC;UTI;2021;5;34;3;11,333333333333334
HAC;UTI - ADULTO;2021;5;18;1;18,0
HAC;UTI - ADULTO;2021;6;175;12;14,583333333333334
HAC;UTI - ADULTO;2021;7;144;7;20,571428571428573
HAC;UTI - ADULTO;2021;8;109;9;12,11111111111111
HAC;UTI - ADULTO;2021;9;136;6;22,666666666666668
HAC;UTI - ADULTO;2021;10;63;10;6,3
HAC;UTI - ADULTO;2021;11;190;12;15,833333333333334
HAC;UTI - ADULTO;2021;12;215;13;16,53846153846154
HAC;UTI - ADULTO;2022;1;50;5;10,0
HAC;UTI - ADULTO;2022;2;23;4;5,75
HAC;UTI - ADULTO;2022;3;59;6;9,833333333333334
HAC;UTI - ADULTO;2022;4;611;7;87,28571428571429
HAC;UTI - ADULTO;2022;5;330;13;25,384615384615383
HAC;UTI - ADULTO;2022;6;81;8;10,125
HAC;UTI - ADULTO;2022;7;79;6;13,166666666666666
HAC;UTI - ADULTO;2022;8;162;15;10,8
HAC;UTI - ADULTO;2022;9;75;7;10,714285714285714
HAC;UTI - ADULTO;2022;10;148;8;18,5
HAC;UTI - ADULTO;2022;11;246;11;22,363636363636363
HAC;UTI - ADULTO;2022;12;200;10;20,0
HAC;UTI - ADULTO;2023;1;88;7;12,571428571428571
HAC;UTI - ADULTO;2023;2;94;7;13,428571428571429
HAC;UTI - ADULTO;2023;3;132;10;13,2
HAC;UTI - ADULTO;2023;4;91;7;13,0
HAC;UTI - ADULTO;2023;5;149;12;12,416666666666666
HAC;UTI - ADULTO;2023;6;119;9;13,222222222222221
HAC;UTI - ADULTO;2023;7;221;10;22,1
HAC;UTI - ADULTO;2023;8;297;13;22,846153846153847
HAC;UTI - ADULTO;2023;9;145;8;18,125
HAC;UTI - ADULTO;2023;10;87;5;17,4
HAC;UTI - ADULTO;2023;11;176;8;22,0
HAC;UTI - ADULTO;2023;12;116;8;14,5
HAC;UTI - ADULTO;2024;1;207;7;29,571428571428573
HAC;UTI - ADULTO;2024;2;95;5;19,0
HAC;UTI - ADULTO;2024;3;199;6;33,166666666666664
HAC;UTI - ADULTO;2024;4;56;9;6,222222222222222
HAC;UTI - ADULTO;2024;5;189;10;18,9
HAC;UTI - ADULTO;2024;6;90;5;18,0
HAC;UTI - ADULTO;2024;7;98;7;14,0
HAC;UTI - ADULTO;2024;8;164;12;13,666666666666666
HAC;UTI - ADULTO;2024;9;162;9;18,0
HAC;UTI - ADULTO;2024;10;107;6;17,833333333333332
HAC;UTI - ADULTO;2024;11;176;11;16,0
HAC;UTI - ADULTO;2024;12;140;8;17,5
HAC;UTI - ADULTO;2025;1;273;9;30,333333333333332
HAC;UTI - ADULTO;2025;2;61;8;7,625
HAC;UTI - ADULTO;2025;3;56;5;11,2
HAC;UTI - ADULTO;2025;4;159;7;22,714285714285715
HAC;UTI - ADULTO;2025;5;317;14;22,642857142857142
HAC;UTI - ADULTO;2025;6;78;6;13,0
HAC;UTI - ADULTO;2025;7;203;8;25,375
HAC;UTI - ADULTO;2025;8;238;12;19,833333333333332
HAC;UTI - ADULTO;2025;9;99;8;12,375
HAC;UTI - ADULTO;2025;10;67;5;13,4
HCM;AMBULATORIO - ESPECIALIDADES;2019;8;0;1;0,0
HCM;AMBULATORIO - ESPECIALIDADES;2019;11;1;1;1,0
HCM;BLOCO CIRURGICO;2019;3;1;1;1,0
HCM;BLOCO CIRURGICO;2019;6;1;1;1,0
HCM;BLOCO CIRURGICO;2019;10;1;2;0,5
HCM;BLOCO CIRURGICO;2019;11;1;1;1,0
HCM;BLOCO CIRURGICO;2023;7;140;1;140,0
HCM;BLOCO CIRURGICO;2025;9;2;2;1,0
HCM;BLOCO CIRURGICO;2025;11;2;2;1,0
HCM;UCC - ALA C;2025;11;4;5;0,8
HCM;UCC - ALA C;2025;12;15;9;1,6666666666666667
HCM;UCC - ALA C;2026;1;15;12;1,25
HCM;UCC - ALA C;2026;2;51;22;2,3181818181818183
HCM;UCC - ALA C;2026;3;57;40;1,425
HCM;UCC - ALA C;2026;4;60;52;1,1538461538461537
HCM;UCC - ALA C;2026;5;44;43;1,0232558139534884
HCM;UCC - ALA C;2026;6;70;57;1,2280701754385965
HCM;UICP - ALA A;2025;11;198;3;66,0
HCM;UICP - ALA A;2025;12;148;4;37,0
HCM;UICP - ALA A;2026;1;68;3;22,666666666666668
HCM;UICP - ALA A;2026;2;388;2;194,0
HCM;UICP - ALA A;2026;3;107;4;26,75
HCM;UICP - ALA A;2026;4;995;4;248,75
HCM;UICP - ALA A;2026;5;467;5;93,4
HCM;UICP - ALA A;2026;6;197;7;28,142857142857142
HCM;UICP - ALA B;2025;11;12;1;12,0
HCM;UICP - ALA B;2025;12;388;4;97,0
HCM;UICP - ALA B;2026;1;50;1;50,0
HCM;UICP - ALA B;2026;2;2014;3;671,3333333333334
HCM;UICP - ALA B;2026;3;1687;4;421,75
HCM;UICP - ALA B;2026;4;302;3;100,66666666666667
HCM;UICP - ALA B;2026;5;154;2;77,0
HCM;UICP - ALA B;2026;6;411;1;411,0
HCM;UICP - ALA C;2025;12;271;1;271,0
HCM;UICP - ALA C;2026;6;2727;2;1363,5
HCM;UNIDADE DE CUIDADOS CONTINUADOS INTEGRADOS;2021;6;55;2;27,5
HCM;UNIDADE DE CUIDADOS CONTINUADOS INTEGRADOS;2021;7;734;7;104,85714285714286
HCM;UNIDADE DE CUIDADOS CONTINUADOS INTEGRADOS;2021;8;549;7;78,42857142857143
HCM;UNIDADE DE CUIDADOS CONTINUADOS INTEGRADOS;2021;9;150;3;50,0
HCM;UNIDADE DE CUIDADOS CONTINUADOS INTEGRADOS;2021;10;1151;4;287,75
HCM;UNIDADE DE CUIDADOS CONTINUADOS INTEGRADOS;2021;11;754;5;150,8
HCM;UNIDADE DE CUIDADOS CONTINUADOS INTEGRADOS;2021;12;1383;7;197,57142857142858
HCM;UNIDADE DE CUIDADOS CONTINUADOS INTEGRADOS;2022;1;5999;4;1499,75
HCM;UNIDADE DE CUIDADOS CONTINUADOS INTEGRADOS;2022;2;875;4;218,75
HCM;UNIDADE DE CUIDADOS CONTINUADOS INTEGRADOS;2022;3;795;7;113,57142857142857
HCM;UNIDADE DE CUIDADOS CONTINUADOS INTEGRADOS;2022;4;511;4;127,75
HCM;UNIDADE DE CUIDADOS CONTINUADOS INTEGRADOS;2022;5;922;7;131,71428571428572
HCM;UNIDADE DE CUIDADOS CONTINUADOS INTEGRADOS;2022;6;377;3;125,66666666666667
HCM;UNIDADE DE CUIDADOS CONTINUADOS INTEGRADOS;2022;7;366;4;91,5
HCM;UNIDADE DE CUIDADOS CONTINUADOS INTEGRADOS;2022;8;385;3;128,33333333333334
HCM;UNIDADE DE CUIDADOS CONTINUADOS INTEGRADOS;2022;9;805;6;134,16666666666666
HCM;UNIDADE DE CUIDADOS CONTINUADOS INTEGRADOS;2022;10;330;5;66,0
HCM;UNIDADE DE CUIDADOS CONTINUADOS INTEGRADOS;2022;11;223;1;223,0
HCM;UNIDADE DE CUIDADOS CONTINUADOS INTEGRADOS;2022;12;1191;5;238,2
HCM;UNIDADE DE CUIDADOS CONTINUADOS INTEGRADOS;2023;1;323;4;80,75
HCM;UNIDADE DE CUIDADOS CONTINUADOS INTEGRADOS;2023;2;297;1;297,0
HCM;UNIDADE DE CUIDADOS CONTINUADOS INTEGRADOS;2023;3;243;1;243,0
HCM;UNIDADE DE CUIDADOS CONTINUADOS INTEGRADOS;2023;4;1136;2;568,0
HCM;UNIDADE DE CUIDADOS CONTINUADOS INTEGRADOS;2023;5;1970;4;492,5
HCM;UNIDADE DE CUIDADOS CONTINUADOS INTEGRADOS;2023;6;1054;5;210,8
HCM;UNIDADE DE CUIDADOS CONTINUADOS INTEGRADOS;2023;7;256;1;256,0
HCM;UNIDADE DE CUIDADOS CONTINUADOS INTEGRADOS;2023;8;1095;5;219,0
HCM;UNIDADE DE CUIDADOS CONTINUADOS INTEGRADOS;2023;9;1240;4;310,0
HCM;UNIDADE DE CUIDADOS CONTINUADOS INTEGRADOS;2023;10;672;4;168,0
HCM;UNIDADE DE CUIDADOS CONTINUADOS INTEGRADOS;2023;11;401;8;50,125
HCM;UNIDADE DE CUIDADOS CONTINUADOS INTEGRADOS;2023;12;951;4;237,75
HCM;UNIDADE DE CUIDADOS CONTINUADOS INTEGRADOS;2024;1;305;3;101,66666666666667
HCM;UNIDADE DE CUIDADOS CONTINUADOS INTEGRADOS;2024;2;557;7;79,57142857142857
HCM;UNIDADE DE CUIDADOS CONTINUADOS INTEGRADOS;2024;3;3722;23;161,82608695652175
HCM;UNIDADE DE CUIDADOS CONTINUADOS INTEGRADOS;2024;4;437;57;7,666666666666667
HCM;UNIDADE DE CUIDADOS CONTINUADOS INTEGRADOS;2024;5;1306;30;43,53333333333333
HCM;UNIDADE DE CUIDADOS CONTINUADOS INTEGRADOS;2024;6;224;13;17,23076923076923
HCM;UNIDADE DE CUIDADOS CONTINUADOS INTEGRADOS;2024;7;2373;14;169,5
HCM;UNIDADE DE CUIDADOS CONTINUADOS INTEGRADOS;2024;8;871;3;290,3333333333333
HCM;UNIDADE DE CUIDADOS CONTINUADOS INTEGRADOS;2024;9;1055;5;211,0
HCM;UNIDADE DE CUIDADOS CONTINUADOS INTEGRADOS;2024;10;125;2;62,5
HCM;UNIDADE DE CUIDADOS CONTINUADOS INTEGRADOS;2024;11;3495;5;699,0
HCM;UNIDADE DE CUIDADOS CONTINUADOS INTEGRADOS;2024;12;887;10;88,7
HCM;UNIDADE DE CUIDADOS CONTINUADOS INTEGRADOS;2025;1;386;4;96,5
HCM;UNIDADE DE CUIDADOS CONTINUADOS INTEGRADOS;2025;2;478;10;47,8
HCM;UNIDADE DE CUIDADOS CONTINUADOS INTEGRADOS;2025;3;671;7;95,85714285714286
HCM;UNIDADE DE CUIDADOS CONTINUADOS INTEGRADOS;2025;4;1077;10;107,7
HCM;UNIDADE DE CUIDADOS CONTINUADOS INTEGRADOS;2025;5;1749;6;291,5
HCM;UNIDADE DE CUIDADOS CONTINUADOS INTEGRADOS;2025;6;691;7;98,71428571428571
HCM;UNIDADE DE CUIDADOS CONTINUADOS INTEGRADOS;2025;7;2204;12;183,66666666666666
HCM;UNIDADE DE CUIDADOS CONTINUADOS INTEGRADOS;2025;8;402;9;44,666666666666664
HCM;UNIDADE DE CUIDADOS CONTINUADOS INTEGRADOS;2025;9;4329;11;393,54545454545456
HCM;UNIDADE DE CUIDADOS CONTINUADOS INTEGRADOS;2025;10;268;6;44,666666666666664
HCM;UNIDADE DE CUIDADOS CONTINUADOS INTEGRADOS;2025;11;1259;5;251,8
HCM;UNIDADE INTERNAÇÃO - CLINICA CIRURGICA;2019;1;33;26;1,2692307692307692
HCM;UNIDADE INTERNAÇÃO - CLINICA CIRURGICA;2019;2;61;38;1,605263157894737
HCM;UNIDADE INTERNAÇÃO - CLINICA CIRURGICA;2019;3;47;25;1,88
HCM;UNIDADE INTERNAÇÃO - CLINICA CIRURGICA;2019;4;38;25;1,52
HCM;UNIDADE INTERNAÇÃO - CLINICA CIRURGICA;2019;5;26;23;1,1304347826086956
HCM;UNIDADE INTERNAÇÃO - CLINICA CIRURGICA;2019;6;50;44;1,1363636363636365
HCM;UNIDADE INTERNAÇÃO - CLINICA CIRURGICA;2019;7;61;39;1,564102564102564
HCM;UNIDADE INTERNAÇÃO - CLINICA CIRURGICA;2019;8;67;51;1,3137254901960784
HCM;UNIDADE INTERNAÇÃO - CLINICA CIRURGICA;2019;9;69;51;1,3529411764705883
HCM;UNIDADE INTERNAÇÃO - CLINICA CIRURGICA;2019;10;79;62;1,2741935483870968
HCM;UNIDADE INTERNAÇÃO - CLINICA CIRURGICA;2019;11;64;64;1,0
HCM;UNIDADE INTERNAÇÃO - CLINICA CIRURGICA;2019;12;68;56;1,2142857142857142
HCM;UNIDADE INTERNAÇÃO - CLINICA CIRURGICA;2020;1;71;55;1,290909090909091
HCM;UNIDADE INTERNAÇÃO - CLINICA CIRURGICA;2020;2;23;17;1,3529411764705883
HCM;UNIDADE INTERNAÇÃO - CLINICA CIRURGICA;2020;3;0;1;0,0
HCM;UNIDADE INTERNAÇÃO - CLINICA CIRURGICA;2022;6;106;1;106,0
HCM;UNIDADE INTERNAÇÃO - CLINICA CIRURGICA;2025;9;6;6;1,0
HCM;UNIDADE INTERNAÇÃO - CLINICA CIRURGICA;2025;10;6;6;1,0
HCM;UNIDADE INTERNAÇÃO - CLINICA CIRURGICA;2025;11;7;8;0,875
HCM;UNIDADE INTERNAÇÃO - CUIDADOS PROLONGADOS;2019;1;9016;8;1127,0
HCM;UNIDADE INTERNAÇÃO - CUIDADOS PROLONGADOS;2019;2;243;3;81,0
HCM;UNIDADE INTERNAÇÃO - CUIDADOS PROLONGADOS;2019;3;202;1;202,0
HCM;UNIDADE INTERNAÇÃO - CUIDADOS PROLONGADOS;2019;4;805;5;161,0
HCM;UNIDADE INTERNAÇÃO - CUIDADOS PROLONGADOS;2019;5;626;5;125,2
HCM;UNIDADE INTERNAÇÃO - CUIDADOS PROLONGADOS;2019;6;1058;4;264,5
HCM;UNIDADE INTERNAÇÃO - CUIDADOS PROLONGADOS;2019;7;4969;9;552,1111111111111
HCM;UNIDADE INTERNAÇÃO - CUIDADOS PROLONGADOS;2019;8;267;3;89,0
HCM;UNIDADE INTERNAÇÃO - CUIDADOS PROLONGADOS;2019;10;279;2;139,5
HCM;UNIDADE INTERNAÇÃO - CUIDADOS PROLONGADOS;2019;11;814;2;407,0
HCM;UNIDADE INTERNAÇÃO - CUIDADOS PROLONGADOS;2019;12;2265;3;755,0
HCM;UNIDADE INTERNAÇÃO - CUIDADOS PROLONGADOS;2020;1;374;2;187,0
HCM;UNIDADE INTERNAÇÃO - CUIDADOS PROLONGADOS;2020;2;1068;2;534,0
HCM;UNIDADE INTERNAÇÃO - CUIDADOS PROLONGADOS;2020;3;1118;7;159,71428571428572
HCM;UNIDADE INTERNAÇÃO - CUIDADOS PROLONGADOS;2020;4;3090;6;515,0
HCM;UNIDADE INTERNAÇÃO - CUIDADOS PROLONGADOS;2020;5;658;5;131,6
HCM;UNIDADE INTERNAÇÃO - CUIDADOS PROLONGADOS;2020;6;310;4;77,5
HCM;UNIDADE INTERNAÇÃO - CUIDADOS PROLONGADOS;2020;7;673;6;112,16666666666667
HCM;UNIDADE INTERNAÇÃO - CUIDADOS PROLONGADOS;2020;8;2095;11;190,45454545454547
HCM;UNIDADE INTERNAÇÃO - CUIDADOS PROLONGADOS;2020;9;1406;4;351,5
HCM;UNIDADE INTERNAÇÃO - CUIDADOS PROLONGADOS;2020;10;1543;5;308,6
HCM;UNIDADE INTERNAÇÃO - CUIDADOS PROLONGADOS;2020;11;1505;11;136,8181818181818
HCM;UNIDADE INTERNAÇÃO - CUIDADOS PROLONGADOS;2020;12;2218;4;554,5
HCM;UNIDADE INTERNAÇÃO - CUIDADOS PROLONGADOS;2021;1;216;3;72,0
HCM;UNIDADE INTERNAÇÃO - CUIDADOS PROLONGADOS;2021;2;573;5;114,6
HCM;UNIDADE INTERNAÇÃO - CUIDADOS PROLONGADOS;2021;3;896;7;128,0
HCM;UNIDADE INTERNAÇÃO - CUIDADOS PROLONGADOS;2021;4;7546;12;628,8333333333334
HCM;UNIDADE INTERNAÇÃO - CUIDADOS PROLONGADOS;2021;5;1783;10;178,3
HCM;UNIDADE INTERNAÇÃO - CUIDADOS PROLONGADOS;2021;6;78;1;78,0
HEM;ALA A;2025;6;789;41;19,24390243902439
HEM;ALA A;2025;7;1242;81;15,333333333333334
HEM;ALA A;2025;8;882;65;13,569230769230769
HEM;ALA A;2025;9;1138;79;14,405063291139241
HEM;ALA A;2025;10;1037;76;13,644736842105264
HEM;ALA A;2025;11;789;59;13,372881355932204
HEM;ALA A;2025;12;876;67;13,074626865671641
HEM;ALA A;2026;1;822;62;13,258064516129032
HEM;ALA A;2026;2;919;64;14,359375
HEM;ALA A;2026;3;1141;82;13,914634146341463
HEM;ALA A;2026;4;689;64;10,765625
HEM;ALA A;2026;5;848;68;12,470588235294118
HEM;ALA A;2026;6;712;69;10,318840579710145
HEM;ALA C;2025;6;694;49;14,16326530612245
HEM;ALA C;2025;7;998;77;12,96103896103896
HEM;ALA C;2025;8;880;72;12,222222222222221
HEM;ALA C;2025;9;1205;79;15,253164556962025
HEM;ALA C;2025;10;850;81;10,493827160493828
HEM;ALA C;2025;11;888;70;12,685714285714285
HEM;ALA C;2025;12;843;70;12,042857142857143
HEM;ALA C;2026;1;893;63;14,174603174603174
HEM;ALA C;2026;2;669;52;12,865384615384615
HEM;ALA C;2026;3;910;75;12,133333333333333
HEM;ALA C;2026;4;1021;73;13,986301369863014
HEM;ALA C;2026;5;1009;86;11,732558139534884
HEM;ALA C;2026;6;996;81;12,296296296296296
HEM;ALA D;2025;6;95;14;6,785714285714286
HEM;ALA D;2025;7;129;16;8,0625
HEM;ALA D;2025;8;150;14;10,714285714285714
HEM;ALA D;2025;9;237;13;18,23076923076923
HEM;ALA D;2025;10;173;22;7,863636363636363
HEM;ALA D;2025;11;56;12;4,666666666666667
HEM;ALA D;2025;12;216;23;9,391304347826088
HEM;ALA D;2026;1;349;16;21,8125
HEM;ALA D;2026;2;136;18;7,555555555555555
HEM;ALA D;2026;3;91;17;5,352941176470588
HEM;ALA D;2026;4;187;17;11,0
HEM;ALA D;2026;5;181;23;7,869565217391305
HEM;ALA D;2026;6;121;17;7,117647058823529
HEM;AMBULATORIO - DERMATOLOGIA E INFECTOLOGIA;2019;6;6;1;6,0
HEM;AMBULATORIO DE INFECTOLOGIA;2022;10;27;1;27,0
HEM;AMBULATORIO DE INFECTOLOGIA;2023;1;2;1;2,0
HEM;AMBULATORIO DE INFECTOLOGIA;2025;1;144;2;72,0
HEM;CTI - ADULTO;2025;6;120;12;10,0
HEM;CTI - ADULTO;2025;7;78;10;7,8
HEM;CTI - ADULTO;2025;8;190;14;13,571428571428571
HEM;CTI - ADULTO;2025;9;199;13;15,307692307692308
HEM;CTI - ADULTO;2025;10;220;15;14,666666666666666
HEM;CTI - ADULTO;2025;11;169;12;14,083333333333334
HEM;CTI - ADULTO;2025;12;146;10;14,6
HEM;CTI - ADULTO;2026;1;82;10;8,2
HEM;CTI - ADULTO;2026;2;66;7;9,428571428571429
HEM;CTI - ADULTO;2026;3;121;12;10,083333333333334
HEM;CTI - ADULTO;2026;4;109;9;12,11111111111111
HEM;CTI - ADULTO;2026;5;236;13;18,153846153846153
HEM;CTI - ADULTO;2026;6;68;7;9,714285714285714
HEM;HOSPITAL DIA;2022;7;7;1;7,0
HEM;HOSPITAL DIA;2024;3;42;1;42,0
HEM;UNIDADE INTERNAÇÃO - DOENÇAS INFECTO-CONTAGIOSAS E PARASITÁRIAS DOENÇAS INFECTO CONTAGIOSAS;2019;1;1681;86;19,546511627906977
HEM;UNIDADE INTERNAÇÃO - DOENÇAS INFECTO-CONTAGIOSAS E PARASITÁRIAS DOENÇAS INFECTO CONTAGIOSAS;2019;2;1624;107;15,177570093457945
HEM;UNIDADE INTERNAÇÃO - DOENÇAS INFECTO-CONTAGIOSAS E PARASITÁRIAS DOENÇAS INFECTO CONTAGIOSAS;2019;3;1783;122;14,614754098360656
HEM;UNIDADE INTERNAÇÃO - DOENÇAS INFECTO-CONTAGIOSAS E PARASITÁRIAS DOENÇAS INFECTO CONTAGIOSAS;2019;4;1967;177;11,112994350282486
HEM;UNIDADE INTERNAÇÃO - DOENÇAS INFECTO-CONTAGIOSAS E PARASITÁRIAS DOENÇAS INFECTO CONTAGIOSAS;2019;5;2005;190;10,552631578947368
HEM;UNIDADE INTERNAÇÃO - DOENÇAS INFECTO-CONTAGIOSAS E PARASITÁRIAS DOENÇAS INFECTO CONTAGIOSAS;2019;6;1893;162;11,685185185185185
HEM;UNIDADE INTERNAÇÃO - DOENÇAS INFECTO-CONTAGIOSAS E PARASITÁRIAS DOENÇAS INFECTO CONTAGIOSAS;2019;7;1756;115;15,269565217391305
HEM;UNIDADE INTERNAÇÃO - DOENÇAS INFECTO-CONTAGIOSAS E PARASITÁRIAS DOENÇAS INFECTO CONTAGIOSAS;2019;8;1940;111;17,47747747747748
HEM;UNIDADE INTERNAÇÃO - DOENÇAS INFECTO-CONTAGIOSAS E PARASITÁRIAS DOENÇAS INFECTO CONTAGIOSAS;2019;9;1793;102;17,57843137254902
HEM;UNIDADE INTERNAÇÃO - DOENÇAS INFECTO-CONTAGIOSAS E PARASITÁRIAS DOENÇAS INFECTO CONTAGIOSAS;2019;10;1893;106;17,858490566037737
HEM;UNIDADE INTERNAÇÃO - DOENÇAS INFECTO-CONTAGIOSAS E PARASITÁRIAS DOENÇAS INFECTO CONTAGIOSAS;2019;11;2096;104;20,153846153846153
HEM;UNIDADE INTERNAÇÃO - DOENÇAS INFECTO-CONTAGIOSAS E PARASITÁRIAS DOENÇAS INFECTO CONTAGIOSAS;2019;12;1720;114;15,087719298245615
HEM;UNIDADE INTERNAÇÃO - DOENÇAS INFECTO-CONTAGIOSAS E PARASITÁRIAS DOENÇAS INFECTO CONTAGIOSAS;2020;1;1630;94;17,340425531914892
HEM;UNIDADE INTERNAÇÃO - DOENÇAS INFECTO-CONTAGIOSAS E PARASITÁRIAS DOENÇAS INFECTO CONTAGIOSAS;2020;2;1628;95;17,13684210526316
HEM;UNIDADE INTERNAÇÃO - DOENÇAS INFECTO-CONTAGIOSAS E PARASITÁRIAS DOENÇAS INFECTO CONTAGIOSAS;2020;3;1677;116;14,456896551724139
HEM;UNIDADE INTERNAÇÃO - DOENÇAS INFECTO-CONTAGIOSAS E PARASITÁRIAS DOENÇAS INFECTO CONTAGIOSAS;2020;4;872;142;6,140845070422535
HEM;UNIDADE INTERNAÇÃO - DOENÇAS INFECTO-CONTAGIOSAS E PARASITÁRIAS DOENÇAS INFECTO CONTAGIOSAS;2020;5;1149;159;7,226415094339623
HEM;UNIDADE INTERNAÇÃO - DOENÇAS INFECTO-CONTAGIOSAS E PARASITÁRIAS DOENÇAS INFECTO CONTAGIOSAS;2020;6;1121;141;7,950354609929078
HEM;UNIDADE INTERNAÇÃO - DOENÇAS INFECTO-CONTAGIOSAS E PARASITÁRIAS DOENÇAS INFECTO CONTAGIOSAS;2020;7;1655;202;8,193069306930694
HEM;UNIDADE INTERNAÇÃO - DOENÇAS INFECTO-CONTAGIOSAS E PARASITÁRIAS DOENÇAS INFECTO CONTAGIOSAS;2020;8;1067;136;7,845588235294118
HEM;UNIDADE INTERNAÇÃO - DOENÇAS INFECTO-CONTAGIOSAS E PARASITÁRIAS DOENÇAS INFECTO CONTAGIOSAS;2020;9;1365;107;12,757009345794392
HEM;UNIDADE INTERNAÇÃO - DOENÇAS INFECTO-CONTAGIOSAS E PARASITÁRIAS DOENÇAS INFECTO CONTAGIOSAS;2020;10;1297;129;10,054263565891473
HEM;UNIDADE INTERNAÇÃO - DOENÇAS INFECTO-CONTAGIOSAS E PARASITÁRIAS DOENÇAS INFECTO CONTAGIOSAS;2020;11;1475;130;11,346153846153847
HEM;UNIDADE INTERNAÇÃO - DOENÇAS INFECTO-CONTAGIOSAS E PARASITÁRIAS DOENÇAS INFECTO CONTAGIOSAS;2020;12;1837;172;10,680232558139535
HEM;UNIDADE INTERNAÇÃO - DOENÇAS INFECTO-CONTAGIOSAS E PARASITÁRIAS DOENÇAS INFECTO CONTAGIOSAS;2021;1;1453;163;8,914110429447852
HEM;UNIDADE INTERNAÇÃO - DOENÇAS INFECTO-CONTAGIOSAS E PARASITÁRIAS DOENÇAS INFECTO CONTAGIOSAS;2021;2;1211;127;9,535433070866143
HEM;UNIDADE INTERNAÇÃO - DOENÇAS INFECTO-CONTAGIOSAS E PARASITÁRIAS DOENÇAS INFECTO CONTAGIOSAS;2021;3;2140;240;8,916666666666666
HEM;UNIDADE INTERNAÇÃO - DOENÇAS INFECTO-CONTAGIOSAS E PARASITÁRIAS DOENÇAS INFECTO CONTAGIOSAS;2021;4;1675;203;8,251231527093596
HEM;UNIDADE INTERNAÇÃO - DOENÇAS INFECTO-CONTAGIOSAS E PARASITÁRIAS DOENÇAS INFECTO CONTAGIOSAS;2021;5;1734;206;8,41747572815534
HEM;UNIDADE INTERNAÇÃO - DOENÇAS INFECTO-CONTAGIOSAS E PARASITÁRIAS DOENÇAS INFECTO CONTAGIOSAS;2021;6;1427;163;8,754601226993865
HEM;UNIDADE INTERNAÇÃO - DOENÇAS INFECTO-CONTAGIOSAS E PARASITÁRIAS DOENÇAS INFECTO CONTAGIOSAS;2021;7;1758;163;10,785276073619633
HEM;UNIDADE INTERNAÇÃO - DOENÇAS INFECTO-CONTAGIOSAS E PARASITÁRIAS DOENÇAS INFECTO CONTAGIOSAS;2021;8;2024;149;13,583892617449665
HEM;UNIDADE INTERNAÇÃO - DOENÇAS INFECTO-CONTAGIOSAS E PARASITÁRIAS DOENÇAS INFECTO CONTAGIOSAS;2021;9;1459;125;11,672
HEM;UNIDADE INTERNAÇÃO - DOENÇAS INFECTO-CONTAGIOSAS E PARASITÁRIAS DOENÇAS INFECTO CONTAGIOSAS;2021;10;1454;132;11,015151515151516
HEM;UNIDADE INTERNAÇÃO - DOENÇAS INFECTO-CONTAGIOSAS E PARASITÁRIAS DOENÇAS INFECTO CONTAGIOSAS;2021;11;2069;151;13,701986754966887
HEM;UNIDADE INTERNAÇÃO - DOENÇAS INFECTO-CONTAGIOSAS E PARASITÁRIAS DOENÇAS INFECTO CONTAGIOSAS;2021;12;1755;144;12,1875
HEM;UNIDADE INTERNAÇÃO - DOENÇAS INFECTO-CONTAGIOSAS E PARASITÁRIAS DOENÇAS INFECTO CONTAGIOSAS;2022;1;1572;180;8,733333333333333
HEM;UNIDADE INTERNAÇÃO - DOENÇAS INFECTO-CONTAGIOSAS E PARASITÁRIAS DOENÇAS INFECTO CONTAGIOSAS;2022;2;1989;118;16,85593220338983
HEM;UNIDADE INTERNAÇÃO - DOENÇAS INFECTO-CONTAGIOSAS E PARASITÁRIAS DOENÇAS INFECTO CONTAGIOSAS;2022;3;1586;98;16,183673469387756
HEM;UNIDADE INTERNAÇÃO - DOENÇAS INFECTO-CONTAGIOSAS E PARASITÁRIAS DOENÇAS INFECTO CONTAGIOSAS;2022;4;1565;105;14,904761904761905
HEM;UNIDADE INTERNAÇÃO - DOENÇAS INFECTO-CONTAGIOSAS E PARASITÁRIAS DOENÇAS INFECTO CONTAGIOSAS;2022;5;1586;127;12,488188976377952
HEM;UNIDADE INTERNAÇÃO - DOENÇAS INFECTO-CONTAGIOSAS E PARASITÁRIAS DOENÇAS INFECTO CONTAGIOSAS;2022;6;2078;162;12,82716049382716
HEM;UNIDADE INTERNAÇÃO - DOENÇAS INFECTO-CONTAGIOSAS E PARASITÁRIAS DOENÇAS INFECTO CONTAGIOSAS;2022;7;1702;145;11,73793103448276
HEM;UNIDADE INTERNAÇÃO - DOENÇAS INFECTO-CONTAGIOSAS E PARASITÁRIAS DOENÇAS INFECTO CONTAGIOSAS;2022;8;1843;138;13,355072463768115
HEM;UNIDADE INTERNAÇÃO - DOENÇAS INFECTO-CONTAGIOSAS E PARASITÁRIAS DOENÇAS INFECTO CONTAGIOSAS;2022;9;2473;176;14,051136363636363
HEM;UNIDADE INTERNAÇÃO - DOENÇAS INFECTO-CONTAGIOSAS E PARASITÁRIAS DOENÇAS INFECTO CONTAGIOSAS;2022;10;1917;157;12,210191082802547
HEM;UNIDADE INTERNAÇÃO - DOENÇAS INFECTO-CONTAGIOSAS E PARASITÁRIAS DOENÇAS INFECTO CONTAGIOSAS;2022;11;2434;171;14,23391812865497
HEM;UNIDADE INTERNAÇÃO - DOENÇAS INFECTO-CONTAGIOSAS E PARASITÁRIAS DOENÇAS INFECTO CONTAGIOSAS;2022;12;2460;188;13,085106382978724
HEM;UNIDADE INTERNAÇÃO - DOENÇAS INFECTO-CONTAGIOSAS E PARASITÁRIAS DOENÇAS INFECTO CONTAGIOSAS;2023;1;1893;145;13,055172413793104
HEM;UNIDADE INTERNAÇÃO - DOENÇAS INFECTO-CONTAGIOSAS E PARASITÁRIAS DOENÇAS INFECTO CONTAGIOSAS;2023;2;1902;143;13,3006993006993
HEM;UNIDADE INTERNAÇÃO - DOENÇAS INFECTO-CONTAGIOSAS E PARASITÁRIAS DOENÇAS INFECTO CONTAGIOSAS;2023;3;1904;148;12,864864864864865
HEM;UNIDADE INTERNAÇÃO - DOENÇAS INFECTO-CONTAGIOSAS E PARASITÁRIAS DOENÇAS INFECTO CONTAGIOSAS;2023;4;2063;146;14,13013698630137
HEM;UNIDADE INTERNAÇÃO - DOENÇAS INFECTO-CONTAGIOSAS E PARASITÁRIAS DOENÇAS INFECTO CONTAGIOSAS;2023;5;2290;133;17,218045112781954
HEM;UNIDADE INTERNAÇÃO - DOENÇAS INFECTO-CONTAGIOSAS E PARASITÁRIAS DOENÇAS INFECTO CONTAGIOSAS;2023;6;2477;159;15,578616352201259
HEM;UNIDADE INTERNAÇÃO - DOENÇAS INFECTO-CONTAGIOSAS E PARASITÁRIAS DOENÇAS INFECTO CONTAGIOSAS;2023;7;1855;122;15,204918032786885
HEM;UNIDADE INTERNAÇÃO - DOENÇAS INFECTO-CONTAGIOSAS E PARASITÁRIAS DOENÇAS INFECTO CONTAGIOSAS;2023;8;2423;165;14,684848484848485
HEM;UNIDADE INTERNAÇÃO - DOENÇAS INFECTO-CONTAGIOSAS E PARASITÁRIAS DOENÇAS INFECTO CONTAGIOSAS;2023;9;1602;124;12,919354838709678
HEM;UNIDADE INTERNAÇÃO - DOENÇAS INFECTO-CONTAGIOSAS E PARASITÁRIAS DOENÇAS INFECTO CONTAGIOSAS;2023;10;2240;115;19,47826086956522
HEM;UNIDADE INTERNAÇÃO - DOENÇAS INFECTO-CONTAGIOSAS E PARASITÁRIAS DOENÇAS INFECTO CONTAGIOSAS;2023;11;1658;125;13,264
HEM;UNIDADE INTERNAÇÃO - DOENÇAS INFECTO-CONTAGIOSAS E PARASITÁRIAS DOENÇAS INFECTO CONTAGIOSAS;2023;12;1584;123;12,878048780487806
HEM;UNIDADE INTERNAÇÃO - DOENÇAS INFECTO-CONTAGIOSAS E PARASITÁRIAS DOENÇAS INFECTO CONTAGIOSAS;2024;1;2225;237;9,388185654008439
HEM;UNIDADE INTERNAÇÃO - DOENÇAS INFECTO-CONTAGIOSAS E PARASITÁRIAS DOENÇAS INFECTO CONTAGIOSAS;2024;2;2585;367;7,043596730245231
HEM;UNIDADE INTERNAÇÃO - DOENÇAS INFECTO-CONTAGIOSAS E PARASITÁRIAS DOENÇAS INFECTO CONTAGIOSAS;2024;3;2789;411;6,785888077858881
HEM;UNIDADE INTERNAÇÃO - DOENÇAS INFECTO-CONTAGIOSAS E PARASITÁRIAS DOENÇAS INFECTO CONTAGIOSAS;2024;4;2932;365;8,032876712328767
HEM;UNIDADE INTERNAÇÃO - DOENÇAS INFECTO-CONTAGIOSAS E PARASITÁRIAS DOENÇAS INFECTO CONTAGIOSAS;2024;5;2176;245;8,881632653061224
HEM;UNIDADE INTERNAÇÃO - DOENÇAS INFECTO-CONTAGIOSAS E PARASITÁRIAS DOENÇAS INFECTO CONTAGIOSAS;2024;6;2068;150;13,786666666666667
HEM;UNIDADE INTERNAÇÃO - DOENÇAS INFECTO-CONTAGIOSAS E PARASITÁRIAS DOENÇAS INFECTO CONTAGIOSAS;2024;7;2264;157;14,420382165605096
HEM;UNIDADE INTERNAÇÃO - DOENÇAS INFECTO-CONTAGIOSAS E PARASITÁRIAS DOENÇAS INFECTO CONTAGIOSAS;2024;8;1970;133;14,81203007518797
HEM;UNIDADE INTERNAÇÃO - DOENÇAS INFECTO-CONTAGIOSAS E PARASITÁRIAS DOENÇAS INFECTO CONTAGIOSAS;2024;9;1816;143;12,6993006993007
HEM;UNIDADE INTERNAÇÃO - DOENÇAS INFECTO-CONTAGIOSAS E PARASITÁRIAS DOENÇAS INFECTO CONTAGIOSAS;2024;10;2201;142;15,5
HEM;UNIDADE INTERNAÇÃO - DOENÇAS INFECTO-CONTAGIOSAS E PARASITÁRIAS DOENÇAS INFECTO CONTAGIOSAS;2024;11;1895;138;13,731884057971014
HEM;UNIDADE INTERNAÇÃO - DOENÇAS INFECTO-CONTAGIOSAS E PARASITÁRIAS DOENÇAS INFECTO CONTAGIOSAS;2024;12;1801;134;13,440298507462687
HEM;UNIDADE INTERNAÇÃO - DOENÇAS INFECTO-CONTAGIOSAS E PARASITÁRIAS DOENÇAS INFECTO CONTAGIOSAS;2025;1;1664;135;12,325925925925926
HEM;UNIDADE INTERNAÇÃO - DOENÇAS INFECTO-CONTAGIOSAS E PARASITÁRIAS DOENÇAS INFECTO CONTAGIOSAS;2025;2;1690;123;13,739837398373984
HEM;UNIDADE INTERNAÇÃO - DOENÇAS INFECTO-CONTAGIOSAS E PARASITÁRIAS DOENÇAS INFECTO CONTAGIOSAS;2025;3;2306;147;15,687074829931973
HEM;UNIDADE INTERNAÇÃO - DOENÇAS INFECTO-CONTAGIOSAS E PARASITÁRIAS DOENÇAS INFECTO CONTAGIOSAS;2025;4;2201;159;13,842767295597485
HEM;UNIDADE INTERNAÇÃO - DOENÇAS INFECTO-CONTAGIOSAS E PARASITÁRIAS DOENÇAS INFECTO CONTAGIOSAS;2025;5;2079;164;12,676829268292684
HEM;UNIDADE INTERNAÇÃO - DOENÇAS INFECTO-CONTAGIOSAS E PARASITÁRIAS DOENÇAS INFECTO CONTAGIOSAS;2025;6;492;49;10,040816326530612
HEM;UTI;2019;1;156;10;15,6
HEM;UTI;2019;2;299;11;27,181818181818183
HEM;UTI;2019;3;220;15;14,666666666666666
HEM;UTI;2019;4;91;11;8,272727272727273
HEM;UTI;2019;5;103;11;9,363636363636363
HEM;UTI;2019;6;195;13;15,0
HEM;UTI;2019;7;196;9;21,77777777777778
HEM;UTI;2019;8;131;9;14,555555555555555
HEM;UTI;2019;9;207;13;15,923076923076923
HEM;UTI;2019;10;119;9;13,222222222222221
HEM;UTI;2019;11;270;12;22,5
HEM;UTI;2019;12;278;15;18,533333333333335
HEM;UTI;2020;1;284;21;13,523809523809524
HEM;UTI;2020;2;115;9;12,777777777777779
HEM;UTI;2020;3;145;20;7,25
HEM;UTI;2020;4;272;32;8,5
HEM;UTI;2020;5;420;48;8,75
HEM;UTI;2020;6;390;41;9,512195121951219
HEM;UTI;2020;7;643;55;11,690909090909091
HEM;UTI;2020;8;471;39;12,076923076923077
HEM;UTI;2020;9;434;36;12,055555555555555
HEM;UTI;2020;10;277;25;11,08
HEM;UTI;2020;11;255;20;12,75
HEM;UTI;2020;12;515;61;8,442622950819672
HEM;UTI;2021;1;497;43;11,55813953488372
HEM;UTI;2021;2;325;22;14,772727272727273
HEM;UTI;2021;3;749;65;11,523076923076923
HEM;UTI;2021;4;781;63;12,396825396825397
HEM;UTI;2021;5;589;35;16,82857142857143
HEM;UTI;2021;6;535;28;19,107142857142858
HEM;UTI;2021;7;496;32;15,5
HEM;UTI;2021;8;1;1;1,0
HEM;UTI - ADULTO;2021;8;217;18;12,055555555555555
HEM;UTI - ADULTO;2021;9;118;9;13,11111111111111
HEM;UTI - ADULTO;2021;10;354;16;22,125
HEM;UTI - ADULTO;2021;11;211;19;11,105263157894736
HEM;UTI - ADULTO;2021;12;404;21;19,238095238095237
HEM;UTI - ADULTO;2022;1;419;25;16,76
HEM;UTI - ADULTO;2022;2;309;21;14,714285714285714
HEM;UTI - ADULTO;2022;3;313;21;14,904761904761905
HEM;UTI - ADULTO;2022;4;208;16;13,0
HEM;UTI - ADULTO;2022;5;186;19;9,789473684210526
HEM;UTI - ADULTO;2022;6;176;12;14,666666666666666
HEM;UTI - ADULTO;2022;7;188;18;10,444444444444445
HEM;UTI - ADULTO;2022;8;92;11;8,363636363636363
HEM;UTI - ADULTO;2022;9;129;12;10,75
HEM;UTI - ADULTO;2022;10;11;4;2,75
HEM;UTI - ADULTO;2022;11;88;5;17,6
HEM;UTI - ADULTO;2022;12;202;12;16,833333333333332
HEM;UTI - ADULTO;2023;1;244;13;18,76923076923077
HEM;UTI - ADULTO;2023;2;87;10;8,7
HEM;UTI - ADULTO;2023;3;172;14;12,285714285714286
HEM;UTI - ADULTO;2023;4;21;4;5,25
HEM;UTI - ADULTO;2023;5;141;13;10,846153846153847
HEM;UTI - ADULTO;2023;6;63;3;21,0
HEM;UTI - ADULTO;2023;7;180;10;18,0
HEM;UTI - ADULTO;2023;8;241;14;17,214285714285715
HEM;UTI - ADULTO;2023;9;191;10;19,1
HEM;UTI - ADULTO;2023;10;187;10;18,7
HEM;UTI - ADULTO;2023;11;136;6;22,666666666666668
HEM;UTI - ADULTO;2023;12;392;16;24,5
HEM;UTI - ADULTO;2024;1;140;12;11,666666666666666
HEM;UTI - ADULTO;2024;2;68;9;7,555555555555555
HEM;UTI - ADULTO;2024;3;78;11;7,090909090909091
HEM;UTI - ADULTO;2024;4;169;12;14,083333333333334
HEM;UTI - ADULTO;2024;5;114;11;10,363636363636363
HEM;UTI - ADULTO;2024;6;225;14;16,071428571428573
HEM;UTI - ADULTO;2024;7;55;2;27,5
HEM;UTI - ADULTO;2024;8;93;4;23,25
HEM;UTI - ADULTO;2024;9;245;13;18,846153846153847
HEM;UTI - ADULTO;2024;10;59;3;19,666666666666668
HEM;UTI - ADULTO;2024;11;187;10;18,7
HEM;UTI - ADULTO;2024;12;167;10;16,7
HEM;UTI - ADULTO;2025;1;89;6;14,833333333333334
HEM;UTI - ADULTO;2025;2;203;10;20,3
HEM;UTI - ADULTO;2025;3;137;11;12,454545454545455
HEM;UTI - ADULTO;2025;4;263;13;20,23076923076923
HEM;UTI - ADULTO;2025;5;111;14;7,928571428571429
HEM;UTI - ADULTO;2025;6;72;5;14,4
HIJPII;AMBULATORIO - ESPECIALIDADES;2019;1;1;1;1,0
HIJPII;AMBULATORIO - ESPECIALIDADES;2019;4;2;1;2,0
HIJPII;AMBULATORIO - ESPECIALIDADES;2019;7;2;1;2,0
HIJPII;AMBULATORIO - ESPECIALIDADES;2019;8;28;2;14,0
HIJPII;AMBULATORIO - ESPECIALIDADES;2019;10;8;2;4,0
HIJPII;AMBULATORIO - ESPECIALIDADES;2020;2;2;1;2,0
HIJPII;AMBULATORIO - ESPECIALIDADES;2020;3;2;1;2,0
HIJPII;AMBULATORIO - ESPECIALIDADES;2020;12;78;1;78,0
HIJPII;AMBULATORIO - ESPECIALIDADES;2021;3;4;1;4,0
HIJPII;AMBULATORIO - ESPECIALIDADES;2021;4;7;1;7,0
HIJPII;AMBULATORIO - ESPECIALIDADES;2021;6;2;1;2,0
HIJPII;AMBULATORIO - ESPECIALIDADES;2021;9;13;1;13,0
HIJPII;AMBULATORIO - ESPECIALIDADES;2022;6;19;1;19,0
HIJPII;AMBULATORIO - ESPECIALIDADES;2022;9;2;1;2,0
HIJPII;AMBULATORIO - ESPECIALIDADES;2024;5;20;2;10,0
HIJPII;AMBULATORIO - ESPECIALIDADES;2024;12;2;1;2,0
HIJPII;AMBULATORIO - ESPECIALIDADES;2025;3;47;1;47,0
HIJPII;AMBULATORIO - ESPECIALIDADES;2025;4;22;2;11,0
HIJPII;AMBULATORIO - ESPECIALIDADES;2025;5;3;1;3,0
HIJPII;AMBULATORIO - ESPECIALIDADES;2025;6;15;2;7,5
HIJPII;AMBULATORIO - ESPECIALIDADES;2025;10;9;1;9,0
HIJPII;AMBULATORIO - ESPECIALIDADES;2025;11;7;1;7,0
HIJPII;AMBULATORIO - ESPECIALIDADES;2026;5;17;2;8,5
HIJPII;AMBULATORIO ESPECIALIDADES MEDICAS;2024;10;7;1;7,0
HIJPII;ELETROENCEFALOGRAMA;2019;1;3;2;1,5
HIJPII;ELETROENCEFALOGRAMA;2019;4;2;1;2,0
HIJPII;ENDOSCOPIA;2021;6;9;1;9,0
HIJPII;RADIOLOGIA;2019;3;4;1;4,0
HIJPII;RADIOLOGIA;2019;5;2;1;2,0
HIJPII;RADIOLOGIA;2022;11;4;1;4,0
HIJPII;RADIOLOGIA;2024;3;3;1;3,0
HIJPII;ULTRASSONOGRAFIA;2019;2;1;1;1,0
HIJPII;ULTRASSONOGRAFIA;2019;4;1;1;1,0
HIJPII;UNIDADE INTERNAÇÃO - CLINICA PEDIÁTRICA;2019;1;1946;205;9,492682926829268
HIJPII;UNIDADE INTERNAÇÃO - CLINICA PEDIÁTRICA;2019;2;3055;195;15,666666666666666
HIJPII;UNIDADE INTERNAÇÃO - CLINICA PEDIÁTRICA;2019;3;2054;252;8,15079365079365
HIJPII;UNIDADE INTERNAÇÃO - CLINICA PEDIÁTRICA;2019;4;2901;291;9,969072164948454
HIJPII;UNIDADE INTERNAÇÃO - CLINICA PEDIÁTRICA;2019;5;3786;327;11,577981651376147
HIJPII;UNIDADE INTERNAÇÃO - CLINICA PEDIÁTRICA;2019;6;2094;259;8,084942084942085
HIJPII;UNIDADE INTERNAÇÃO - CLINICA PEDIÁTRICA;2019;7;2593;257;10,089494163424124
HIJPII;UNIDADE INTERNAÇÃO - CLINICA PEDIÁTRICA;2019;8;2103;224;9,388392857142858
HIJPII;UNIDADE INTERNAÇÃO - CLINICA PEDIÁTRICA;2019;9;2095;233;8,991416309012875
HIJPII;UNIDADE INTERNAÇÃO - CLINICA PEDIÁTRICA;2019;10;1794;235;7,634042553191489
HIJPII;UNIDADE INTERNAÇÃO - CLINICA PEDIÁTRICA;2019;11;2056;235;8,748936170212765
HIJPII;UNIDADE INTERNAÇÃO - CLINICA PEDIÁTRICA;2019;12;3048;294;10,36734693877551
HIJPII;UNIDADE INTERNAÇÃO - CLINICA PEDIÁTRICA;2020;1;1695;223;7,6008968609865475
HIJPII;UNIDADE INTERNAÇÃO - CLINICA PEDIÁTRICA;2020;2;1398;213;6,563380281690141
HIJPII;UNIDADE INTERNAÇÃO - CLINICA PEDIÁTRICA;2020;3;2333;248;9,40725806451613
HIJPII;UNIDADE INTERNAÇÃO - CLINICA PEDIÁTRICA;2020;4;1437;156;9,211538461538462
HIJPII;UNIDADE INTERNAÇÃO - CLINICA PEDIÁTRICA;2020;5;2905;162;17,932098765432098
HIJPII;UNIDADE INTERNAÇÃO - CLINICA PEDIÁTRICA;2020;6;1447;167;8,664670658682635
HIJPII;UNIDADE INTERNAÇÃO - CLINICA PEDIÁTRICA;2020;7;1902;162;11,74074074074074
HIJPII;UNIDADE INTERNAÇÃO - CLINICA PEDIÁTRICA;2020;8;1560;174;8,96551724137931
HIJPII;UNIDADE INTERNAÇÃO - CLINICA PEDIÁTRICA;2020;9;1568;176;8,909090909090908
HIJPII;UNIDADE INTERNAÇÃO - CLINICA PEDIÁTRICA;2020;10;1679;174;9,649425287356323
HIJPII;UNIDADE INTERNAÇÃO - CLINICA PEDIÁTRICA;2020;11;1763;190;9,278947368421052
HIJPII;UNIDADE INTERNAÇÃO - CLINICA PEDIÁTRICA;2020;12;1822;185;9,848648648648648
HIJPII;UNIDADE INTERNAÇÃO - CLINICA PEDIÁTRICA;2021;1;1503;178;8,4438202247191
HIJPII;UNIDADE INTERNAÇÃO - CLINICA PEDIÁTRICA;2021;2;1306;163;8,012269938650308
HIJPII;UNIDADE INTERNAÇÃO - CLINICA PEDIÁTRICA;2021;3;2471;207;11,93719806763285
HIJPII;UNIDADE INTERNAÇÃO - CLINICA PEDIÁTRICA;2021;4;2384;230;10,365217391304348
HIJPII;UNIDADE INTERNAÇÃO - CLINICA PEDIÁTRICA;2021;5;1820;202;9,009900990099009
HIJPII;UNIDADE INTERNAÇÃO - CLINICA PEDIÁTRICA;2021;6;1861;167;11,1437125748503
HIJPII;UNIDADE INTERNAÇÃO - CLINICA PEDIÁTRICA;2021;7;1929;185;10,427027027027027
HIJPII;UNIDADE INTERNAÇÃO - CLINICA PEDIÁTRICA;2021;8;2307;166;13,897590361445783
HIJPII;UNIDADE INTERNAÇÃO - CLINICA PEDIÁTRICA;2021;9;2066;181;11,414364640883978
HIJPII;UNIDADE INTERNAÇÃO - CLINICA PEDIÁTRICA;2021;10;1974;195;10,123076923076923
HIJPII;UNIDADE INTERNAÇÃO - CLINICA PEDIÁTRICA;2021;11;1618;195;8,297435897435898
HIJPII;UNIDADE INTERNAÇÃO - CLINICA PEDIÁTRICA;2021;12;2425;242;10,020661157024794
HIJPII;UNIDADE INTERNAÇÃO - CLINICA PEDIÁTRICA;2022;1;2001;197;10,157360406091371
HIJPII;UNIDADE INTERNAÇÃO - CLINICA PEDIÁTRICA;2022;2;1987;203;9,788177339901479
HIJPII;UNIDADE INTERNAÇÃO - CLINICA PEDIÁTRICA;2022;3;2254;235;9,591489361702127
HIJPII;UNIDADE INTERNAÇÃO - CLINICA PEDIÁTRICA;2022;4;2698;255;10,580392156862745
HIJPII;UNIDADE INTERNAÇÃO - CLINICA PEDIÁTRICA;2022;5;2987;251;11,900398406374501
HIJPII;UNIDADE INTERNAÇÃO - CLINICA PEDIÁTRICA;2022;6;1953;207;9,434782608695652
HIJPII;UNIDADE INTERNAÇÃO - CLINICA PEDIÁTRICA;2022;7;2370;211;11,23222748815166
HIJPII;UNIDADE INTERNAÇÃO - CLINICA PEDIÁTRICA;2022;8;2053;219;9,374429223744292
HIJPII;UNIDADE INTERNAÇÃO - CLINICA PEDIÁTRICA;2022;9;1674;239;7,00418410041841
HIJPII;UNIDADE INTERNAÇÃO - CLINICA PEDIÁTRICA;2022;10;2081;220;9,459090909090909
HIJPII;UNIDADE INTERNAÇÃO - CLINICA PEDIÁTRICA;2022;11;1879;244;7,700819672131147
HIJPII;UNIDADE INTERNAÇÃO - CLINICA PEDIÁTRICA;2022;12;1749;203;8,61576354679803
HIJPII;UNIDADE INTERNAÇÃO - CLINICA PEDIÁTRICA;2023;1;1958;204;9,598039215686274
HIJPII;UNIDADE INTERNAÇÃO - CLINICA PEDIÁTRICA;2023;2;2173;273;7,95970695970696
HIJPII;UNIDADE INTERNAÇÃO - CLINICA PEDIÁTRICA;2023;3;2189;310;7,061290322580645
HIJPII;UNIDADE INTERNAÇÃO - CLINICA PEDIÁTRICA;2023;4;2055;258;7,965116279069767
HIJPII;UNIDADE INTERNAÇÃO - CLINICA PEDIÁTRICA;2023;5;2921;267;10,940074906367041
HIJPII;UNIDADE INTERNAÇÃO - CLINICA PEDIÁTRICA;2023;6;2191;225;9,737777777777778
HIJPII;UNIDADE INTERNAÇÃO - CLINICA PEDIÁTRICA;2023;7;2298;242;9,49586776859504
HIJPII;UNIDADE INTERNAÇÃO - CLINICA PEDIÁTRICA;2023;8;2574;200;12,87
HIJPII;UNIDADE INTERNAÇÃO - CLINICA PEDIÁTRICA;2023;9;2353;227;10,365638766519824
HIJPII;UNIDADE INTERNAÇÃO - CLINICA PEDIÁTRICA;2023;10;2616;229;11,423580786026202
HIJPII;UNIDADE INTERNAÇÃO - CLINICA PEDIÁTRICA;2023;11;1718;211;8,14218009478673
HIJPII;UNIDADE INTERNAÇÃO - CLINICA PEDIÁTRICA;2023;12;1722;219;7,863013698630137
HIJPII;UNIDADE INTERNAÇÃO - CLINICA PEDIÁTRICA;2024;1;1700;199;8,542713567839195
HIJPII;UNIDADE INTERNAÇÃO - CLINICA PEDIÁTRICA;2024;2;2083;219;9,511415525114156
HIJPII;UNIDADE INTERNAÇÃO - CLINICA PEDIÁTRICA;2024;3;2276;327;6,960244648318043
HIJPII;UNIDADE INTERNAÇÃO - CLINICA PEDIÁTRICA;2024;4;2591;335;7,7343283582089555
HIJPII;UNIDADE INTERNAÇÃO - CLINICA PEDIÁTRICA;2024;5;2856;296;9,64864864864865
HIJPII;UNIDADE INTERNAÇÃO - CLINICA PEDIÁTRICA;2024;6;2308;260;8,876923076923077
HIJPII;UNIDADE INTERNAÇÃO - CLINICA PEDIÁTRICA;2024;7;1922;236;8,14406779661017
HIJPII;UNIDADE INTERNAÇÃO - CLINICA PEDIÁTRICA;2024;8;2370;233;10,17167381974249
HIJPII;UNIDADE INTERNAÇÃO - CLINICA PEDIÁTRICA;2024;9;1976;245;8,06530612244898
HIJPII;UNIDADE INTERNAÇÃO - CLINICA PEDIÁTRICA;2024;10;2167;225;9,63111111111111
HIJPII;UNIDADE INTERNAÇÃO - CLINICA PEDIÁTRICA;2024;11;1826;222;8,225225225225225
HIJPII;UNIDADE INTERNAÇÃO - CLINICA PEDIÁTRICA;2024;12;2227;240;9,279166666666667
HIJPII;UNIDADE INTERNAÇÃO - CLINICA PEDIÁTRICA;2025;1;1829;239;7,652719665271967
HIJPII;UNIDADE INTERNAÇÃO - CLINICA PEDIÁTRICA;2025;2;1704;208;8,192307692307692
HIJPII;UNIDADE INTERNAÇÃO - CLINICA PEDIÁTRICA;2025;3;1910;263;7,262357414448669
HIJPII;UNIDADE INTERNAÇÃO - CLINICA PEDIÁTRICA;2025;4;2280;326;6,993865030674846
HIJPII;UNIDADE INTERNAÇÃO - CLINICA PEDIÁTRICA;2025;5;2531;330;7,66969696969697
HIJPII;UNIDADE INTERNAÇÃO - CLINICA PEDIÁTRICA;2025;6;2295;301;7,6245847176079735
HIJPII;UNIDADE INTERNAÇÃO - CLINICA PEDIÁTRICA;2025;7;1941;239;8,121338912133892
HIJPII;UNIDADE INTERNAÇÃO - CLINICA PEDIÁTRICA;2025;8;1642;202;8,128712871287128
HIJPII;UNIDADE INTERNAÇÃO - CLINICA PEDIÁTRICA;2025;9;1690;183;9,234972677595628
HIJPII;UNIDADE INTERNAÇÃO - CLINICA PEDIÁTRICA;2025;10;1902;201;9,462686567164178
HIJPII;UNIDADE INTERNAÇÃO - CLINICA PEDIÁTRICA;2025;11;1584;198;8,0
HIJPII;UNIDADE INTERNAÇÃO - CLINICA PEDIÁTRICA;2025;12;2132;210;10,152380952380952
HIJPII;UNIDADE INTERNAÇÃO - CLINICA PEDIÁTRICA;2026;1;1440;170;8,470588235294118
HIJPII;UNIDADE INTERNAÇÃO - CLINICA PEDIÁTRICA;2026;2;1013;134;7,559701492537314
HIJPII;UNIDADE INTERNAÇÃO - CLINICA PEDIÁTRICA;2026;3;1514;202;7,4950495049504955
HIJPII;UNIDADE INTERNAÇÃO - CLINICA PEDIÁTRICA;2026;4;2070;235;8,808510638297872
HIJPII;UNIDADE INTERNAÇÃO - CLINICA PEDIÁTRICA;2026;5;2338;288;8,118055555555555
HIJPII;UNIDADE INTERNAÇÃO - CLINICA PEDIÁTRICA;2026;6;2045;290;7,051724137931035
HIJPII;UNIDADE INTERNAÇÃO - CURTO PRAZO;2019;1;85;60;1,4166666666666667
HIJPII;UNIDADE INTERNAÇÃO - CURTO PRAZO;2019;2;87;69;1,2608695652173914
HIJPII;UNIDADE INTERNAÇÃO - CURTO PRAZO;2019;3;217;134;1,6194029850746268
HIJPII;UNIDADE INTERNAÇÃO - CURTO PRAZO;2019;4;262;170;1,5411764705882354
HIJPII;UNIDADE INTERNAÇÃO - CURTO PRAZO;2019;5;210;141;1,4893617021276595
HIJPII;UNIDADE INTERNAÇÃO - CURTO PRAZO;2019;6;188;125;1,504
HIJPII;UNIDADE INTERNAÇÃO - CURTO PRAZO;2019;7;162;88;1,8409090909090908
HIJPII;UNIDADE INTERNAÇÃO - CURTO PRAZO;2019;8;67;51;1,3137254901960784
HIJPII;UNIDADE INTERNAÇÃO - CURTO PRAZO;2019;9;71;51;1,392156862745098
HIJPII;UNIDADE INTERNAÇÃO - CURTO PRAZO;2019;10;17;19;0,8947368421052632
HIJPII;UNIDADE INTERNAÇÃO - CURTO PRAZO;2019;11;16;14;1,1428571428571428
HIJPII;UNIDADE INTERNAÇÃO - CURTO PRAZO;2019;12;38;35;1,0857142857142856
HIJPII;UNIDADE INTERNAÇÃO - CURTO PRAZO;2020;1;8;8;1,0
HIJPII;UNIDADE INTERNAÇÃO - CURTO PRAZO;2020;2;21;18;1,1666666666666667
HIJPII;UNIDADE INTERNAÇÃO - CURTO PRAZO;2020;3;54;38;1,4210526315789473
HIJPII;UNIDADE INTERNAÇÃO - CURTO PRAZO;2020;4;3;5;0,6
HIJPII;UNIDADE INTERNAÇÃO - CURTO PRAZO;2020;5;8;5;1,6
HIJPII;UNIDADE INTERNAÇÃO - CURTO PRAZO;2020;6;19;15;1,2666666666666666
HIJPII;UNIDADE INTERNAÇÃO - CURTO PRAZO;2020;7;9;8;1,125
HIJPII;UNIDADE INTERNAÇÃO - CURTO PRAZO;2020;8;7;6;1,1666666666666667
HIJPII;UNIDADE INTERNAÇÃO - CURTO PRAZO;2020;9;10;9;1,1111111111111112
HIJPII;UNIDADE INTERNAÇÃO - CURTO PRAZO;2020;10;23;18;1,2777777777777777
HIJPII;UNIDADE INTERNAÇÃO - CURTO PRAZO;2020;11;27;17;1,588235294117647
HIJPII;UNIDADE INTERNAÇÃO - CURTO PRAZO;2020;12;16;11;1,4545454545454546
HIJPII;UNIDADE INTERNAÇÃO - CURTO PRAZO;2021;1;17;15;1,1333333333333333
HIJPII;UNIDADE INTERNAÇÃO - CURTO PRAZO;2021;2;27;21;1,2857142857142858
HIJPII;UNIDADE INTERNAÇÃO - CURTO PRAZO;2021;3;39;31;1,2580645161290323
HIJPII;UNIDADE INTERNAÇÃO - CURTO PRAZO;2021;4;35;28;1,25
HIJPII;UNIDADE INTERNAÇÃO - CURTO PRAZO;2021;5;30;27;1,1111111111111112
HIJPII;UNIDADE INTERNAÇÃO - CURTO PRAZO;2021;6;24;21;1,1428571428571428
HIJPII;UNIDADE INTERNAÇÃO - CURTO PRAZO;2021;7;40;34;1,1764705882352942
HIJPII;UNIDADE INTERNAÇÃO - CURTO PRAZO;2021;8;20;16;1,25
HIJPII;UNIDADE INTERNAÇÃO - CURTO PRAZO;2021;9;46;39;1,1794871794871795
HIJPII;UNIDADE INTERNAÇÃO - CURTO PRAZO;2021;10;41;36;1,1388888888888888
HIJPII;UNIDADE INTERNAÇÃO - CURTO PRAZO;2021;11;35;31;1,1290322580645162
HIJPII;UNIDADE INTERNAÇÃO - CURTO PRAZO;2021;12;79;55;1,4363636363636363
HIJPII;UNIDADE INTERNAÇÃO - CURTO PRAZO;2022;1;119;84;1,4166666666666667
HIJPII;UNIDADE INTERNAÇÃO - CURTO PRAZO;2022;2;453;58;7,810344827586207
HIJPII;UNIDADE INTERNAÇÃO - CURTO PRAZO;2022;3;127;76;1,6710526315789473
HIJPII;UNIDADE INTERNAÇÃO - CURTO PRAZO;2022;4;74;44;1,6818181818181819
HIJPII;UNIDADE INTERNAÇÃO - CURTO PRAZO;2022;5;139;71;1,9577464788732395
HIJPII;UNIDADE INTERNAÇÃO - CURTO PRAZO;2022;6;95;57;1,6666666666666667
HIJPII;UNIDADE INTERNAÇÃO - CURTO PRAZO;2022;7;123;62;1,9838709677419355
HIJPII;UNIDADE INTERNAÇÃO - CURTO PRAZO;2022;8;58;42;1,380952380952381
HIJPII;UNIDADE INTERNAÇÃO - CURTO PRAZO;2022;9;106;38;2,789473684210526
HIJPII;UNIDADE INTERNAÇÃO - CURTO PRAZO;2022;10;57;45;1,2666666666666666
HIJPII;UNIDADE INTERNAÇÃO - CURTO PRAZO;2022;11;85;65;1,3076923076923077
HIJPII;UNIDADE INTERNAÇÃO - CURTO PRAZO;2022;12;33;29;1,1379310344827587
HIJPII;UNIDADE INTERNAÇÃO - CURTO PRAZO;2023;1;45;27;1,6666666666666667
HIJPII;UNIDADE INTERNAÇÃO - CURTO PRAZO;2023;2;46;36;1,2777777777777777
HIJPII;UNIDADE INTERNAÇÃO - CURTO PRAZO;2023;3;86;62;1,3870967741935485
HIJPII;UNIDADE INTERNAÇÃO - CURTO PRAZO;2023;4;87;59;1,4745762711864407
HIJPII;UNIDADE INTERNAÇÃO - CURTO PRAZO;2023;5;112;77;1,4545454545454546
HIJPII;UNIDADE INTERNAÇÃO - CURTO PRAZO;2023;6;63;46;1,3695652173913044
HIJPII;UNIDADE INTERNAÇÃO - CURTO PRAZO;2023;7;98;73;1,3424657534246576
HIJPII;UNIDADE INTERNAÇÃO - CURTO PRAZO;2023;8;68;46;1,4782608695652173
HIJPII;UNIDADE INTERNAÇÃO - CURTO PRAZO;2023;9;71;45;1,5777777777777777
HIJPII;UNIDADE INTERNAÇÃO - CURTO PRAZO;2023;10;41;30;1,3666666666666667
HIJPII;UNIDADE INTERNAÇÃO - CURTO PRAZO;2023;11;36;28;1,2857142857142858
HIJPII;UNIDADE INTERNAÇÃO - CURTO PRAZO;2023;12;21;20;1,05
HIJPII;UNIDADE INTERNAÇÃO - CURTO PRAZO;2024;1;41;30;1,3666666666666667
HIJPII;UNIDADE INTERNAÇÃO - CURTO PRAZO;2024;2;59;51;1,1568627450980393
HIJPII;UNIDADE INTERNAÇÃO - CURTO PRAZO;2024;3;166;126;1,3174603174603174
HIJPII;UNIDADE INTERNAÇÃO - CURTO PRAZO;2024;4;167;101;1,6534653465346534
HIJPII;UNIDADE INTERNAÇÃO - CURTO PRAZO;2024;5;80;51;1,5686274509803921
HIJPII;UNIDADE INTERNAÇÃO - CURTO PRAZO;2024;6;43;34;1,2647058823529411
HIJPII;UNIDADE INTERNAÇÃO - CURTO PRAZO;2024;7;52;38;1,368421052631579
HIJPII;UNIDADE INTERNAÇÃO - CURTO PRAZO;2024;8;37;22;1,6818181818181819
HIJPII;UNIDADE INTERNAÇÃO - CURTO PRAZO;2024;9;74;44;1,6818181818181819
HIJPII;UNIDADE INTERNAÇÃO - CURTO PRAZO;2024;10;47;33;1,4242424242424243
HIJPII;UNIDADE INTERNAÇÃO - CURTO PRAZO;2024;11;45;31;1,4516129032258065
HIJPII;UNIDADE INTERNAÇÃO - CURTO PRAZO;2024;12;52;42;1,2380952380952381
HIJPII;UNIDADE INTERNAÇÃO - CURTO PRAZO;2025;1;35;23;1,5217391304347827
HIJPII;UNIDADE INTERNAÇÃO - CURTO PRAZO;2025;2;17;16;1,0625
HIJPII;UNIDADE INTERNAÇÃO - CURTO PRAZO;2025;3;41;32;1,28125
HIJPII;UNIDADE INTERNAÇÃO - CURTO PRAZO;2025;4;86;49;1,7551020408163265
HIJPII;UNIDADE INTERNAÇÃO - CURTO PRAZO;2025;5;133;61;2,180327868852459
HIJPII;UNIDADE INTERNAÇÃO - CURTO PRAZO;2025;6;74;40;1,85
HIJPII;UNIDADE INTERNAÇÃO - CURTO PRAZO;2025;7;35;20;1,75
HIJPII;UNIDADE INTERNAÇÃO - CURTO PRAZO;2025;8;38;25;1,52
HIJPII;UNIDADE INTERNAÇÃO - CURTO PRAZO;2025;9;44;22;2,0
HIJPII;UNIDADE INTERNAÇÃO - CURTO PRAZO;2025;10;23;20;1,15
HIJPII;UNIDADE INTERNAÇÃO - CURTO PRAZO;2025;11;36;20;1,8
HIJPII;UNIDADE INTERNAÇÃO - CURTO PRAZO;2025;12;34;27;1,2592592592592593
HIJPII;UNIDADE INTERNAÇÃO - CURTO PRAZO;2026;1;43;31;1,3870967741935485
HIJPII;UNIDADE INTERNAÇÃO - CURTO PRAZO;2026;2;20;18;1,1111111111111112
HIJPII;UNIDADE INTERNAÇÃO - CURTO PRAZO;2026;3;69;31;2,225806451612903
HIJPII;UNIDADE INTERNAÇÃO - CURTO PRAZO;2026;4;108;59;1,8305084745762712
HIJPII;UNIDADE INTERNAÇÃO - CURTO PRAZO;2026;5;1616;52;31,076923076923077
HIJPII;UNIDADE INTERNAÇÃO - CURTO PRAZO;2026;6;85;32;2,65625
HIJPII;UNIDADE INTERNAÇÃO - DOENÇAS INFECTO-CONTAGIOSAS E PARASITÁRIAS;2019;1;473;105;4,504761904761905
HIJPII;UNIDADE INTERNAÇÃO - DOENÇAS INFECTO-CONTAGIOSAS E PARASITÁRIAS;2019;2;684;106;6,452830188679245
HIJPII;UNIDADE INTERNAÇÃO - DOENÇAS INFECTO-CONTAGIOSAS E PARASITÁRIAS;2019;3;725;136;5,330882352941177
HIJPII;UNIDADE INTERNAÇÃO - DOENÇAS INFECTO-CONTAGIOSAS E PARASITÁRIAS;2019;4;735;141;5,212765957446808
HIJPII;UNIDADE INTERNAÇÃO - DOENÇAS INFECTO-CONTAGIOSAS E PARASITÁRIAS;2019;5;925;173;5,3468208092485545
HIJPII;UNIDADE INTERNAÇÃO - DOENÇAS INFECTO-CONTAGIOSAS E PARASITÁRIAS;2019;6;718;151;4,754966887417218
HIJPII;UNIDADE INTERNAÇÃO - DOENÇAS INFECTO-CONTAGIOSAS E PARASITÁRIAS;2019;7;795;139;5,719424460431655
HIJPII;UNIDADE INTERNAÇÃO - DOENÇAS INFECTO-CONTAGIOSAS E PARASITÁRIAS;2019;8;660;128;5,15625
HIJPII;UNIDADE INTERNAÇÃO - DOENÇAS INFECTO-CONTAGIOSAS E PARASITÁRIAS;2019;9;764;152;5,026315789473684
HIJPII;UNIDADE INTERNAÇÃO - DOENÇAS INFECTO-CONTAGIOSAS E PARASITÁRIAS;2019;10;684;125;5,472
HIJPII;UNIDADE INTERNAÇÃO - DOENÇAS INFECTO-CONTAGIOSAS E PARASITÁRIAS;2019;11;680;106;6,415094339622642
HIJPII;UNIDADE INTERNAÇÃO - DOENÇAS INFECTO-CONTAGIOSAS E PARASITÁRIAS;2019;12;844;149;5,6644295302013425
HIJPII;UNIDADE INTERNAÇÃO - DOENÇAS INFECTO-CONTAGIOSAS E PARASITÁRIAS;2020;1;480;90;5,333333333333333
HIJPII;UNIDADE INTERNAÇÃO - DOENÇAS INFECTO-CONTAGIOSAS E PARASITÁRIAS;2020;2;565;111;5,09009009009009
HIJPII;UNIDADE INTERNAÇÃO - DOENÇAS INFECTO-CONTAGIOSAS E PARASITÁRIAS;2020;3;725;175;4,142857142857143
HIJPII;UNIDADE INTERNAÇÃO - DOENÇAS INFECTO-CONTAGIOSAS E PARASITÁRIAS;2020;4;339;79;4,291139240506329
HIJPII;UNIDADE INTERNAÇÃO - DOENÇAS INFECTO-CONTAGIOSAS E PARASITÁRIAS;2020;5;356;80;4,45
HIJPII;UNIDADE INTERNAÇÃO - DOENÇAS INFECTO-CONTAGIOSAS E PARASITÁRIAS;2020;6;581;150;3,8733333333333335
HIJPII;UNIDADE INTERNAÇÃO - DOENÇAS INFECTO-CONTAGIOSAS E PARASITÁRIAS;2020;7;584;193;3,0259067357512954
HIJPII;UNIDADE INTERNAÇÃO - DOENÇAS INFECTO-CONTAGIOSAS E PARASITÁRIAS;2020;8;506;135;3,748148148148148
HIJPII;UNIDADE INTERNAÇÃO - DOENÇAS INFECTO-CONTAGIOSAS E PARASITÁRIAS;2020;9;530;108;4,907407407407407
HIJPII;UNIDADE INTERNAÇÃO - DOENÇAS INFECTO-CONTAGIOSAS E PARASITÁRIAS;2020;10;410;112;3,6607142857142856
HIJPII;UNIDADE INTERNAÇÃO - DOENÇAS INFECTO-CONTAGIOSAS E PARASITÁRIAS;2020;11;565;137;4,124087591240876
HIJPII;UNIDADE INTERNAÇÃO - DOENÇAS INFECTO-CONTAGIOSAS E PARASITÁRIAS;2020;12;406;135;3,0074074074074075
HIJPII;UNIDADE INTERNAÇÃO - DOENÇAS INFECTO-CONTAGIOSAS E PARASITÁRIAS;2021;1;390;128;3,046875
HIJPII;UNIDADE INTERNAÇÃO - DOENÇAS INFECTO-CONTAGIOSAS E PARASITÁRIAS;2021;2;513;143;3,5874125874125875
HIJPII;UNIDADE INTERNAÇÃO - DOENÇAS INFECTO-CONTAGIOSAS E PARASITÁRIAS;2021;3;853;182;4,686813186813187
HIJPII;UNIDADE INTERNAÇÃO - DOENÇAS INFECTO-CONTAGIOSAS E PARASITÁRIAS;2021;4;678;165;4,109090909090909
HIJPII;UNIDADE INTERNAÇÃO - DOENÇAS INFECTO-CONTAGIOSAS E PARASITÁRIAS;2021;5;673;144;4,673611111111111
HIJPII;UNIDADE INTERNAÇÃO - DOENÇAS INFECTO-CONTAGIOSAS E PARASITÁRIAS;2021;6;692;134;5,164179104477612
HIJPII;UNIDADE INTERNAÇÃO - DOENÇAS INFECTO-CONTAGIOSAS E PARASITÁRIAS;2021;7;749;137;5,467153284671533
HIJPII;UNIDADE INTERNAÇÃO - DOENÇAS INFECTO-CONTAGIOSAS E PARASITÁRIAS;2021;8;585;130;4,5
HIJPII;UNIDADE INTERNAÇÃO - DOENÇAS INFECTO-CONTAGIOSAS E PARASITÁRIAS;2021;9;647;132;4,901515151515151
HIJPII;UNIDADE INTERNAÇÃO - DOENÇAS INFECTO-CONTAGIOSAS E PARASITÁRIAS;2021;10;671;145;4,627586206896551
HIJPII;UNIDADE INTERNAÇÃO - DOENÇAS INFECTO-CONTAGIOSAS E PARASITÁRIAS;2021;11;770;150;5,133333333333334
HIJPII;UNIDADE INTERNAÇÃO - DOENÇAS INFECTO-CONTAGIOSAS E PARASITÁRIAS;2021;12;870;193;4,507772020725389
HIJPII;UNIDADE INTERNAÇÃO - DOENÇAS INFECTO-CONTAGIOSAS E PARASITÁRIAS;2022;1;821;144;5,701388888888889
HIJPII;UNIDADE INTERNAÇÃO - DOENÇAS INFECTO-CONTAGIOSAS E PARASITÁRIAS;2022;2;792;112;7,071428571428571
HIJPII;UNIDADE INTERNAÇÃO - DOENÇAS INFECTO-CONTAGIOSAS E PARASITÁRIAS;2022;3;1031;195;5,287179487179487
HIJPII;UNIDADE INTERNAÇÃO - DOENÇAS INFECTO-CONTAGIOSAS E PARASITÁRIAS;2022;4;663;144;4,604166666666667
HIJPII;UNIDADE INTERNAÇÃO - DOENÇAS INFECTO-CONTAGIOSAS E PARASITÁRIAS;2022;5;743;131;5,67175572519084
HIJPII;UNIDADE INTERNAÇÃO - DOENÇAS INFECTO-CONTAGIOSAS E PARASITÁRIAS;2022;6;855;138;6,195652173913044
HIJPII;UNIDADE INTERNAÇÃO - DOENÇAS INFECTO-CONTAGIOSAS E PARASITÁRIAS;2022;7;865;128;6,7578125
HIJPII;UNIDADE INTERNAÇÃO - DOENÇAS INFECTO-CONTAGIOSAS E PARASITÁRIAS;2022;8;710;128;5,546875
HIJPII;UNIDADE INTERNAÇÃO - DOENÇAS INFECTO-CONTAGIOSAS E PARASITÁRIAS;2022;9;658;114;5,771929824561403
HIJPII;UNIDADE INTERNAÇÃO - DOENÇAS INFECTO-CONTAGIOSAS E PARASITÁRIAS;2022;10;552;122;4,524590163934426
HIJPII;UNIDADE INTERNAÇÃO - DOENÇAS INFECTO-CONTAGIOSAS E PARASITÁRIAS;2022;11;663;138;4,804347826086956
HIJPII;UNIDADE INTERNAÇÃO - DOENÇAS INFECTO-CONTAGIOSAS E PARASITÁRIAS;2022;12;786;143;5,496503496503497
HIJPII;UNIDADE INTERNAÇÃO - DOENÇAS INFECTO-CONTAGIOSAS E PARASITÁRIAS;2023;1;599;95;6,3052631578947365
HIJPII;UNIDADE INTERNAÇÃO - DOENÇAS INFECTO-CONTAGIOSAS E PARASITÁRIAS;2023;2;801;134;5,977611940298507
HIJPII;UNIDADE INTERNAÇÃO - DOENÇAS INFECTO-CONTAGIOSAS E PARASITÁRIAS;2023;3;964;152;6,342105263157895
HIJPII;UNIDADE INTERNAÇÃO - DOENÇAS INFECTO-CONTAGIOSAS E PARASITÁRIAS;2023;4;826;152;5,434210526315789
HIJPII;UNIDADE INTERNAÇÃO - DOENÇAS INFECTO-CONTAGIOSAS E PARASITÁRIAS;2023;5;840;139;6,043165467625899
HIJPII;UNIDADE INTERNAÇÃO - DOENÇAS INFECTO-CONTAGIOSAS E PARASITÁRIAS;2023;6;888;118;7,52542372881356
HIJPII;UNIDADE INTERNAÇÃO - DOENÇAS INFECTO-CONTAGIOSAS E PARASITÁRIAS;2023;7;940;133;7,067669172932331
HIJPII;UNIDADE INTERNAÇÃO - DOENÇAS INFECTO-CONTAGIOSAS E PARASITÁRIAS;2023;8;665;119;5,588235294117647
HIJPII;UNIDADE INTERNAÇÃO - DOENÇAS INFECTO-CONTAGIOSAS E PARASITÁRIAS;2023;9;725;122;5,942622950819672
HIJPII;UNIDADE INTERNAÇÃO - DOENÇAS INFECTO-CONTAGIOSAS E PARASITÁRIAS;2023;10;606;89;6,808988764044944
HIJPII;UNIDADE INTERNAÇÃO - DOENÇAS INFECTO-CONTAGIOSAS E PARASITÁRIAS;2023;11;615;91;6,758241758241758
HIJPII;UNIDADE INTERNAÇÃO - DOENÇAS INFECTO-CONTAGIOSAS E PARASITÁRIAS;2023;12;636;92;6,913043478260869
HIJPII;UNIDADE INTERNAÇÃO - DOENÇAS INFECTO-CONTAGIOSAS E PARASITÁRIAS;2024;1;521;79;6,594936708860759
HIJPII;UNIDADE INTERNAÇÃO - DOENÇAS INFECTO-CONTAGIOSAS E PARASITÁRIAS;2024;2;627;138;4,543478260869565
HIJPII;UNIDADE INTERNAÇÃO - DOENÇAS INFECTO-CONTAGIOSAS E PARASITÁRIAS;2024;3;864;149;5,798657718120805
HIJPII;UNIDADE INTERNAÇÃO - DOENÇAS INFECTO-CONTAGIOSAS E PARASITÁRIAS;2024;4;1077;170;6,3352941176470585
HIJPII;UNIDADE INTERNAÇÃO - DOENÇAS INFECTO-CONTAGIOSAS E PARASITÁRIAS;2024;5;738;142;5,197183098591549
HIJPII;UNIDADE INTERNAÇÃO - DOENÇAS INFECTO-CONTAGIOSAS E PARASITÁRIAS;2024;6;657;102;6,4411764705882355
HIJPII;UNIDADE INTERNAÇÃO - DOENÇAS INFECTO-CONTAGIOSAS E PARASITÁRIAS;2024;7;668;109;6,128440366972477
HIJPII;UNIDADE INTERNAÇÃO - DOENÇAS INFECTO-CONTAGIOSAS E PARASITÁRIAS;2024;8;570;88;6,4772727272727275
HIJPII;UNIDADE INTERNAÇÃO - DOENÇAS INFECTO-CONTAGIOSAS E PARASITÁRIAS;2024;9;668;100;6,68
HIJPII;UNIDADE INTERNAÇÃO - DOENÇAS INFECTO-CONTAGIOSAS E PARASITÁRIAS;2024;10;729;119;6,126050420168068
HIJPII;UNIDADE INTERNAÇÃO - DOENÇAS INFECTO-CONTAGIOSAS E PARASITÁRIAS;2024;11;532;96;5,541666666666667
HIJPII;UNIDADE INTERNAÇÃO - DOENÇAS INFECTO-CONTAGIOSAS E PARASITÁRIAS;2024;12;700;111;6,306306306306307
HIJPII;UNIDADE INTERNAÇÃO - DOENÇAS INFECTO-CONTAGIOSAS E PARASITÁRIAS;2025;1;456;78;5,846153846153846
HIJPII;UNIDADE INTERNAÇÃO - DOENÇAS INFECTO-CONTAGIOSAS E PARASITÁRIAS;2025;2;625;119;5,2521008403361344
HIJPII;UNIDADE INTERNAÇÃO - DOENÇAS INFECTO-CONTAGIOSAS E PARASITÁRIAS;2025;3;709;150;4,726666666666667
HIJPII;UNIDADE INTERNAÇÃO - DOENÇAS INFECTO-CONTAGIOSAS E PARASITÁRIAS;2025;4;827;153;5,405228758169935
HIJPII;UNIDADE INTERNAÇÃO - DOENÇAS INFECTO-CONTAGIOSAS E PARASITÁRIAS;2025;5;1087;169;6,431952662721893
HIJPII;UNIDADE INTERNAÇÃO - DOENÇAS INFECTO-CONTAGIOSAS E PARASITÁRIAS;2025;6;966;156;6,1923076923076925
HIJPII;UNIDADE INTERNAÇÃO - DOENÇAS INFECTO-CONTAGIOSAS E PARASITÁRIAS;2025;7;691;119;5,80672268907563
HIJPII;UNIDADE INTERNAÇÃO - DOENÇAS INFECTO-CONTAGIOSAS E PARASITÁRIAS;2025;8;543;90;6,033333333333333
HIJPII;UNIDADE INTERNAÇÃO - DOENÇAS INFECTO-CONTAGIOSAS E PARASITÁRIAS;2025;9;675;93;7,258064516129032
HIJPII;UNIDADE INTERNAÇÃO - DOENÇAS INFECTO-CONTAGIOSAS E PARASITÁRIAS;2025;10;675;105;6,428571428571429
HIJPII;UNIDADE INTERNAÇÃO - DOENÇAS INFECTO-CONTAGIOSAS E PARASITÁRIAS;2025;11;754;117;6,444444444444445
HIJPII;UNIDADE INTERNAÇÃO - DOENÇAS INFECTO-CONTAGIOSAS E PARASITÁRIAS;2025;12;791;129;6,131782945736434
HIJPII;UNIDADE INTERNAÇÃO - DOENÇAS INFECTO-CONTAGIOSAS E PARASITÁRIAS;2026;1;482;81;5,950617283950617
HIJPII;UNIDADE INTERNAÇÃO - DOENÇAS INFECTO-CONTAGIOSAS E PARASITÁRIAS;2026;2;456;89;5,123595505617978
HIJPII;UNIDADE INTERNAÇÃO - DOENÇAS INFECTO-CONTAGIOSAS E PARASITÁRIAS;2026;3;707;158;4,474683544303797
HIJPII;UNIDADE INTERNAÇÃO - DOENÇAS INFECTO-CONTAGIOSAS E PARASITÁRIAS;2026;4;905;160;5,65625
HIJPII;UNIDADE INTERNAÇÃO - DOENÇAS INFECTO-CONTAGIOSAS E PARASITÁRIAS;2026;5;885;142;6,232394366197183
HIJPII;UNIDADE INTERNAÇÃO - DOENÇAS INFECTO-CONTAGIOSAS E PARASITÁRIAS;2026;6;940;154;6,103896103896104
HIJPII;UTI;2019;1;18;4;4,5
HIJPII;UTI;2019;2;75;6;12,5
HIJPII;UTI;2019;3;47;6;7,833333333333333
HIJPII;UTI;2019;4;109;5;21,8
HIJPII;UTI;2019;5;125;3;41,666666666666664
HIJPII;UTI;2019;6;34;5;6,8
HIJPII;UTI;2019;7;18;4;4,5
HIJPII;UTI;2019;8;184;9;20,444444444444443
HIJPII;UTI;2019;9;99;5;19,8
HIJPII;UTI;2019;10;64;12;5,333333333333333
HIJPII;UTI;2019;11;207;6;34,5
HIJPII;UTI;2019;12;86;7;12,285714285714286
HIJPII;UTI;2020;1;72;8;9,0
HIJPII;UTI;2020;2;110;10;11,0
HIJPII;UTI;2020;3;58;9;6,444444444444445
HIJPII;UTI;2020;4;146;7;20,857142857142858
HIJPII;UTI;2020;5;66;13;5,076923076923077
HIJPII;UTI;2020;6;50;10;5,0
HIJPII;UTI;2020;7;60;6;10,0
HIJPII;UTI;2020;8;131;8;16,375
HIJPII;UTI;2020;9;58;7;8,285714285714286
HIJPII;UTI;2020;10;108;5;21,6
HIJPII;UTI;2020;11;178;11;16,181818181818183
HIJPII;UTI;2020;12;83;9;9,222222222222221
HIJPII;UTI;2021;1;292;7;41,714285714285715
HIJPII;UTI;2021;2;72;9;8,0
HIJPII;UTI;2021;3;11;2;5,5
HIJPII;UTI;2021;4;21;3;7,0
HIJPII;UTI;2021;5;46;5;9,2
HIJPII;UTI;2021;6;9;5;1,8
HIJPII;UTI;2021;7;25;4;6,25
HIJPII;UTI;2021;8;53;9;5,888888888888889
HIJPII;UTI;2021;9;54;8;6,75
HIJPII;UTI;2021;10;182;8;22,75
HIJPII;UTI;2021;11;166;8;20,75
HIJPII;UTI;2021;12;31;4;7,75
HIJPII;UTI;2022;1;74;7;10,571428571428571
HIJPII;UTI;2022;2;82;6;13,666666666666666
HIJPII;UTI;2022;3;141;11;12,818181818181818
HIJPII;UTI;2022;4;76;10;7,6
HIJPII;UTI;2022;5;48;7;6,857142857142857
HIJPII;UTI;2022;6;82;8;10,25
HIJPII;UTI;2022;7;12;5;2,4
HIJPII;UTI;2022;8;23;2;11,5
HIJPII;UTI;2022;9;190;9;21,11111111111111
HIJPII;UTI;2022;10;57;6;9,5
HIJPII;UTI;2022;11;74;7;10,571428571428571
HIJPII;UTI;2022;12;8;2;4,0
HIJPII;UTI;2023;1;84;4;21,0
HIJPII;UTI;2023;2;9;2;4,5
HIJPII;UTI;2023;3;53;6;8,833333333333334
HIJPII;UTI;2023;4;52;6;8,666666666666666
HIJPII;UTI;2023;5;12;4;3,0
HIJPII;UTI;2023;6;29;7;4,142857142857143
HIJPII;UTI;2023;7;23;3;7,666666666666667
HIJPII;UTI;2023;8;156;9;17,333333333333332
HIJPII;UTI;2023;9;32;6;5,333333333333333
HIJPII;UTI;2023;10;36;6;6,0
HIJPII;UTI;2023;11;83;7;11,857142857142858
HIJPII;UTI;2023;12;44;7;6,285714285714286
HIJPII;UTI;2024;1;57;5;11,4
HIJPII;UTI;2024;2;25;5;5,0
HIJPII;UTI;2024;3;24;3;8,0
HIJPII;UTI;2024;4;30;3;10,0
HIJPII;UTI;2024;5;35;7;5,0
HIJPII;UTI;2024;6;9;4;2,25
HIJPII;UTI;2024;7;34;6;5,666666666666667
HIJPII;UTI;2024;8;78;7;11,142857142857142
HIJPII;UTI;2024;9;20;6;3,3333333333333335
HIJPII;UTI;2024;10;58;7;8,285714285714286
HIJPII;UTI;2024;11;10;5;2,0
HIJPII;UTI;2024;12;79;9;8,777777777777779
HIJPII;UTI;2025;1;73;4;18,25
HIJPII;UTI;2025;2;4;3;1,3333333333333333
HIJPII;UTI;2025;3;21;4;5,25
HIJPII;UTI;2025;4;87;9;9,666666666666666
HIJPII;UTI;2025;5;32;7;4,571428571428571
HIJPII;UTI;2025;6;21;4;5,25
HIJPII;UTI;2025;7;89;5;17,8
HIJPII;UTI;2025;8;4;2;2,0
HIJPII;UTI;2025;9;55;3;18,333333333333332
HIJPII;UTI;2025;10;31;5;6,2
HIJPII;UTI;2025;11;46;12;3,8333333333333335
HIJPII;UTI;2025;12;212;7;30,285714285714285
HIJPII;UTI;2026;1;58;7;8,285714285714286
HIJPII;UTI;2026;2;30;3;10,0
HIJPII;UTI;2026;3;13;4;3,25
HIJPII;UTI;2026;4;34;8;4,25
HIJPII;UTI;2026;5;14;7;2,0
HIJPII;UTI;2026;6;94;10;9,4
HJK;ALOJAMENTO CONJUNTO;2019;1;1024;265;3,8641509433962264
HJK;ALOJAMENTO CONJUNTO;2019;2;1057;284;3,721830985915493
HJK;ALOJAMENTO CONJUNTO;2019;3;1290;329;3,9209726443768997
HJK;ALOJAMENTO CONJUNTO;2019;4;1086;295;3,68135593220339
HJK;ALOJAMENTO CONJUNTO;2019;5;1083;269;4,026022304832714
HJK;ALOJAMENTO CONJUNTO;2019;6;958;272;3,5220588235294117
HJK;ALOJAMENTO CONJUNTO;2019;7;908;249;3,646586345381526
HJK;ALOJAMENTO CONJUNTO;2019;8;1099;286;3,8426573426573425
HJK;ALOJAMENTO CONJUNTO;2019;9;1174;294;3,993197278911565
HJK;ALOJAMENTO CONJUNTO;2019;10;1002;266;3,7669172932330826
HJK;ALOJAMENTO CONJUNTO;2019;11;982;280;3,507142857142857
HJK;ALOJAMENTO CONJUNTO;2019;12;1025;296;3,4628378378378377
HJK;ALOJAMENTO CONJUNTO;2020;1;898;277;3,2418772563176894
HJK;ALOJAMENTO CONJUNTO;2020;2;849;263;3,2281368821292777
HJK;ALOJAMENTO CONJUNTO;2020;3;1029;293;3,5119453924914676
HJK;ALOJAMENTO CONJUNTO;2020;4;739;206;3,587378640776699
HJK;ALOJAMENTO CONJUNTO;2020;5;789;234;3,371794871794872
HJK;ALOJAMENTO CONJUNTO;2020;6;668;214;3,121495327102804
HJK;ALOJAMENTO CONJUNTO;2020;7;637;219;2,9086757990867578
HJK;ALOJAMENTO CONJUNTO;2020;8;673;205;3,2829268292682925
HJK;ALOJAMENTO CONJUNTO;2020;9;740;217;3,410138248847926
HJK;ALOJAMENTO CONJUNTO;2020;10;698;233;2,995708154506438
HJK;ALOJAMENTO CONJUNTO;2020;11;814;239;3,405857740585774
HJK;ALOJAMENTO CONJUNTO;2020;12;731;243;3,0082304526748973
HJK;ALOJAMENTO CONJUNTO;2021;1;552;200;2,76
HJK;ALOJAMENTO CONJUNTO;2021;2;699;230;3,0391304347826087
HJK;ALOJAMENTO CONJUNTO;2021;3;888;282;3,148936170212766
HJK;ALOJAMENTO CONJUNTO;2021;4;612;182;3,3626373626373627
HJK;ALOJAMENTO CONJUNTO;2021;5;750;234;3,2051282051282053
HJK;ALOJAMENTO CONJUNTO;2021;6;959;212;4,523584905660377
HJK;ALOJAMENTO CONJUNTO;2021;7;861;242;3,5578512396694215
HJK;ALOJAMENTO CONJUNTO;2021;8;752;250;3,008
HJK;ALOJAMENTO CONJUNTO;2021;9;546;202;2,702970297029703
HJK;ALOJAMENTO CONJUNTO;2021;10;815;257;3,1712062256809337
HJK;ALOJAMENTO CONJUNTO;2021;11;655;211;3,104265402843602
HJK;ALOJAMENTO CONJUNTO;2021;12;591;217;2,7235023041474653
HJK;ALOJAMENTO CONJUNTO;2022;1;501;210;2,3857142857142857
HJK;ALOJAMENTO CONJUNTO;2022;2;610;190;3,210526315789474
HJK;ALOJAMENTO CONJUNTO;2022;3;759;258;2,941860465116279
HJK;ALOJAMENTO CONJUNTO;2022;4;728;238;3,0588235294117645
HJK;ALOJAMENTO CONJUNTO;2022;5;608;204;2,980392156862745
HJK;ALOJAMENTO CONJUNTO;2022;6;560;198;2,8282828282828283
HJK;ALOJAMENTO CONJUNTO;2022;7;674;203;3,3201970443349755
HJK;ALOJAMENTO CONJUNTO;2022;8;714;216;3,3055555555555554
HJK;ALOJAMENTO CONJUNTO;2022;9;586;226;2,5929203539823007
HJK;ALOJAMENTO CONJUNTO;2022;10;614;197;3,116751269035533
HJK;ALOJAMENTO CONJUNTO;2022;11;736;200;3,68
HJK;ALOJAMENTO CONJUNTO;2022;12;854;244;3,5
HJK;ALOJAMENTO CONJUNTO;2023;1;701;208;3,3701923076923075
HJK;ALOJAMENTO CONJUNTO;2023;2;652;212;3,0754716981132075
HJK;ALOJAMENTO CONJUNTO;2023;3;852;243;3,506172839506173
HJK;ALOJAMENTO CONJUNTO;2023;4;757;225;3,3644444444444446
HJK;ALOJAMENTO CONJUNTO;2023;5;799;248;3,221774193548387
HJK;ALOJAMENTO CONJUNTO;2023;6;5483;229;23,943231441048034
HJK;ALOJAMENTO CONJUNTO;2023;7;808;270;2,9925925925925925
HJK;ALOJAMENTO CONJUNTO;2023;8;872;280;3,1142857142857143
HJK;ALOJAMENTO CONJUNTO;2023;9;789;240;3,2875
HJK;ALOJAMENTO CONJUNTO;2023;10;812;251;3,235059760956175
HJK;ALOJAMENTO CONJUNTO;2023;11;884;250;3,536
HJK;ALOJAMENTO CONJUNTO;2023;12;787;253;3,110671936758893
HJK;ALOJAMENTO CONJUNTO;2024;1;693;255;2,7176470588235295
HJK;ALOJAMENTO CONJUNTO;2024;2;781;253;3,0869565217391304
HJK;ALOJAMENTO CONJUNTO;2024;3;1093;294;3,7176870748299318
HJK;ALOJAMENTO CONJUNTO;2024;4;953;283;3,3674911660777385
HJK;ALOJAMENTO CONJUNTO;2024;5;816;308;2,6493506493506493
HJK;ALOJAMENTO CONJUNTO;2024;6;603;263;2,2927756653992395
HJK;ALOJAMENTO CONJUNTO;2024;7;774;284;2,7253521126760565
HJK;ALOJAMENTO CONJUNTO;2024;8;696;270;2,577777777777778
HJK;ALOJAMENTO CONJUNTO;2024;9;623;237;2,628691983122363
HJK;ALOJAMENTO CONJUNTO;2024;10;733;263;2,7870722433460076
HJK;ALOJAMENTO CONJUNTO;2024;11;588;222;2,6486486486486487
HJK;ALOJAMENTO CONJUNTO;2024;12;726;261;2,781609195402299
HJK;ALOJAMENTO CONJUNTO;2025;1;840;285;2,9473684210526314
HJK;ALOJAMENTO CONJUNTO;2025;2;756;284;2,6619718309859155
HJK;ALOJAMENTO CONJUNTO;2025;3;812;284;2,859154929577465
HJK;ALOJAMENTO CONJUNTO;2025;4;924;301;3,0697674418604652
HJK;ALOJAMENTO CONJUNTO;2025;5;858;279;3,075268817204301
HJK;ALOJAMENTO CONJUNTO;2025;6;787;274;2,872262773722628
HJK;ALOJAMENTO CONJUNTO;2025;7;813;277;2,935018050541516
HJK;ALOJAMENTO CONJUNTO;2025;8;779;245;3,179591836734694
HJK;ALOJAMENTO CONJUNTO;2025;9;780;259;3,011583011583012
HJK;ALOJAMENTO CONJUNTO;2025;10;669;225;2,973333333333333
HJK;ALOJAMENTO CONJUNTO;2025;11;620;225;2,7555555555555555
HJK;ALOJAMENTO CONJUNTO;2025;12;675;244;2,7663934426229506
HJK;ALOJAMENTO CONJUNTO;2026;1;611;228;2,6798245614035086
HJK;ALOJAMENTO CONJUNTO;2026;2;869;240;3,620833333333333
HJK;ALOJAMENTO CONJUNTO;2026;3;865;257;3,3657587548638133
HJK;ALOJAMENTO CONJUNTO;2026;4;699;233;3,0
HJK;ALOJAMENTO CONJUNTO;2026;5;657;222;2,9594594594594597
HJK;ALOJAMENTO CONJUNTO;2026;6;790;234;3,376068376068376
HJK;AMBULATORIO - ASSISTENCIA SAÚDE DA MULHER;2025;1;8;1;8,0
HJK;AMBULATORIO - ASSISTENCIA SAÚDE DA MULHER;2025;9;16;1;16,0
HJK;AMBULATORIO ESPECIALIDADES MEDICAS;2024;6;1;1;1,0
HJK;CLINICA CIRÚRGICA - ALA A;2026;2;307;49;6,26530612244898
HJK;CLINICA CIRÚRGICA - ALA A;2026;3;1244;221;5,6289592760181
HJK;CLINICA CIRÚRGICA - ALA A;2026;4;1059;201;5,268656716417911
HJK;CLINICA CIRÚRGICA - ALA A;2026;5;1319;239;5,518828451882845
HJK;CLINICA CIRÚRGICA - ALA A;2026;6;1225;215;5,6976744186046515
HJK;CLINICA MEDICA - ALA C;2026;2;526;33;15,93939393939394
HJK;CLINICA MEDICA - ALA C;2026;3;1725;119;14,495798319327731
HJK;CLINICA MEDICA - ALA C;2026;4;1666;115;14,486956521739131
HJK;CLINICA MEDICA - ALA C;2026;5;2145;135;15,88888888888889
HJK;CLINICA MEDICA - ALA C;2026;6;2010;129;15,581395348837209
HJK;CLINICA MÉDICA - ALA E;2026;2;4261;20;213,05
HJK;CLINICA MÉDICA - ALA E;2026;3;1420;88;16,136363636363637
HJK;CLINICA MÉDICA - ALA E;2026;4;1252;77;16,25974025974026
HJK;CLINICA MÉDICA - ALA E;2026;5;1417;89;15,92134831460674
HJK;CLINICA MÉDICA - ALA E;2026;6;954;80;11,925
HJK;CLINICA MÉDICA - ALA G;2026;2;333;20;16,65
HJK;CLINICA MÉDICA - ALA G;2026;3;910;54;16,85185185185185
HJK;CLINICA MÉDICA - ALA G;2026;4;777;47;16,53191489361702
HJK;CLINICA MÉDICA - ALA G;2026;5;698;35;19,942857142857143
HJK;CLINICA MÉDICA - ALA G;2026;6;711;44;16,15909090909091
HJK;CLINICA PNEUMOLÓGICA - ALA D;2026;2;426;27;15,777777777777779
HJK;CLINICA PNEUMOLÓGICA - ALA D;2026;3;1489;116;12,836206896551724
HJK;CLINICA PNEUMOLÓGICA - ALA D;2026;4;1566;112;13,982142857142858
HJK;CLINICA PNEUMOLÓGICA - ALA D;2026;5;1735;127;13,661417322834646
HJK;CLINICA PNEUMOLÓGICA - ALA D;2026;6;1540;111;13,873873873873874
HJK;CLINICA TISIOLÓGICA - ALA G;2026;2;170;5;34,0
HJK;CLINICA TISIOLÓGICA - ALA G;2026;3;240;9;26,666666666666668
HJK;CLINICA TISIOLÓGICA - ALA G;2026;4;187;10;18,7
HJK;CLINICA TISIOLÓGICA - ALA G;2026;5;167;13;12,846153846153847
HJK;CLINICA TISIOLÓGICA - ALA G;2026;6;192;12;16,0
HJK;PRÉ PARTO / PPP;2026;2;1;1;1,0
HJK;PRÉ PARTO / PPP;2026;3;15;20;0,75
HJK;PRÉ PARTO / PPP;2026;4;16;15;1,0666666666666667
HJK;PRÉ PARTO / PPP;2026;5;67;26;2,576923076923077
HJK;PRÉ PARTO / PPP;2026;6;19;33;0,5757575757575758
HJK;PRÉ-PARTO;2025;8;7;13;0,5384615384615384
HJK;PRÉ-PARTO;2025;9;42;21;2,0
HJK;PRÉ-PARTO;2025;10;31;26;1,1923076923076923
HJK;PRÉ-PARTO;2025;11;440;27;16,296296296296298
HJK;PRÉ-PARTO;2025;12;63;34;1,8529411764705883
HJK;PRÉ-PARTO;2026;1;53;24;2,2083333333333335
HJK;PRÉ-PARTO;2026;2;15;17;0,8823529411764706
HJK;UCI - UNIDADE DE CUIDADO INTERMEDIARIO NEONATAL CANGURU;2025;8;57;10;5,7
HJK;UCI - UNIDADE DE CUIDADO INTERMEDIARIO NEONATAL CANGURU;2025;9;206;27;7,62962962962963
HJK;UCI - UNIDADE DE CUIDADO INTERMEDIARIO NEONATAL CANGURU;2025;10;202;30;6,733333333333333
HJK;UCI - UNIDADE DE CUIDADO INTERMEDIARIO NEONATAL CANGURU;2025;11;122;21;5,809523809523809
HJK;UCI - UNIDADE DE CUIDADO INTERMEDIARIO NEONATAL CANGURU;2025;12;265;34;7,794117647058823
HJK;UCI - UNIDADE DE CUIDADO INTERMEDIARIO NEONATAL CANGURU;2026;1;210;33;6,363636363636363
HJK;UCI - UNIDADE DE CUIDADO INTERMEDIARIO NEONATAL CANGURU;2026;2;164;16;10,25
HJK;UCI - UNIDADE DE CUIDADO INTERMEDIARIO NEONATAL CONVENCIONAL;2022;5;11;1;11,0
HJK;UCI - UNIDADE DE CUIDADO INTERMEDIARIO NEONATAL CONVENCIONAL;2022;6;185;8;23,125
HJK;UCI - UNIDADE DE CUIDADO INTERMEDIARIO NEONATAL CONVENCIONAL;2022;7;73;3;24,333333333333332
HJK;UCI - UNIDADE DE CUIDADO INTERMEDIARIO NEONATAL CONVENCIONAL;2022;8;202;6;33,666666666666664
HJK;UCI - UNIDADE DE CUIDADO INTERMEDIARIO NEONATAL CONVENCIONAL;2022;9;177;3;59,0
HJK;UCI - UNIDADE DE CUIDADO INTERMEDIARIO NEONATAL CONVENCIONAL;2022;10;399;7;57,0
HJK;UCI - UNIDADE DE CUIDADO INTERMEDIARIO NEONATAL CONVENCIONAL;2022;11;155;3;51,666666666666664
HJK;UCI - UNIDADE DE CUIDADO INTERMEDIARIO NEONATAL CONVENCIONAL;2022;12;52;8;6,5
HJK;UCI - UNIDADE DE CUIDADO INTERMEDIARIO NEONATAL CONVENCIONAL;2023;1;134;5;26,8
HJK;UCI - UNIDADE DE CUIDADO INTERMEDIARIO NEONATAL CONVENCIONAL;2023;2;156;10;15,6
HJK;UCI - UNIDADE DE CUIDADO INTERMEDIARIO NEONATAL CONVENCIONAL;2023;3;340;12;28,333333333333332
HJK;UCI - UNIDADE DE CUIDADO INTERMEDIARIO NEONATAL CONVENCIONAL;2023;4;260;6;43,333333333333336
HJK;UCI - UNIDADE DE CUIDADO INTERMEDIARIO NEONATAL CONVENCIONAL;2023;5;212;7;30,285714285714285
HJK;UCI - UNIDADE DE CUIDADO INTERMEDIARIO NEONATAL CONVENCIONAL;2023;6;355;18;19,72222222222222
HJK;UCI - UNIDADE DE CUIDADO INTERMEDIARIO NEONATAL CONVENCIONAL;2023;7;117;8;14,625
HJK;UCI - UNIDADE DE CUIDADO INTERMEDIARIO NEONATAL CONVENCIONAL;2023;8;178;5;35,6
HJK;UCI - UNIDADE DE CUIDADO INTERMEDIARIO NEONATAL CONVENCIONAL;2023;9;148;6;24,666666666666668
HJK;UCI - UNIDADE DE CUIDADO INTERMEDIARIO NEONATAL CONVENCIONAL;2023;10;414;12;34,5
HJK;UCI - UNIDADE DE CUIDADO INTERMEDIARIO NEONATAL CONVENCIONAL;2023;11;189;9;21,0
HJK;UCI - UNIDADE DE CUIDADO INTERMEDIARIO NEONATAL CONVENCIONAL;2023;12;297;17;17,470588235294116
HJK;UCI - UNIDADE DE CUIDADO INTERMEDIARIO NEONATAL CONVENCIONAL;2024;1;120;10;12,0
HJK;UCI - UNIDADE DE CUIDADO INTERMEDIARIO NEONATAL CONVENCIONAL;2024;2;183;8;22,875
HJK;UCI - UNIDADE DE CUIDADO INTERMEDIARIO NEONATAL CONVENCIONAL;2024;3;354;10;35,4
HJK;UCI - UNIDADE DE CUIDADO INTERMEDIARIO NEONATAL CONVENCIONAL;2024;4;286;10;28,6
HJK;UCI - UNIDADE DE CUIDADO INTERMEDIARIO NEONATAL CONVENCIONAL;2024;5;333;13;25,615384615384617
HJK;UCI - UNIDADE DE CUIDADO INTERMEDIARIO NEONATAL CONVENCIONAL;2024;6;232;7;33,142857142857146
HJK;UCI - UNIDADE DE CUIDADO INTERMEDIARIO NEONATAL CONVENCIONAL;2024;7;283;16;17,6875
HJK;UCI - UNIDADE DE CUIDADO INTERMEDIARIO NEONATAL CONVENCIONAL;2024;8;570;28;20,357142857142858
HJK;UCI - UNIDADE DE CUIDADO INTERMEDIARIO NEONATAL CONVENCIONAL;2024;9;443;17;26,058823529411764
HJK;UCI - UNIDADE DE CUIDADO INTERMEDIARIO NEONATAL CONVENCIONAL;2024;10;328;19;17,263157894736842
HJK;UCI - UNIDADE DE CUIDADO INTERMEDIARIO NEONATAL CONVENCIONAL;2024;11;127;13;9,76923076923077
HJK;UCI - UNIDADE DE CUIDADO INTERMEDIARIO NEONATAL CONVENCIONAL;2024;12;477;21;22,714285714285715
HJK;UCI - UNIDADE DE CUIDADO INTERMEDIARIO NEONATAL CONVENCIONAL;2025;1;621;28;22,178571428571427
HJK;UCI - UNIDADE DE CUIDADO INTERMEDIARIO NEONATAL CONVENCIONAL;2025;2;103;13;7,923076923076923
HJK;UCI - UNIDADE DE CUIDADO INTERMEDIARIO NEONATAL CONVENCIONAL;2025;3;457;37;12,35135135135135
HJK;UCI - UNIDADE DE CUIDADO INTERMEDIARIO NEONATAL CONVENCIONAL;2025;4;471;20;23,55
HJK;UCI - UNIDADE DE CUIDADO INTERMEDIARIO NEONATAL CONVENCIONAL;2025;5;237;19;12,473684210526315
HJK;UCI - UNIDADE DE CUIDADO INTERMEDIARIO NEONATAL CONVENCIONAL;2025;6;116;15;7,733333333333333
HJK;UCI - UNIDADE DE CUIDADO INTERMEDIARIO NEONATAL CONVENCIONAL;2025;7;164;19;8,631578947368421
HJK;UCI - UNIDADE DE CUIDADO INTERMEDIARIO NEONATAL CONVENCIONAL;2025;8;183;18;10,166666666666666
HJK;UCI - UNIDADE DE CUIDADO INTERMEDIARIO NEONATAL CONVENCIONAL;2025;9;127;9;14,11111111111111
HJK;UCI - UNIDADE DE CUIDADO INTERMEDIARIO NEONATAL CONVENCIONAL;2025;10;222;9;24,666666666666668
HJK;UCI - UNIDADE DE CUIDADO INTERMEDIARIO NEONATAL CONVENCIONAL;2025;11;344;10;34,4
HJK;UCI - UNIDADE DE CUIDADO INTERMEDIARIO NEONATAL CONVENCIONAL;2025;12;81;6;13,5
HJK;UCI - UNIDADE DE CUIDADO INTERMEDIARIO NEONATAL CONVENCIONAL;2026;1;273;7;39,0
HJK;UCI - UNIDADE DE CUIDADO INTERMEDIARIO NEONATAL CONVENCIONAL;2026;2;264;9;29,333333333333332
HJK;UCINCA - UNIDADE DE CUIDADO INTERMEDIÁRIO NEONATAL CANGURU;2026;2;40;4;10,0
HJK;UCINCA - UNIDADE DE CUIDADO INTERMEDIÁRIO NEONATAL CANGURU;2026;3;181;23;7,869565217391305
HJK;UCINCA - UNIDADE DE CUIDADO INTERMEDIÁRIO NEONATAL CANGURU;2026;4;244;32;7,625
HJK;UCINCA - UNIDADE DE CUIDADO INTERMEDIÁRIO NEONATAL CANGURU;2026;5;162;27;6,0
HJK;UCINCA - UNIDADE DE CUIDADO INTERMEDIÁRIO NEONATAL CANGURU;2026;6;242;33;7,333333333333333
HJK;UCINCO - UNIDADE DE CUIDADO INTERMEDIÁRIO NEONATAL CONVENCIONAL;2026;2;21;3;7,0
HJK;UCINCO - UNIDADE DE CUIDADO INTERMEDIÁRIO NEONATAL CONVENCIONAL;2026;3;138;7;19,714285714285715
HJK;UCINCO - UNIDADE DE CUIDADO INTERMEDIÁRIO NEONATAL CONVENCIONAL;2026;4;111;6;18,5
HJK;UCINCO - UNIDADE DE CUIDADO INTERMEDIÁRIO NEONATAL CONVENCIONAL;2026;5;648;12;54,0
HJK;UCINCO - UNIDADE DE CUIDADO INTERMEDIÁRIO NEONATAL CONVENCIONAL;2026;6;160;3;53,333333333333336
HJK;UE - INTERNAÇÃO SALA DE EMERGÊNCIA;2026;2;16;7;2,2857142857142856
HJK;UE - INTERNAÇÃO SALA DE EMERGÊNCIA;2026;3;80;24;3,3333333333333335
HJK;UE - INTERNAÇÃO SALA DE EMERGÊNCIA;2026;4;69;18;3,8333333333333335
HJK;UE - INTERNAÇÃO SALA DE EMERGÊNCIA;2026;5;32;26;1,2307692307692308
HJK;UE - INTERNAÇÃO SALA DE EMERGÊNCIA;2026;6;53;33;1,606060606060606
HJK;UE - INTERNAÇÃO SALA DE MEDICAÇÃO;2026;2;24;5;4,8
HJK;UE - INTERNAÇÃO SALA DE MEDICAÇÃO;2026;3;122;28;4,357142857142857
HJK;UE - INTERNAÇÃO SALA DE MEDICAÇÃO;2026;4;200;41;4,878048780487805
HJK;UE - INTERNAÇÃO SALA DE MEDICAÇÃO;2026;5;141;37;3,810810810810811
HJK;UE - INTERNAÇÃO SALA DE MEDICAÇÃO;2026;6;147;35;4,2
HJK;UE - INTERNAÇÃO UDC-CRD;2026;2;62;15;4,133333333333334
HJK;UE - INTERNAÇÃO UDC-CRD;2026;3;378;99;3,8181818181818183
HJK;UE - INTERNAÇÃO UDC-CRD;2026;4;354;97;3,649484536082474
HJK;UE - INTERNAÇÃO UDC-CRD;2026;5;459;95;4,831578947368421
HJK;UE - INTERNAÇÃO UDC-CRD;2026;6;323;85;3,8
HJK;UNIDADE DE URGENCIA - CLINICA MEDICA;2019;1;647;124;5,217741935483871
HJK;UNIDADE DE URGENCIA - CLINICA MEDICA;2019;2;809;151;5,357615894039735
HJK;UNIDADE DE URGENCIA - CLINICA MEDICA;2019;3;812;165;4,921212121212121
HJK;UNIDADE DE URGENCIA - CLINICA MEDICA;2019;4;892;198;4,505050505050505
HJK;UNIDADE DE URGENCIA - CLINICA MEDICA;2019;5;1147;249;4,606425702811245
HJK;UNIDADE DE URGENCIA - CLINICA MEDICA;2019;6;1203;212;5,6745283018867925
HJK;UNIDADE DE URGENCIA - CLINICA MEDICA;2019;7;744;133;5,593984962406015
HJK;UNIDADE DE URGENCIA - CLINICA MEDICA;2019;8;1122;180;6,233333333333333
HJK;UNIDADE DE URGENCIA - CLINICA MEDICA;2019;9;765;148;5,168918918918919
HJK;UNIDADE DE URGENCIA - CLINICA MEDICA;2019;10;751;165;4,551515151515152
HJK;UNIDADE DE URGENCIA - CLINICA MEDICA;2019;11;567;124;4,57258064516129
HJK;UNIDADE DE URGENCIA - CLINICA MEDICA;2019;12;935;171;5,4678362573099415
HJK;UNIDADE DE URGENCIA - CLINICA MEDICA;2020;1;648;120;5,4
HJK;UNIDADE DE URGENCIA - CLINICA MEDICA;2020;2;324;91;3,5604395604395602
HJK;UNIDADE DE URGENCIA - CLINICA MEDICA;2020;3;212;78;2,717948717948718
HJK;UNIDADE DE URGENCIA - CLINICA MEDICA;2020;4;50;25;2,0
HJK;UNIDADE DE URGENCIA - CLINICA MEDICA;2020;5;26;31;0,8387096774193549
HJK;UNIDADE DE URGENCIA - CLINICA MEDICA;2020;6;45;78;0,5769230769230769
HJK;UNIDADE DE URGENCIA - CLINICA MEDICA;2021;2;8;5;1,6
HJK;UNIDADE DE URGENCIA - CLINICA MEDICA;2021;3;141;23;6,130434782608695
HJK;UNIDADE DE URGENCIA - CLINICA MEDICA;2021;4;404;33;12,242424242424242
HJK;UNIDADE DE URGENCIA - CLINICA MEDICA;2021;5;254;24;10,583333333333334
HJK;UNIDADE DE URGENCIA - CLINICA MEDICA;2021;6;487;42;11,595238095238095
HJK;UNIDADE DE URGENCIA - CLINICA MEDICA;2021;7;781;103;7,58252427184466
HJK;UNIDADE DE URGENCIA - CLINICA MEDICA;2021;8;897;104;8,625
HJK;UNIDADE DE URGENCIA - CLINICA MEDICA;2021;9;892;90;9,911111111111111
HJK;UNIDADE DE URGENCIA - CLINICA MEDICA;2021;10;1013;95;10,663157894736843
HJK;UNIDADE DE URGENCIA - CLINICA MEDICA;2021;11;951;64;14,859375
HJK;UNIDADE DE URGENCIA - CLINICA MEDICA;2021;12;1004;92;10,91304347826087
HJK;UNIDADE DE URGENCIA - CLINICA MEDICA;2022;1;804;52;15,461538461538462
HJK;UNIDADE DE URGENCIA - CLINICA MEDICA;2022;2;905;76;11,907894736842104
HJK;UNIDADE DE URGENCIA - CLINICA MEDICA;2022;3;1022;87;11,74712643678161
HJK;UNIDADE DE URGENCIA - CLINICA MEDICA;2022;4;112;7;16,0
HJK;UNIDADE INTERNAÇÃO - CLINICA CIRURGICA;2019;1;760;177;4,293785310734464
HJK;UNIDADE INTERNAÇÃO - CLINICA CIRURGICA;2019;2;847;205;4,131707317073171
HJK;UNIDADE INTERNAÇÃO - CLINICA CIRURGICA;2019;3;949;184;5,157608695652174
HJK;UNIDADE INTERNAÇÃO - CLINICA CIRURGICA;2019;4;1039;203;5,1182266009852215
HJK;UNIDADE INTERNAÇÃO - CLINICA CIRURGICA;2019;5;1056;211;5,004739336492891
HJK;UNIDADE INTERNAÇÃO - CLINICA CIRURGICA;2019;6;1015;213;4,765258215962441
HJK;UNIDADE INTERNAÇÃO - CLINICA CIRURGICA;2019;7;881;215;4,097674418604651
HJK;UNIDADE INTERNAÇÃO - CLINICA CIRURGICA;2019;8;1011;204;4,955882352941177
HJK;UNIDADE INTERNAÇÃO - CLINICA CIRURGICA;2019;9;926;209;4,430622009569378
HJK;UNIDADE INTERNAÇÃO - CLINICA CIRURGICA;2019;10;963;193;4,989637305699482
HJK;UNIDADE INTERNAÇÃO - CLINICA CIRURGICA;2019;11;848;194;4,371134020618556
HJK;UNIDADE INTERNAÇÃO - CLINICA CIRURGICA;2019;12;873;173;5,046242774566474
HJK;UNIDADE INTERNAÇÃO - CLINICA CIRURGICA;2020;1;934;163;5,730061349693251
HJK;UNIDADE INTERNAÇÃO - CLINICA CIRURGICA;2020;2;845;187;4,518716577540107
HJK;UNIDADE INTERNAÇÃO - CLINICA CIRURGICA;2020;3;726;170;4,270588235294118
HJK;UNIDADE INTERNAÇÃO - CLINICA CIRURGICA;2020;4;667;104;6,413461538461538
HJK;UNIDADE INTERNAÇÃO - CLINICA CIRURGICA;2020;5;789;115;6,860869565217391
HJK;UNIDADE INTERNAÇÃO - CLINICA CIRURGICA;2020;6;637;82;7,7682926829268295
HJK;UNIDADE INTERNAÇÃO - CLINICA CIRURGICA;2020;7;1103;98;11,255102040816327
HJK;UNIDADE INTERNAÇÃO - CLINICA CIRURGICA;2020;8;1002;88;11,386363636363637
HJK;UNIDADE INTERNAÇÃO - CLINICA CIRURGICA;2020;9;1227;127;9,661417322834646
HJK;UNIDADE INTERNAÇÃO - CLINICA CIRURGICA;2020;10;1264;138;9,159420289855072
HJK;UNIDADE INTERNAÇÃO - CLINICA CIRURGICA;2020;11;661;104;6,355769230769231
HJK;UNIDADE INTERNAÇÃO - CLINICA CIRURGICA;2020;12;1083;99;10,93939393939394
HJK;UNIDADE INTERNAÇÃO - CLINICA CIRURGICA;2021;1;1397;127;11,0
HJK;UNIDADE INTERNAÇÃO - CLINICA CIRURGICA;2021;2;998;106;9,415094339622641
HJK;UNIDADE INTERNAÇÃO - CLINICA CIRURGICA;2021;3;1098;105;10,457142857142857
HJK;UNIDADE INTERNAÇÃO - CLINICA CIRURGICA;2021;4;83;5;16,6
HJK;UNIDADE INTERNAÇÃO - CLINICA CIRURGICA;2021;7;750;28;26,785714285714285
HJK;UNIDADE INTERNAÇÃO - CLINICA CIRURGICA;2021;8;1077;48;22,4375
HJK;UNIDADE INTERNAÇÃO - CLINICA CIRURGICA;2021;9;503;56;8,982142857142858
HJK;UNIDADE INTERNAÇÃO - CLINICA CIRURGICA;2021;10;535;59;9,067796610169491
HJK;UNIDADE INTERNAÇÃO - CLINICA CIRURGICA;2021;11;422;58;7,275862068965517
HJK;UNIDADE INTERNAÇÃO - CLINICA CIRURGICA;2021;12;527;62;8,5
HJK;UNIDADE INTERNAÇÃO - CLINICA CIRURGICA;2022;1;447;47;9,51063829787234
HJK;UNIDADE INTERNAÇÃO - CLINICA CIRURGICA;2022;2;545;42;12,976190476190476
HJK;UNIDADE INTERNAÇÃO - CLINICA CIRURGICA;2022;3;913;75;12,173333333333334
HJK;UNIDADE INTERNAÇÃO - CLINICA CIRURGICA;2022;4;957;101;9,475247524752476
HJK;UNIDADE INTERNAÇÃO - CLINICA CIRURGICA;2022;5;558;78;7,153846153846154
HJK;UNIDADE INTERNAÇÃO - CLINICA CIRURGICA;2022;6;525;69;7,608695652173913
HJK;UNIDADE INTERNAÇÃO - CLINICA CIRURGICA;2022;7;549;61;9,0
HJK;UNIDADE INTERNAÇÃO - CLINICA CIRURGICA;2022;8;751;85;8,83529411764706
HJK;UNIDADE INTERNAÇÃO - CLINICA CIRURGICA;2022;9;648;83;7,807228915662651
HJK;UNIDADE INTERNAÇÃO - CLINICA CIRURGICA;2022;10;643;90;7,144444444444445
HJK;UNIDADE INTERNAÇÃO - CLINICA CIRURGICA;2022;11;635;71;8,943661971830986
HJK;UNIDADE INTERNAÇÃO - CLINICA CIRURGICA;2022;12;617;62;9,951612903225806
HJK;UNIDADE INTERNAÇÃO - CLINICA CIRURGICA;2023;1;570;77;7,402597402597403
HJK;UNIDADE INTERNAÇÃO - CLINICA CIRURGICA;2023;2;471;62;7,596774193548387
HJK;UNIDADE INTERNAÇÃO - CLINICA CIRURGICA;2023;3;1171;68;17,220588235294116
HJK;UNIDADE INTERNAÇÃO - CLINICA CIRURGICA;2023;4;675;72;9,375
HJK;UNIDADE INTERNAÇÃO - CLINICA CIRURGICA;2023;5;791;89;8,887640449438202
HJK;UNIDADE INTERNAÇÃO - CLINICA CIRURGICA;2023;6;515;82;6,280487804878049
HJK;UNIDADE INTERNAÇÃO - CLINICA CIRURGICA;2023;7;614;79;7,772151898734177
HJK;UNIDADE INTERNAÇÃO - CLINICA CIRURGICA;2023;8;724;108;6,703703703703703
HJK;UNIDADE INTERNAÇÃO - CLINICA CIRURGICA;2023;9;942;151;6,23841059602649
HJK;UNIDADE INTERNAÇÃO - CLINICA CIRURGICA;2023;10;879;131;6,709923664122138
HJK;UNIDADE INTERNAÇÃO - CLINICA CIRURGICA;2023;11;950;148;6,418918918918919
HJK;UNIDADE INTERNAÇÃO - CLINICA CIRURGICA;2023;12;806;132;6,106060606060606
HJK;UNIDADE INTERNAÇÃO - CLINICA CIRURGICA;2024;1;856;141;6,070921985815603
HJK;UNIDADE INTERNAÇÃO - CLINICA CIRURGICA;2024;2;924;149;6,201342281879195
HJK;UNIDADE INTERNAÇÃO - CLINICA CIRURGICA;2024;3;1348;189;7,132275132275132
HJK;UNIDADE INTERNAÇÃO - CLINICA CIRURGICA;2024;4;1149;186;6,17741935483871
HJK;UNIDADE INTERNAÇÃO - CLINICA CIRURGICA;2024;5;1267;168;7,541666666666667
HJK;UNIDADE INTERNAÇÃO - CLINICA CIRURGICA;2024;6;1183;190;6,226315789473684
HJK;UNIDADE INTERNAÇÃO - CLINICA CIRURGICA;2024;7;1080;179;6,033519553072626
HJK;UNIDADE INTERNAÇÃO - CLINICA CIRURGICA;2024;8;898;199;4,5125628140703515
HJK;UNIDADE INTERNAÇÃO - CLINICA CIRURGICA;2024;9;862;179;4,815642458100559
HJK;UNIDADE INTERNAÇÃO - CLINICA CIRURGICA;2024;10;1072;209;5,1291866028708135
HJK;UNIDADE INTERNAÇÃO - CLINICA CIRURGICA;2024;11;1049;198;5,297979797979798
HJK;UNIDADE INTERNAÇÃO - CLINICA CIRURGICA;2024;12;741;155;4,780645161290322
HJK;UNIDADE INTERNAÇÃO - CLINICA CIRURGICA;2025;1;940;164;5,7317073170731705
HJK;UNIDADE INTERNAÇÃO - CLINICA CIRURGICA;2025;2;1007;171;5,888888888888889
HJK;UNIDADE INTERNAÇÃO - CLINICA CIRURGICA;2025;3;943;197;4,786802030456853
HJK;UNIDADE INTERNAÇÃO - CLINICA CIRURGICA;2025;4;680;135;5,037037037037037
HJK;UNIDADE INTERNAÇÃO - CLINICA CIRURGICA;2025;5;962;169;5,6923076923076925
HJK;UNIDADE INTERNAÇÃO - CLINICA CIRURGICA;2025;6;1142;165;6,921212121212121
HJK;UNIDADE INTERNAÇÃO - CLINICA CIRURGICA;2025;7;909;164;5,5426829268292686
HJK;UNIDADE INTERNAÇÃO - CLINICA CIRURGICA;2025;8;829;171;4,847953216374269
HJK;UNIDADE INTERNAÇÃO - CLINICA CIRURGICA;2025;9;818;157;5,210191082802548
HJK;UNIDADE INTERNAÇÃO - CLINICA CIRURGICA;2025;10;881;189;4,661375661375661
HJK;UNIDADE INTERNAÇÃO - CLINICA CIRURGICA;2025;11;649;152;4,269736842105263
HJK;UNIDADE INTERNAÇÃO - CLINICA CIRURGICA;2025;12;837;168;4,982142857142857
HJK;UNIDADE INTERNAÇÃO - CLINICA CIRURGICA;2026;1;920;202;4,554455445544554
HJK;UNIDADE INTERNAÇÃO - CLINICA CIRURGICA;2026;2;749;145;5,165517241379311
HJK;UNIDADE INTERNAÇÃO - CLINICA MÉDICA;2019;1;1799;106;16,971698113207548
HJK;UNIDADE INTERNAÇÃO - CLINICA MÉDICA;2019;2;1739;102;17,04901960784314
HJK;UNIDADE INTERNAÇÃO - CLINICA MÉDICA;2019;3;2052;131;15,664122137404581
HJK;UNIDADE INTERNAÇÃO - CLINICA MÉDICA;2019;4;2113;137;15,423357664233576
HJK;UNIDADE INTERNAÇÃO - CLINICA MÉDICA;2019;5;2243;133;16,86466165413534
HJK;UNIDADE INTERNAÇÃO - CLINICA MÉDICA;2019;6;1445;85;17,0
HJK;UNIDADE INTERNAÇÃO - CLINICA MÉDICA;2019;7;2387;117;20,4017094017094
HJK;UNIDADE INTERNAÇÃO - CLINICA MÉDICA;2019;8;2342;115;20,36521739130435
HJK;UNIDADE INTERNAÇÃO - CLINICA MÉDICA;2019;9;2106;116;18,155172413793103
HJK;UNIDADE INTERNAÇÃO - CLINICA MÉDICA;2019;10;2209;131;16,862595419847327
HJK;UNIDADE INTERNAÇÃO - CLINICA MÉDICA;2019;11;1784;143;12,475524475524475
HJK;UNIDADE INTERNAÇÃO - CLINICA MÉDICA;2019;12;1727;118;14,635593220338983
HJK;UNIDADE INTERNAÇÃO - CLINICA MÉDICA;2020;1;1818;128;14,203125
HJK;UNIDADE INTERNAÇÃO - CLINICA MÉDICA;2020;2;1644;101;16,277227722772277
HJK;UNIDADE INTERNAÇÃO - CLINICA MÉDICA;2020;3;2461;138;17,833333333333332
HJK;UNIDADE INTERNAÇÃO - CLINICA MÉDICA;2020;4;1359;114;11,921052631578947
HJK;UNIDADE INTERNAÇÃO - CLINICA MÉDICA;2020;5;1277;135;9,459259259259259
HJK;UNIDADE INTERNAÇÃO - CLINICA MÉDICA;2020;6;1761;87;20,24137931034483
HJK;UNIDADE INTERNAÇÃO - CLINICA MÉDICA;2020;7;536;79;6,784810126582278
HJK;UNIDADE INTERNAÇÃO - CLINICA MÉDICA;2020;8;567;59;9,610169491525424
HJK;UNIDADE INTERNAÇÃO - CLINICA MÉDICA;2020;9;789;84;9,392857142857142
HJK;UNIDADE INTERNAÇÃO - CLINICA MÉDICA;2020;10;1242;102;12,176470588235293
HJK;UNIDADE INTERNAÇÃO - CLINICA MÉDICA;2020;11;1078;90;11,977777777777778
HJK;UNIDADE INTERNAÇÃO - CLINICA MÉDICA;2020;12;1010;81;12,469135802469136
HJK;UNIDADE INTERNAÇÃO - CLINICA MÉDICA;2021;1;811;69;11,753623188405797
HJK;UNIDADE INTERNAÇÃO - CLINICA MÉDICA;2021;2;505;47;10,74468085106383
HJK;UNIDADE INTERNAÇÃO - CLINICA MÉDICA;2021;3;632;60;10,533333333333333
HJK;UNIDADE INTERNAÇÃO - CLINICA MÉDICA;2021;4;748;96;7,791666666666667
HJK;UNIDADE INTERNAÇÃO - CLINICA MÉDICA;2021;5;694;88;7,886363636363637
HJK;UNIDADE INTERNAÇÃO - CLINICA MÉDICA;2021;6;774;102;7,588235294117647
HJK;UNIDADE INTERNAÇÃO - CLINICA MÉDICA;2021;7;537;80;6,7125
HJK;UNIDADE INTERNAÇÃO - CLINICA MÉDICA;2021;8;610;72;8,472222222222221
HJK;UNIDADE INTERNAÇÃO - CLINICA MÉDICA;2021;9;533;43;12,395348837209303
HJK;UNIDADE INTERNAÇÃO - CLINICA MÉDICA;2021;10;719;83;8,662650602409638
HJK;UNIDADE INTERNAÇÃO - CLINICA MÉDICA;2021;11;958;94;10,191489361702128
HJK;UNIDADE INTERNAÇÃO - CLINICA MÉDICA;2021;12;1280;105;12,19047619047619
HJK;UNIDADE INTERNAÇÃO - CLINICA MÉDICA;2022;1;1376;113;12,176991150442477
HJK;UNIDADE INTERNAÇÃO - CLINICA MÉDICA;2022;2;800;44;18,181818181818183
HJK;UNIDADE INTERNAÇÃO - CLINICA MÉDICA;2022;3;508;57;8,912280701754385
HJK;UNIDADE INTERNAÇÃO - CLINICA MÉDICA;2022;4;998;95;10,505263157894737
HJK;UNIDADE INTERNAÇÃO - CLINICA MÉDICA;2022;5;1062;101;10,514851485148515
HJK;UNIDADE INTERNAÇÃO - CLINICA MÉDICA;2022;6;1160;101;11,485148514851485
HJK;UNIDADE INTERNAÇÃO - CLINICA MÉDICA;2022;7;1412;106;13,320754716981131
HJK;UNIDADE INTERNAÇÃO - CLINICA MÉDICA;2022;8;1339;97;13,804123711340207
HJK;UNIDADE INTERNAÇÃO - CLINICA MÉDICA;2022;9;1370;116;11,810344827586206
HJK;UNIDADE INTERNAÇÃO - CLINICA MÉDICA;2022;10;1482;120;12,35
HJK;UNIDADE INTERNAÇÃO - CLINICA MÉDICA;2022;11;1392;100;13,92
HJK;UNIDADE INTERNAÇÃO - CLINICA MÉDICA;2022;12;1220;106;11,50943396226415
HJK;UNIDADE INTERNAÇÃO - CLINICA MÉDICA;2023;1;1192;122;9,770491803278688
HJK;UNIDADE INTERNAÇÃO - CLINICA MÉDICA;2023;2;1468;115;12,765217391304347
HJK;UNIDADE INTERNAÇÃO - CLINICA MÉDICA;2023;3;1566;125;12,528
HJK;UNIDADE INTERNAÇÃO - CLINICA MÉDICA;2023;4;1375;110;12,5
HJK;UNIDADE INTERNAÇÃO - CLINICA MÉDICA;2023;5;1490;102;14,607843137254902
HJK;UNIDADE INTERNAÇÃO - CLINICA MÉDICA;2023;6;1711;114;15,008771929824562
HJK;UNIDADE INTERNAÇÃO - CLINICA MÉDICA;2023;7;1521;107;14,214953271028037
HJK;UNIDADE INTERNAÇÃO - CLINICA MÉDICA;2023;8;1676;111;15,0990990990991
HJK;UNIDADE INTERNAÇÃO - CLINICA MÉDICA;2023;9;1730;102;16,96078431372549
HJK;UNIDADE INTERNAÇÃO - CLINICA MÉDICA;2023;10;1877;104;18,048076923076923
HJK;UNIDADE INTERNAÇÃO - CLINICA MÉDICA;2023;11;2020;115;17,565217391304348
HJK;UNIDADE INTERNAÇÃO - CLINICA MÉDICA;2023;12;1708;116;14,724137931034482
HJK;UNIDADE INTERNAÇÃO - CLINICA MÉDICA;2024;1;1567;119;13,168067226890756
HJK;UNIDADE INTERNAÇÃO - CLINICA MÉDICA;2024;2;1671;126;13,261904761904763
HJK;UNIDADE INTERNAÇÃO - CLINICA MÉDICA;2024;3;1719;127;13,535433070866143
HJK;UNIDADE INTERNAÇÃO - CLINICA MÉDICA;2024;4;2168;120;18,066666666666666
HJK;UNIDADE INTERNAÇÃO - CLINICA MÉDICA;2024;5;1791;134;13,365671641791044
HJK;UNIDADE INTERNAÇÃO - CLINICA MÉDICA;2024;6;1904;133;14,31578947368421
HJK;UNIDADE INTERNAÇÃO - CLINICA MÉDICA;2024;7;1729;137;12,620437956204379
HJK;UNIDADE INTERNAÇÃO - CLINICA MÉDICA;2024;8;1662;115;14,452173913043477
HJK;UNIDADE INTERNAÇÃO - CLINICA MÉDICA;2024;9;1957;123;15,910569105691057
HJK;UNIDADE INTERNAÇÃO - CLINICA MÉDICA;2024;10;1854;143;12,965034965034965
HJK;UNIDADE INTERNAÇÃO - CLINICA MÉDICA;2024;11;1842;147;12,53061224489796
HJK;UNIDADE INTERNAÇÃO - CLINICA MÉDICA;2024;12;1602;148;10,824324324324325
HJK;UNIDADE INTERNAÇÃO - CLINICA MÉDICA;2025;1;1414;118;11,983050847457626
HJK;UNIDADE INTERNAÇÃO - CLINICA MÉDICA;2025;2;1795;117;15,341880341880342
HJK;UNIDADE INTERNAÇÃO - CLINICA MÉDICA;2025;3;2019;121;16,68595041322314
HJK;UNIDADE INTERNAÇÃO - CLINICA MÉDICA;2025;4;1864;135;13,807407407407407
HJK;UNIDADE INTERNAÇÃO - CLINICA MÉDICA;2025;5;1430;102;14,019607843137255
HJK;UNIDADE INTERNAÇÃO - CLINICA MÉDICA;2025;6;1922;118;16,28813559322034
HJK;UNIDADE INTERNAÇÃO - CLINICA MÉDICA;2025;7;2363;142;16,640845070422536
HJK;UNIDADE INTERNAÇÃO - CLINICA MÉDICA;2025;8;1952;147;13,27891156462585
HJK;UNIDADE INTERNAÇÃO - CLINICA MÉDICA;2025;9;1797;119;15,100840336134453
HJK;UNIDADE INTERNAÇÃO - CLINICA MÉDICA;2025;10;2074;130;15,953846153846154
HJK;UNIDADE INTERNAÇÃO - CLINICA MÉDICA;2025;11;2006;125;16,048
HJK;UNIDADE INTERNAÇÃO - CLINICA MÉDICA;2025;12;2073;165;12,563636363636364
HJK;UNIDADE INTERNAÇÃO - CLINICA MÉDICA;2026;1;1504;112;13,428571428571429
HJK;UNIDADE INTERNAÇÃO - CLINICA MÉDICA;2026;2;1431;89;16,078651685393258
HJK;UNIDADE INTERNAÇÃO - CLINICA PNEUMOLOGICA;2019;1;1416;87;16,275862068965516
HJK;UNIDADE INTERNAÇÃO - CLINICA PNEUMOLOGICA;2019;2;2019;84;24,035714285714285
HJK;UNIDADE INTERNAÇÃO - CLINICA PNEUMOLOGICA;2019;3;1942;98;19,816326530612244
HJK;UNIDADE INTERNAÇÃO - CLINICA PNEUMOLOGICA;2019;4;1710;90;19,0
HJK;UNIDADE INTERNAÇÃO - CLINICA PNEUMOLOGICA;2019;5;1965;112;17,544642857142858
HJK;UNIDADE INTERNAÇÃO - CLINICA PNEUMOLOGICA;2019;6;1708;93;18,365591397849464
HJK;UNIDADE INTERNAÇÃO - CLINICA PNEUMOLOGICA;2019;7;1607;94;17,095744680851062
HJK;UNIDADE INTERNAÇÃO - CLINICA PNEUMOLOGICA;2019;8;1903;95;20,03157894736842
HJK;UNIDADE INTERNAÇÃO - CLINICA PNEUMOLOGICA;2019;9;1692;101;16,752475247524753
HJK;UNIDADE INTERNAÇÃO - CLINICA PNEUMOLOGICA;2019;10;1999;115;17,382608695652173
HJK;UNIDADE INTERNAÇÃO - CLINICA PNEUMOLOGICA;2019;11;1462;94;15,553191489361701
HJK;UNIDADE INTERNAÇÃO - CLINICA PNEUMOLOGICA;2019;12;1974;110;17,945454545454545
HJK;UNIDADE INTERNAÇÃO - CLINICA PNEUMOLOGICA;2020;1;1905;99;19,242424242424242
HJK;UNIDADE INTERNAÇÃO - CLINICA PNEUMOLOGICA;2020;2;1681;73;23,027397260273972
HJK;UNIDADE INTERNAÇÃO - CLINICA PNEUMOLOGICA;2020;3;3008;124;24,258064516129032
HJK;UNIDADE INTERNAÇÃO - CLINICA PNEUMOLOGICA;2020;4;907;40;22,675
HJK;UNIDADE INTERNAÇÃO - CLINICA PNEUMOLOGICA;2020;5;1136;91;12,483516483516484
HJK;UNIDADE INTERNAÇÃO - CLINICA PNEUMOLOGICA;2020;6;601;71;8,464788732394366
HJK;UNIDADE INTERNAÇÃO - CLINICA PNEUMOLOGICA;2020;7;1167;126;9,261904761904763
HJK;UNIDADE INTERNAÇÃO - CLINICA PNEUMOLOGICA;2020;8;961;83;11,578313253012048
HJK;UNIDADE INTERNAÇÃO - CLINICA PNEUMOLOGICA;2020;9;647;84;7,7023809523809526
HJK;UNIDADE INTERNAÇÃO - CLINICA PNEUMOLOGICA;2020;10;518;81;6,395061728395062
HJK;UNIDADE INTERNAÇÃO - CLINICA PNEUMOLOGICA;2020;11;452;74;6,108108108108108
HJK;UNIDADE INTERNAÇÃO - CLINICA PNEUMOLOGICA;2020;12;803;106;7,5754716981132075
HJK;UNIDADE INTERNAÇÃO - CLINICA PNEUMOLOGICA;2021;1;887;104;8,528846153846153
HJK;UNIDADE INTERNAÇÃO - CLINICA PNEUMOLOGICA;2021;2;712;74;9,621621621621621
HJK;UNIDADE INTERNAÇÃO - CLINICA PNEUMOLOGICA;2021;3;1160;127;9,133858267716535
HJK;UNIDADE INTERNAÇÃO - CLINICA PNEUMOLOGICA;2021;4;1024;127;8,062992125984252
HJK;UNIDADE INTERNAÇÃO - CLINICA PNEUMOLOGICA;2021;5;912;82;11,121951219512194
HJK;UNIDADE INTERNAÇÃO - CLINICA PNEUMOLOGICA;2021;6;1050;103;10,194174757281553
HJK;UNIDADE INTERNAÇÃO - CLINICA PNEUMOLOGICA;2021;7;933;131;7,122137404580153
HJK;UNIDADE INTERNAÇÃO - CLINICA PNEUMOLOGICA;2021;8;559;71;7,873239436619718
HJK;UNIDADE INTERNAÇÃO - CLINICA PNEUMOLOGICA;2021;9;199;22;9,045454545454545
HJK;UNIDADE INTERNAÇÃO - CLINICA PNEUMOLOGICA;2021;10;300;35;8,571428571428571
HJK;UNIDADE INTERNAÇÃO - CLINICA PNEUMOLOGICA;2021;11;689;83;8,301204819277109
HJK;UNIDADE INTERNAÇÃO - CLINICA PNEUMOLOGICA;2021;12;754;92;8,195652173913043
HJK;UNIDADE INTERNAÇÃO - CLINICA PNEUMOLOGICA;2022;1;948;111;8,54054054054054
HJK;UNIDADE INTERNAÇÃO - CLINICA PNEUMOLOGICA;2022;2;670;68;9,852941176470589
HJK;UNIDADE INTERNAÇÃO - CLINICA PNEUMOLOGICA;2022;3;459;38;12,078947368421053
HJK;UNIDADE INTERNAÇÃO - CLINICA PNEUMOLOGICA;2022;4;953;79;12,063291139240507
HJK;UNIDADE INTERNAÇÃO - CLINICA PNEUMOLOGICA;2022;5;977;103;9,485436893203884
HJK;UNIDADE INTERNAÇÃO - CLINICA PNEUMOLOGICA;2022;6;1064;103;10,330097087378642
HJK;UNIDADE INTERNAÇÃO - CLINICA PNEUMOLOGICA;2022;7;900;81;11,11111111111111
HJK;UNIDADE INTERNAÇÃO - CLINICA PNEUMOLOGICA;2022;8;1347;94;14,329787234042554
HJK;UNIDADE INTERNAÇÃO - CLINICA PNEUMOLOGICA;2022;9;1166;99;11,777777777777779
HJK;UNIDADE INTERNAÇÃO - CLINICA PNEUMOLOGICA;2022;10;1334;119;11,210084033613445
HJK;UNIDADE INTERNAÇÃO - CLINICA PNEUMOLOGICA;2022;11;1412;92;15,347826086956522
HJK;UNIDADE INTERNAÇÃO - CLINICA PNEUMOLOGICA;2022;12;1404;102;13,764705882352942
HJK;UNIDADE INTERNAÇÃO - CLINICA PNEUMOLOGICA;2023;1;1030;81;12,716049382716049
HJK;UNIDADE INTERNAÇÃO - CLINICA PNEUMOLOGICA;2023;2;1371;100;13,71
HJK;UNIDADE INTERNAÇÃO - CLINICA PNEUMOLOGICA;2023;3;1417;110;12,881818181818181
HJK;UNIDADE INTERNAÇÃO - CLINICA PNEUMOLOGICA;2023;4;1340;104;12,884615384615385
HJK;UNIDADE INTERNAÇÃO - CLINICA PNEUMOLOGICA;2023;5;1539;111;13,864864864864865
HJK;UNIDADE INTERNAÇÃO - CLINICA PNEUMOLOGICA;2023;6;1802;110;16,381818181818183
HJK;UNIDADE INTERNAÇÃO - CLINICA PNEUMOLOGICA;2023;7;1612;113;14,265486725663717
HJK;UNIDADE INTERNAÇÃO - CLINICA PNEUMOLOGICA;2023;8;1877;123;15,260162601626016
HJK;UNIDADE INTERNAÇÃO - CLINICA PNEUMOLOGICA;2023;9;1223;111;11,018018018018019
HJK;UNIDADE INTERNAÇÃO - CLINICA PNEUMOLOGICA;2023;10;1719;115;14,947826086956521
HJK;UNIDADE INTERNAÇÃO - CLINICA PNEUMOLOGICA;2023;11;1982;87;22,7816091954023
HJK;UNIDADE INTERNAÇÃO - CLINICA PNEUMOLOGICA;2023;12;1672;114;14,666666666666666
HJK;UNIDADE INTERNAÇÃO - CLINICA PNEUMOLOGICA;2024;1;1325;112;11,830357142857142
HJK;UNIDADE INTERNAÇÃO - CLINICA PNEUMOLOGICA;2024;2;1513;110;13,754545454545454
HJK;UNIDADE INTERNAÇÃO - CLINICA PNEUMOLOGICA;2024;3;1382;106;13,037735849056604
HJK;UNIDADE INTERNAÇÃO - CLINICA PNEUMOLOGICA;2024;4;1529;117;13,068376068376068
HJK;UNIDADE INTERNAÇÃO - CLINICA PNEUMOLOGICA;2024;5;1489;122;12,204918032786885
HJK;UNIDADE INTERNAÇÃO - CLINICA PNEUMOLOGICA;2024;6;1534;120;12,783333333333333
HJK;UNIDADE INTERNAÇÃO - CLINICA PNEUMOLOGICA;2024;7;1694;105;16,133333333333333
HJK;UNIDADE INTERNAÇÃO - CLINICA PNEUMOLOGICA;2024;8;1931;129;14,968992248062015
HJK;UNIDADE INTERNAÇÃO - CLINICA PNEUMOLOGICA;2024;9;1176;112;10,5
HJK;UNIDADE INTERNAÇÃO - CLINICA PNEUMOLOGICA;2024;10;1616;115;14,052173913043479
HJK;UNIDADE INTERNAÇÃO - CLINICA PNEUMOLOGICA;2024;11;1634;134;12,194029850746269
HJK;UNIDADE INTERNAÇÃO - CLINICA PNEUMOLOGICA;2024;12;1599;135;11,844444444444445
HJK;UNIDADE INTERNAÇÃO - CLINICA PNEUMOLOGICA;2025;1;1408;113;12,460176991150442
HJK;UNIDADE INTERNAÇÃO - CLINICA PNEUMOLOGICA;2025;2;1459;94;15,52127659574468
HJK;UNIDADE INTERNAÇÃO - CLINICA PNEUMOLOGICA;2025;3;1609;109;14,761467889908257
HJK;UNIDADE INTERNAÇÃO - CLINICA PNEUMOLOGICA;2025;4;1188;124;9,580645161290322
HJK;UNIDADE INTERNAÇÃO - CLINICA PNEUMOLOGICA;2025;5;1750;122;14,344262295081966
HJK;UNIDADE INTERNAÇÃO - CLINICA PNEUMOLOGICA;2025;6;1436;118;12,169491525423728
HJK;UNIDADE INTERNAÇÃO - CLINICA PNEUMOLOGICA;2025;7;1688;128;13,1875
HJK;UNIDADE INTERNAÇÃO - CLINICA PNEUMOLOGICA;2025;8;1588;117;13,572649572649572
HJK;UNIDADE INTERNAÇÃO - CLINICA PNEUMOLOGICA;2025;9;1431;130;11,007692307692308
HJK;UNIDADE INTERNAÇÃO - CLINICA PNEUMOLOGICA;2025;10;1791;114;15,710526315789474
HJK;UNIDADE INTERNAÇÃO - CLINICA PNEUMOLOGICA;2025;11;1743;111;15,702702702702704
HJK;UNIDADE INTERNAÇÃO - CLINICA PNEUMOLOGICA;2025;12;1528;104;14,692307692307692
HJK;UNIDADE INTERNAÇÃO - CLINICA PNEUMOLOGICA;2026;1;1396;112;12,464285714285714
HJK;UNIDADE INTERNAÇÃO - CLINICA PNEUMOLOGICA;2026;2;1301;86;15,127906976744185
HJK;UNIDADE INTERNAÇÃO - CLINICA TISIOLÓGICA;2019;1;516;18;28,666666666666668
HJK;UNIDADE INTERNAÇÃO - CLINICA TISIOLÓGICA;2019;2;1098;25;43,92
HJK;UNIDADE INTERNAÇÃO - CLINICA TISIOLÓGICA;2019;3;584;24;24,333333333333332
HJK;UNIDADE INTERNAÇÃO - CLINICA TISIOLÓGICA;2019;4;621;15;41,4
HJK;UNIDADE INTERNAÇÃO - CLINICA TISIOLÓGICA;2019;5;390;15;26,0
HJK;UNIDADE INTERNAÇÃO - CLINICA TISIOLÓGICA;2019;6;613;17;36,05882352941177
HJK;UNIDADE INTERNAÇÃO - CLINICA TISIOLÓGICA;2019;7;638;20;31,9
HJK;UNIDADE INTERNAÇÃO - CLINICA TISIOLÓGICA;2019;8;307;16;19,1875
HJK;UNIDADE INTERNAÇÃO - CLINICA TISIOLÓGICA;2019;9;717;18;39,833333333333336
HJK;UNIDADE INTERNAÇÃO - CLINICA TISIOLÓGICA;2019;10;767;22;34,86363636363637
HJK;UNIDADE INTERNAÇÃO - CLINICA TISIOLÓGICA;2019;11;481;25;19,24
HJK;UNIDADE INTERNAÇÃO - CLINICA TISIOLÓGICA;2019;12;669;24;27,875
HJK;UNIDADE INTERNAÇÃO - CLINICA TISIOLÓGICA;2020;1;614;22;27,90909090909091
HJK;UNIDADE INTERNAÇÃO - CLINICA TISIOLÓGICA;2020;2;371;16;23,1875
HJK;UNIDADE INTERNAÇÃO - CLINICA TISIOLÓGICA;2020;3;186;11;16,90909090909091
HJK;UNIDADE INTERNAÇÃO - CLINICA TISIOLÓGICA;2020;4;582;21;27,714285714285715
HJK;UNIDADE INTERNAÇÃO - CLINICA TISIOLÓGICA;2020;5;266;12;22,166666666666668
HJK;UNIDADE INTERNAÇÃO - CLINICA TISIOLÓGICA;2020;6;235;13;18,076923076923077
HJK;UNIDADE INTERNAÇÃO - CLINICA TISIOLÓGICA;2020;7;795;19;41,8421052631579
HJK;UNIDADE INTERNAÇÃO - CLINICA TISIOLÓGICA;2020;8;616;13;47,38461538461539
HJK;UNIDADE INTERNAÇÃO - CLINICA TISIOLÓGICA;2020;9;425;12;35,416666666666664
HJK;UNIDADE INTERNAÇÃO - CLINICA TISIOLÓGICA;2020;10;220;10;22,0
HJK;UNIDADE INTERNAÇÃO - CLINICA TISIOLÓGICA;2020;11;551;13;42,38461538461539
HJK;UNIDADE INTERNAÇÃO - CLINICA TISIOLÓGICA;2020;12;759;17;44,64705882352941
HJK;UNIDADE INTERNAÇÃO - CLINICA TISIOLÓGICA;2021;1;822;16;51,375
HJK;UNIDADE INTERNAÇÃO - CLINICA TISIOLÓGICA;2021;2;360;13;27,692307692307693
HJK;UNIDADE INTERNAÇÃO - CLINICA TISIOLÓGICA;2021;3;1397;53;26,358490566037737
HJK;UNIDADE INTERNAÇÃO - CLINICA TISIOLÓGICA;2021;4;1617;79;20,468354430379748
HJK;UNIDADE INTERNAÇÃO - CLINICA TISIOLÓGICA;2021;5;1263;75;16,84
HJK;UNIDADE INTERNAÇÃO - CLINICA TISIOLÓGICA;2021;6;1727;69;25,028985507246375
HJK;UNIDADE INTERNAÇÃO - CLINICA TISIOLÓGICA;2021;7;402;14;28,714285714285715
HJK;UNIDADE INTERNAÇÃO - CLINICA TISIOLÓGICA;2021;8;222;11;20,181818181818183
HJK;UNIDADE INTERNAÇÃO - CLINICA TISIOLÓGICA;2021;9;461;18;25,61111111111111
HJK;UNIDADE INTERNAÇÃO - CLINICA TISIOLÓGICA;2021;10;485;19;25,526315789473685
HJK;UNIDADE INTERNAÇÃO - CLINICA TISIOLÓGICA;2021;11;638;20;31,9
HJK;UNIDADE INTERNAÇÃO - CLINICA TISIOLÓGICA;2021;12;445;26;17,115384615384617
HJK;UNIDADE INTERNAÇÃO - CLINICA TISIOLÓGICA;2022;1;674;28;24,071428571428573
HJK;UNIDADE INTERNAÇÃO - CLINICA TISIOLÓGICA;2022;2;729;23;31,695652173913043
HJK;UNIDADE INTERNAÇÃO - CLINICA TISIOLÓGICA;2022;3;310;15;20,666666666666668
HJK;UNIDADE INTERNAÇÃO - CLINICA TISIOLÓGICA;2022;4;394;12;32,833333333333336
HJK;UNIDADE INTERNAÇÃO - CLINICA TISIOLÓGICA;2022;5;486;24;20,25
HJK;UNIDADE INTERNAÇÃO - CLINICA TISIOLÓGICA;2022;6;481;15;32,06666666666667
HJK;UNIDADE INTERNAÇÃO - CLINICA TISIOLÓGICA;2022;7;409;18;22,72222222222222
HJK;UNIDADE INTERNAÇÃO - CLINICA TISIOLÓGICA;2022;8;434;15;28,933333333333334
HJK;UNIDADE INTERNAÇÃO - CLINICA TISIOLÓGICA;2022;9;928;17;54,588235294117645
HJK;UNIDADE INTERNAÇÃO - CLINICA TISIOLÓGICA;2022;10;606;21;28,857142857142858
HJK;UNIDADE INTERNAÇÃO - CLINICA TISIOLÓGICA;2022;11;322;13;24,76923076923077
HJK;UNIDADE INTERNAÇÃO - CLINICA TISIOLÓGICA;2022;12;470;25;18,8
HJK;UNIDADE INTERNAÇÃO - CLINICA TISIOLÓGICA;2023;1;264;20;13,2
HJK;UNIDADE INTERNAÇÃO - CLINICA TISIOLÓGICA;2023;2;284;17;16,705882352941178
HJK;UNIDADE INTERNAÇÃO - CLINICA TISIOLÓGICA;2023;3;747;28;26,678571428571427
HJK;UNIDADE INTERNAÇÃO - CLINICA TISIOLÓGICA;2023;4;354;22;16,09090909090909
HJK;UNIDADE INTERNAÇÃO - CLINICA TISIOLÓGICA;2023;5;593;22;26,954545454545453
HJK;UNIDADE INTERNAÇÃO - CLINICA TISIOLÓGICA;2023;6;420;17;24,705882352941178
HJK;UNIDADE INTERNAÇÃO - CLINICA TISIOLÓGICA;2023;7;403;19;21,210526315789473
HJK;UNIDADE INTERNAÇÃO - CLINICA TISIOLÓGICA;2023;8;796;31;25,677419354838708
HJK;UNIDADE INTERNAÇÃO - CLINICA TISIOLÓGICA;2023;9;432;14;30,857142857142858
HJK;UNIDADE INTERNAÇÃO - CLINICA TISIOLÓGICA;2023;10;698;25;27,92
HJK;UNIDADE INTERNAÇÃO - CLINICA TISIOLÓGICA;2023;11;1021;33;30,939393939393938
HJK;UNIDADE INTERNAÇÃO - CLINICA TISIOLÓGICA;2023;12;511;20;25,55
HJK;UNIDADE INTERNAÇÃO - CLINICA TISIOLÓGICA;2024;1;992;24;41,333333333333336
HJK;UNIDADE INTERNAÇÃO - CLINICA TISIOLÓGICA;2024;2;768;25;30,72
HJK;UNIDADE INTERNAÇÃO - CLINICA TISIOLÓGICA;2024;3;964;56;17,214285714285715
HJK;UNIDADE INTERNAÇÃO - CLINICA TISIOLÓGICA;2024;4;880;56;15,714285714285714
HJK;UNIDADE INTERNAÇÃO - CLINICA TISIOLÓGICA;2024;5;781;58;13,46551724137931
HJK;UNIDADE INTERNAÇÃO - CLINICA TISIOLÓGICA;2024;6;776;50;15,52
HJK;UNIDADE INTERNAÇÃO - CLINICA TISIOLÓGICA;2024;7;856;55;15,563636363636364
HJK;UNIDADE INTERNAÇÃO - CLINICA TISIOLÓGICA;2024;8;915;59;15,508474576271187
HJK;UNIDADE INTERNAÇÃO - CLINICA TISIOLÓGICA;2024;9;1279;63;20,3015873015873
HJK;UNIDADE INTERNAÇÃO - CLINICA TISIOLÓGICA;2024;10;984;72;13,666666666666666
HJK;UNIDADE INTERNAÇÃO - CLINICA TISIOLÓGICA;2024;11;994;55;18,072727272727274
HJK;UNIDADE INTERNAÇÃO - CLINICA TISIOLÓGICA;2024;12;911;55;16,563636363636363
HJK;UNIDADE INTERNAÇÃO - CLINICA TISIOLÓGICA;2025;1;488;41;11,902439024390244
HJK;UNIDADE INTERNAÇÃO - CLINICA TISIOLÓGICA;2025;2;1123;50;22,46
HJK;UNIDADE INTERNAÇÃO - CLINICA TISIOLÓGICA;2025;3;807;51;15,823529411764707
HJK;UNIDADE INTERNAÇÃO - CLINICA TISIOLÓGICA;2025;4;1371;61;22,475409836065573
HJK;UNIDADE INTERNAÇÃO - CLINICA TISIOLÓGICA;2025;5;841;60;14,016666666666667
HJK;UNIDADE INTERNAÇÃO - CLINICA TISIOLÓGICA;2025;6;776;48;16,166666666666668
HJK;UNIDADE INTERNAÇÃO - CLINICA TISIOLÓGICA;2025;7;1164;65;17,907692307692308
HJK;UNIDADE INTERNAÇÃO - CLINICA TISIOLÓGICA;2025;8;1033;60;17,216666666666665
HJK;UNIDADE INTERNAÇÃO - CLINICA TISIOLÓGICA;2025;9;1241;67;18,52238805970149
HJK;UNIDADE INTERNAÇÃO - CLINICA TISIOLÓGICA;2025;10;1130;75;15,066666666666666
HJK;UNIDADE INTERNAÇÃO - CLINICA TISIOLÓGICA;2025;11;611;37;16,513513513513512
HJK;UNIDADE INTERNAÇÃO - CLINICA TISIOLÓGICA;2025;12;1146;69;16,608695652173914
HJK;UNIDADE INTERNAÇÃO - CLINICA TISIOLÓGICA;2026;1;843;48;17,5625
HJK;UNIDADE INTERNAÇÃO - CLINICA TISIOLÓGICA;2026;2;933;47;19,851063829787233
HJK;UNIDADE URGENCIA/EMERGENCIA;2022;5;596;50;11,92
HJK;UNIDADE URGENCIA/EMERGENCIA;2022;6;663;50;13,26
HJK;UNIDADE URGENCIA/EMERGENCIA;2022;7;919;79;11,632911392405063
HJK;UNIDADE URGENCIA/EMERGENCIA;2022;8;879;137;6,416058394160584
HJK;UNIDADE URGENCIA/EMERGENCIA;2022;9;917;153;5,993464052287582
HJK;UNIDADE URGENCIA/EMERGENCIA;2022;10;1304;133;9,80451127819549
HJK;UNIDADE URGENCIA/EMERGENCIA;2022;11;1177;130;9,053846153846154
HJK;UNIDADE URGENCIA/EMERGENCIA;2022;12;821;134;6,126865671641791
HJK;UNIDADE URGENCIA/EMERGENCIA;2023;1;834;119;7,008403361344538
HJK;UNIDADE URGENCIA/EMERGENCIA;2023;2;1112;134;8,298507462686567
HJK;UNIDADE URGENCIA/EMERGENCIA;2023;3;1122;185;6,064864864864865
HJK;UNIDADE URGENCIA/EMERGENCIA;2023;4;1097;167;6,568862275449102
HJK;UNIDADE URGENCIA/EMERGENCIA;2023;5;1323;233;5,6781115879828326
HJK;UNIDADE URGENCIA/EMERGENCIA;2023;6;1260;181;6,961325966850829
HJK;UNIDADE URGENCIA/EMERGENCIA;2023;7;1284;221;5,8099547511312215
HJK;UNIDADE URGENCIA/EMERGENCIA;2023;8;1326;222;5,972972972972973
HJK;UNIDADE URGENCIA/EMERGENCIA;2023;9;1189;189;6,291005291005291
HJK;UNIDADE URGENCIA/EMERGENCIA;2023;10;1627;255;6,3803921568627455
HJK;UNIDADE URGENCIA/EMERGENCIA;2023;11;1421;230;6,178260869565217
HJK;UNIDADE URGENCIA/EMERGENCIA;2023;12;1439;233;6,175965665236052
HJK;UNIDADE URGENCIA/EMERGENCIA;2024;1;1293;223;5,798206278026906
HJK;UNIDADE URGENCIA/EMERGENCIA;2024;2;1433;314;4,563694267515924
HJK;UNIDADE URGENCIA/EMERGENCIA;2024;3;1431;395;3,6227848101265825
HJK;UNIDADE URGENCIA/EMERGENCIA;2024;4;1564;313;4,996805111821086
HJK;UNIDADE URGENCIA/EMERGENCIA;2024;5;1446;306;4,7254901960784315
HJK;UNIDADE URGENCIA/EMERGENCIA;2024;6;1134;247;4,5910931174089065
HJK;UNIDADE URGENCIA/EMERGENCIA;2024;7;1287;232;5,547413793103448
HJK;UNIDADE URGENCIA/EMERGENCIA;2024;8;1502;217;6,921658986175115
HJK;UNIDADE URGENCIA/EMERGENCIA;2024;9;1372;226;6,070796460176991
HJK;UNIDADE URGENCIA/EMERGENCIA;2024;10;1700;220;7,7272727272727275
HJK;UNIDADE URGENCIA/EMERGENCIA;2024;11;1344;193;6,963730569948186
HJK;UNIDADE URGENCIA/EMERGENCIA;2024;12;1464;231;6,337662337662338
HJK;UNIDADE URGENCIA/EMERGENCIA;2025;1;1621;252;6,432539682539683
HJK;UNIDADE URGENCIA/EMERGENCIA;2025;2;1447;210;6,890476190476191
HJK;UNIDADE URGENCIA/EMERGENCIA;2025;3;1717;261;6,578544061302682
HJK;UNIDADE URGENCIA/EMERGENCIA;2025;4;1477;249;5,931726907630522
HJK;UNIDADE URGENCIA/EMERGENCIA;2025;5;1716;244;7,032786885245901
HJK;UNIDADE URGENCIA/EMERGENCIA;2025;6;1753;245;7,155102040816327
HJK;UNIDADE URGENCIA/EMERGENCIA;2025;7;1432;236;6,067796610169491
HJK;UNIDADE URGENCIA/EMERGENCIA;2025;8;1753;264;6,640151515151516
HJK;UNIDADE URGENCIA/EMERGENCIA;2025;9;1850;240;7,708333333333333
HJK;UNIDADE URGENCIA/EMERGENCIA;2025;10;1651;242;6,822314049586777
HJK;UNIDADE URGENCIA/EMERGENCIA;2025;11;1671;226;7,393805309734513
HJK;UNIDADE URGENCIA/EMERGENCIA;2025;12;1620;238;6,80672268907563
HJK;UNIDADE URGENCIA/EMERGENCIA;2026;1;1778;243;7,316872427983539
HJK;UNIDADE URGENCIA/EMERGENCIA;2026;2;1576;210;7,504761904761905
HJK;UNIDADE URGENCIA/EMERGENCIA CLÍNICA MÉDICA - INTERNAÇÃO;2020;1;76;7;10,857142857142858
HJK;UNIDADE URGENCIA/EMERGENCIA CLÍNICA MÉDICA - INTERNAÇÃO;2020;2;664;59;11,254237288135593
HJK;UNIDADE URGENCIA/EMERGENCIA CLÍNICA MÉDICA - INTERNAÇÃO;2020;3;584;50;11,68
HJK;UNIDADE URGENCIA/EMERGENCIA CLÍNICA MÉDICA - INTERNAÇÃO;2020;4;195;33;5,909090909090909
HJK;UNIDADE URGENCIA/EMERGENCIA CLÍNICA MÉDICA - INTERNAÇÃO;2020;5;143;45;3,1777777777777776
HJK;UNIDADE URGENCIA/EMERGENCIA CLÍNICA MÉDICA - INTERNAÇÃO;2020;6;210;36;5,833333333333333
HJK;UTI - ADULTO;2022;5;63;5;12,6
HJK;UTI - ADULTO;2022;6;260;19;13,68421052631579
HJK;UTI - ADULTO;2022;7;242;18;13,444444444444445
HJK;UTI - ADULTO;2022;8;156;10;15,6
HJK;UTI - ADULTO;2022;9;171;9;19,0
HJK;UTI - ADULTO;2022;10;166;13;12,76923076923077
HJK;UTI - ADULTO;2022;11;237;11;21,545454545454547
HJK;UTI - ADULTO;2022;12;126;6;21,0
HJK;UTI - ADULTO;2023;1;327;12;27,25
HJK;UTI - ADULTO;2023;2;202;16;12,625
HJK;UTI - ADULTO;2023;3;153;11;13,909090909090908
HJK;UTI - ADULTO;2023;4;224;15;14,933333333333334
HJK;UTI - ADULTO;2023;5;411;24;17,125
HJK;UTI - ADULTO;2023;6;448;28;16,0
HJK;UTI - ADULTO;2023;7;270;18;15,0
HJK;UTI - ADULTO;2023;8;545;31;17,580645161290324
HJK;UTI - ADULTO;2023;9;452;26;17,384615384615383
HJK;UTI - ADULTO;2023;10;324;31;10,451612903225806
HJK;UTI - ADULTO;2023;11;598;37;16,16216216216216
HJK;UTI - ADULTO;2023;12;528;40;13,2
HJK;UTI - ADULTO;2024;1;338;28;12,071428571428571
HJK;UTI - ADULTO;2024;2;621;33;18,818181818181817
HJK;UTI - ADULTO;2024;3;658;35;18,8
HJK;UTI - ADULTO;2024;4;401;27;14,851851851851851
HJK;UTI - ADULTO;2024;5;746;41;18,195121951219512
HJK;UTI - ADULTO;2024;6;485;38;12,763157894736842
HJK;UTI - ADULTO;2024;7;553;37;14,945945945945946
HJK;UTI - ADULTO;2024;8;563;40;14,075
HJK;UTI - ADULTO;2024;9;395;34;11,617647058823529
HJK;UTI - ADULTO;2024;10;396;40;9,9
HJK;UTI - ADULTO;2024;11;420;28;15,0
HJK;UTI - ADULTO;2024;12;598;49;12,204081632653061
HJK;UTI - ADULTO;2025;1;493;32;15,40625
HJK;UTI - ADULTO;2025;2;371;31;11,96774193548387
HJK;UTI - ADULTO;2025;3;342;39;8,76923076923077
HJK;UTI - ADULTO;2025;4;339;27;12,555555555555555
HJK;UTI - ADULTO;2025;5;578;36;16,055555555555557
HJK;UTI - ADULTO;2025;6;561;45;12,466666666666667
HJK;UTI - ADULTO;2025;7;674;53;12,716981132075471
HJK;UTI - ADULTO;2025;8;427;39;10,948717948717949
HJK;UTI - ADULTO;2025;9;665;44;15,113636363636363
HJK;UTI - ADULTO;2025;10;801;50;16,02
HJK;UTI - ADULTO;2025;11;764;58;13,172413793103448
HJK;UTI - ADULTO;2025;12;473;56;8,446428571428571
HJK;UTI - ADULTO;2026;1;736;44;16,727272727272727
HJK;UTI - ADULTO;2026;2;672;49;13,714285714285714
HJK;UTI - ADULTO;2026;3;608;47;12,936170212765957
HJK;UTI - ADULTO;2026;4;712;49;14,53061224489796
HJK;UTI - ADULTO;2026;5;657;48;13,6875
HJK;UTI - ADULTO;2026;6;366;31;11,806451612903226
HJK;UTI - ADULTO COVID-19 (CTI 03);2021;4;49;3;16,333333333333332
HJK;UTI - ADULTO COVID-19 (CTI 03);2021;5;35;2;17,5
HJK;UTI - ADULTO COVID-19 (CTI 03);2021;7;99;14;7,071428571428571
HJK;UTI - ADULTO COVID-19 (CTI 03);2021;10;33;1;33,0
HJK;UTI - NEONATAL;2022;6;235;5;47,0
HJK;UTI - NEONATAL;2022;7;73;5;14,6
HJK;UTI - NEONATAL;2022;8;39;3;13,0
HJK;UTI - NEONATAL;2022;10;5;3;1,6666666666666667
HJK;UTI - NEONATAL;2022;11;23;3;7,666666666666667
HJK;UTI - NEONATAL;2022;12;147;5;29,4
HJK;UTI - NEONATAL;2023;1;128;6;21,333333333333332
HJK;UTI - NEONATAL;2023;2;13;2;6,5
HJK;UTI - NEONATAL;2023;3;42;1;42,0
HJK;UTI - NEONATAL;2023;4;26;3;8,666666666666666
HJK;UTI - NEONATAL;2023;5;2;1;2,0
HJK;UTI - NEONATAL;2023;6;13;4;3,25
HJK;UTI - NEONATAL;2023;7;71;2;35,5
HJK;UTI - NEONATAL;2023;8;13;1;13,0
HJK;UTI - NEONATAL;2023;9;100;2;50,0
HJK;UTI - NEONATAL;2023;11;9;2;4,5
HJK;UTI - NEONATAL;2023;12;34;2;17,0
HJK;UTI - NEONATAL;2024;2;151;2;75,5
HJK;UTI - NEONATAL;2024;3;1;1;1,0
HJK;UTI - NEONATAL;2024;4;86;4;21,5
HJK;UTI - NEONATAL;2024;5;177;7;25,285714285714285
HJK;UTI - NEONATAL;2024;6;202;7;28,857142857142858
HJK;UTI - NEONATAL;2024;7;45;3;15,0
HJK;UTI - NEONATAL;2024;8;6;3;2,0
HJK;UTI - NEONATAL;2024;9;15;3;5,0
HJK;UTI - NEONATAL;2024;10;19;4;4,75
HJK;UTI - NEONATAL;2024;11;3;1;3,0
HJK;UTI - NEONATAL;2024;12;9;3;3,0
HJK;UTI - NEONATAL;2025;1;6;3;2,0
HJK;UTI - NEONATAL;2025;2;161;2;80,5
HJK;UTI - NEONATAL;2025;3;53;6;8,833333333333334
HJK;UTI - NEONATAL;2025;4;69;2;34,5
HJK;UTI - NEONATAL;2025;5;233;18;12,944444444444445
HJK;UTI - NEONATAL;2025;6;246;14;17,571428571428573
HJK;UTI - NEONATAL;2025;7;675;18;37,5
HJK;UTI - NEONATAL;2025;8;27;4;6,75
HJK;UTI - NEONATAL;2025;9;39;5;7,8
HJK;UTI - NEONATAL;2025;10;4;1;4,0
HJK;UTI - NEONATAL;2025;11;12;3;4,0
HJK;UTI - NEONATAL;2025;12;11;4;2,75
HJK;UTI - NEONATAL;2026;1;26;3;8,666666666666666
HJK;UTI - NEONATAL;2026;2;2;1;2,0
HJK;UTI - NEONATAL;2026;3;21;6;3,5
HJK;UTI - NEONATAL;2026;4;6;1;6,0
HJK;UTI - NEONATAL;2026;6;336;5;67,2
HJK;UTI - NEONATAL E PEDIATRICO UTIN E UCIN;2019;1;225;5;45,0
HJK;UTI - NEONATAL E PEDIATRICO UTIN E UCIN;2019;2;369;10;36,9
HJK;UTI - NEONATAL E PEDIATRICO UTIN E UCIN;2019;3;273;14;19,5
HJK;UTI - NEONATAL E PEDIATRICO UTIN E UCIN;2019;4;449;12;37,416666666666664
HJK;UTI - NEONATAL E PEDIATRICO UTIN E UCIN;2019;5;195;13;15,0
HJK;UTI - NEONATAL E PEDIATRICO UTIN E UCIN;2019;6;301;14;21,5
HJK;UTI - NEONATAL E PEDIATRICO UTIN E UCIN;2019;7;159;8;19,875
HJK;UTI - NEONATAL E PEDIATRICO UTIN E UCIN;2019;8;66;3;22,0
HJK;UTI - NEONATAL E PEDIATRICO UTIN E UCIN;2019;9;182;8;22,75
HJK;UTI - NEONATAL E PEDIATRICO UTIN E UCIN;2019;10;240;7;34,285714285714285
HJK;UTI - NEONATAL E PEDIATRICO UTIN E UCIN;2019;11;41;8;5,125
HJK;UTI - NEONATAL E PEDIATRICO UTIN E UCIN;2019;12;197;4;49,25
HJK;UTI - NEONATAL E PEDIATRICO UTIN E UCIN;2020;1;141;7;20,142857142857142
HJK;UTI - NEONATAL E PEDIATRICO UTIN E UCIN;2020;2;428;8;53,5
HJK;UTI - NEONATAL E PEDIATRICO UTIN E UCIN;2020;3;250;8;31,25
HJK;UTI - NEONATAL E PEDIATRICO UTIN E UCIN;2020;4;407;9;45,22222222222222
HJK;UTI - NEONATAL E PEDIATRICO UTIN E UCIN;2020;5;280;9;31,11111111111111
HJK;UTI - NEONATAL E PEDIATRICO UTIN E UCIN;2020;6;103;6;17,166666666666668
HJK;UTI - NEONATAL E PEDIATRICO UTIN E UCIN;2020;7;513;13;39,46153846153846
HJK;UTI - NEONATAL E PEDIATRICO UTIN E UCIN;2020;8;194;10;19,4
HJK;UTI - NEONATAL E PEDIATRICO UTIN E UCIN;2020;9;508;11;46,18181818181818
HJK;UTI - NEONATAL E PEDIATRICO UTIN E UCIN;2020;10;72;4;18,0
HJK;UTI - NEONATAL E PEDIATRICO UTIN E UCIN;2020;11;231;11;21,0
HJK;UTI - NEONATAL E PEDIATRICO UTIN E UCIN;2020;12;179;8;22,375
HJK;UTI - NEONATAL E PEDIATRICO UTIN E UCIN;2021;1;272;8;34,0
HJK;UTI - NEONATAL E PEDIATRICO UTIN E UCIN;2021;2;134;8;16,75
HJK;UTI - NEONATAL E PEDIATRICO UTIN E UCIN;2021;3;549;17;32,294117647058826
HJK;UTI - NEONATAL E PEDIATRICO UTIN E UCIN;2021;4;197;11;17,90909090909091
HJK;UTI - NEONATAL E PEDIATRICO UTIN E UCIN;2021;5;307;13;23,615384615384617
HJK;UTI - NEONATAL E PEDIATRICO UTIN E UCIN;2021;6;255;7;36,42857142857143
HJK;UTI - NEONATAL E PEDIATRICO UTIN E UCIN;2021;7;358;11;32,54545454545455
HJK;UTI - NEONATAL E PEDIATRICO UTIN E UCIN;2021;8;179;14;12,785714285714286
HJK;UTI - NEONATAL E PEDIATRICO UTIN E UCIN;2021;9;61;4;15,25
HJK;UTI - NEONATAL E PEDIATRICO UTIN E UCIN;2021;10;252;11;22,90909090909091
HJK;UTI - NEONATAL E PEDIATRICO UTIN E UCIN;2021;11;418;8;52,25
HJK;UTI - NEONATAL E PEDIATRICO UTIN E UCIN;2021;12;202;11;18,363636363636363
HJK;UTI - NEONATAL E PEDIATRICO UTIN E UCIN;2022;1;119;9;13,222222222222221
HJK;UTI - NEONATAL E PEDIATRICO UTIN E UCIN;2022;2;292;8;36,5
HJK;UTI - NEONATAL E PEDIATRICO UTIN E UCIN;2022;3;466;13;35,84615384615385
HJK;UTI - NEONATAL E PEDIATRICO UTIN E UCIN;2022;4;177;8;22,125
HJK;UTI - NEONATAL E PEDIATRICO UTIN E UCIN;2022;5;229;17;13,470588235294118
HJK;UTI COVID-19;2020;7;418;36;11,61111111111111
HJK;UTI COVID-19;2020;8;597;41;14,560975609756097
HJK;UTI COVID-19;2020;9;401;26;15,423076923076923
HJK;UTI COVID-19;2020;10;383;26;14,73076923076923
HJK;UTI COVID-19;2020;11;221;18;12,277777777777779
HJK;UTI COVID-19;2020;12;415;35;11,857142857142858
HJK;UTI COVID-19;2021;1;316;31;10,193548387096774
HJK;UTI COVID-19;2021;2;425;34;12,5
HJK;UTI COVID-19;2021;3;476;43;11,069767441860465
HJK;UTI COVID-19;2021;4;634;50;12,68
HJK;UTI COVID-19;2021;5;425;26;16,346153846153847
HJK;UTI COVID-19;2021;6;500;39;12,820512820512821
HJK;UTI COVID-19;2021;7;377;21;17,952380952380953
HJK;UTI COVID-19;2021;8;213;20;10,65
HJK;UTI COVID-19;2021;9;230;13;17,692307692307693
HJK;UTI COVID-19;2021;10;242;16;15,125
HJK;UTI COVID-19;2021;11;406;17;23,88235294117647
HJK;UTI COVID-19;2021;12;382;20;19,1
HJK;UTI COVID-19;2022;1;294;20;14,7
HJK;UTI COVID-19;2022;2;211;12;17,583333333333332
HJK;UTI COVID-19;2022;3;148;8;18,5
HJK;UTI COVID-19;2022;4;400;14;28,571428571428573
HJK;UTI COVID-19;2022;5;71;11;6,454545454545454
HJK;UTI CTI;2019;1;327;21;15,571428571428571
HJK;UTI CTI;2019;2;397;18;22,055555555555557
HJK;UTI CTI;2019;3;288;16;18,0
HJK;UTI CTI;2019;4;298;18;16,555555555555557
HJK;UTI CTI;2019;5;289;14;20,642857142857142
HJK;UTI CTI;2019;6;345;18;19,166666666666668
HJK;UTI CTI;2019;7;373;24;15,541666666666666
HJK;UTI CTI;2019;8;381;16;23,8125
HJK;UTI CTI;2019;9;230;16;14,375
HJK;UTI CTI;2019;10;382;29;13,172413793103448
HJK;UTI CTI;2019;11;367;24;15,291666666666666
HJK;UTI CTI;2019;12;247;15;16,466666666666665
HJK;UTI CTI;2020;1;343;23;14,91304347826087
HJK;UTI CTI;2020;2;291;19;15,31578947368421
HJK;UTI CTI;2020;3;520;25;20,8
HJK;UTI CTI;2020;4;483;21;23,0
HJK;UTI CTI;2020;5;132;17;7,764705882352941
HJK;UTI CTI;2020;6;250;14;17,857142857142858
HJK;UTI CTI;2020;7;80;5;16,0
HJK;UTI CTI;2020;8;20;4;5,0
HJK;UTI CTI;2020;9;223;8;27,875
HJK;UTI CTI;2020;10;205;12;17,083333333333332
HJK;UTI CTI;2020;11;72;7;10,285714285714286
HJK;UTI CTI;2020;12;236;9;26,22222222222222
HJK;UTI CTI;2021;1;157;11;14,272727272727273
HJK;UTI CTI;2021;2;273;11;24,818181818181817
HJK;UTI CTI;2021;3;405;18;22,5
HJK;UTI CTI;2021;4;315;11;28,636363636363637
HJK;UTI CTI;2021;5;219;6;36,5
HJK;UTI CTI;2021;6;299;9;33,22222222222222
HJK;UTI CTI;2021;7;264;11;24,0
HJK;UTI CTI;2021;8;131;7;18,714285714285715
HJK;UTI CTI;2021;9;203;14;14,5
HJK;UTI CTI;2021;10;67;7;9,571428571428571
HJK;UTI CTI;2021;11;129;7;18,428571428571427
HJK;UTI CTI;2021;12;164;8;20,5
HJK;UTI CTI;2022;1;53;8;6,625
HJK;UTI CTI;2022;2;131;15;8,733333333333333
HJK;UTI CTI;2022;3;60;10;6,0
HJK;UTI CTI;2022;4;78;4;19,5
HJK;UTI CTI;2022;5;0;1;0,0
HJXXIII;AMBULATORIO - RETORNOS;2021;3;1;1;1,0
HJXXIII;AMBULATORIO - RETORNOS;2021;8;0;1;0,0
HJXXIII;AMBULATORIO - RETORNOS;2021;12;5;1;5,0
HJXXIII;AMBULATORIO - RETORNOS;2022;7;20;1;20,0
HJXXIII;BLOCO CIRURGICO;2019;1;20;16;1,25
HJXXIII;BLOCO CIRURGICO;2019;2;13;11;1,1818181818181819
HJXXIII;BLOCO CIRURGICO;2019;3;67;19;3,526315789473684
HJXXIII;BLOCO CIRURGICO;2019;4;41;26;1,5769230769230769
HJXXIII;BLOCO CIRURGICO;2019;5;90;33;2,727272727272727
HJXXIII;BLOCO CIRURGICO;2019;6;24;20;1,2
HJXXIII;BLOCO CIRURGICO;2019;7;54;27;2,0
HJXXIII;BLOCO CIRURGICO;2019;8;17;14;1,2142857142857142
HJXXIII;BLOCO CIRURGICO;2019;9;41;13;3,1538461538461537
HJXXIII;BLOCO CIRURGICO;2019;10;29;25;1,16
HJXXIII;BLOCO CIRURGICO;2019;11;47;24;1,9583333333333333
HJXXIII;BLOCO CIRURGICO;2019;12;81;31;2,6129032258064515
HJXXIII;BLOCO CIRURGICO;2020;1;63;28;2,25
HJXXIII;BLOCO CIRURGICO;2020;2;28;24;1,1666666666666667
HJXXIII;BLOCO CIRURGICO;2020;3;30;21;1,4285714285714286
HJXXIII;BLOCO CIRURGICO;2020;4;30;12;2,5
HJXXIII;BLOCO CIRURGICO;2020;5;20;17;1,1764705882352942
HJXXIII;BLOCO CIRURGICO;2020;6;33;35;0,9428571428571428
HJXXIII;BLOCO CIRURGICO;2020;7;35;33;1,0606060606060606
HJXXIII;BLOCO CIRURGICO;2020;8;38;36;1,0555555555555556
HJXXIII;BLOCO CIRURGICO;2020;9;44;41;1,0731707317073171
HJXXIII;BLOCO CIRURGICO;2020;10;43;38;1,131578947368421
HJXXIII;BLOCO CIRURGICO;2020;11;31;34;0,9117647058823529
HJXXIII;BLOCO CIRURGICO;2020;12;21;27;0,7777777777777778
HJXXIII;BLOCO CIRURGICO;2021;1;48;40;1,2
HJXXIII;BLOCO CIRURGICO;2021;2;36;34;1,0588235294117647
HJXXIII;BLOCO CIRURGICO;2021;3;49;41;1,1951219512195121
HJXXIII;BLOCO CIRURGICO;2021;4;36;31;1,1612903225806452
HJXXIII;BLOCO CIRURGICO;2021;5;57;40;1,425
HJXXIII;BLOCO CIRURGICO;2021;6;82;46;1,7826086956521738
HJXXIII;BLOCO CIRURGICO;2021;7;70;49;1,4285714285714286
HJXXIII;BLOCO CIRURGICO;2021;8;42;43;0,9767441860465116
HJXXIII;BLOCO CIRURGICO;2021;9;47;39;1,205128205128205
HJXXIII;BLOCO CIRURGICO;2021;10;48;43;1,1162790697674418
HJXXIII;BLOCO CIRURGICO;2021;11;56;46;1,2173913043478262
HJXXIII;BLOCO CIRURGICO;2021;12;85;77;1,103896103896104
HJXXIII;BLOCO CIRURGICO;2022;1;52;46;1,1304347826086956
HJXXIII;BLOCO CIRURGICO;2022;2;50;48;1,0416666666666667
HJXXIII;BLOCO CIRURGICO;2022;3;80;71;1,1267605633802817
HJXXIII;BLOCO CIRURGICO;2022;4;33;30;1,1
HJXXIII;BLOCO CIRURGICO;2022;5;56;45;1,2444444444444445
HJXXIII;BLOCO CIRURGICO;2022;6;35;33;1,0606060606060606
HJXXIII;BLOCO CIRURGICO;2022;7;71;48;1,4791666666666667
HJXXIII;BLOCO CIRURGICO;2022;8;46;41;1,1219512195121952
HJXXIII;BLOCO CIRURGICO;2022;9;72;47;1,5319148936170213
HJXXIII;BLOCO CIRURGICO;2022;10;80;50;1,6
HJXXIII;BLOCO CIRURGICO;2022;11;52;41;1,2682926829268293
HJXXIII;BLOCO CIRURGICO;2022;12;53;38;1,394736842105263
HJXXIII;BLOCO CIRURGICO;2023;1;30;30;1,0
HJXXIII;BLOCO CIRURGICO;2023;2;42;34;1,2352941176470589
HJXXIII;BLOCO CIRURGICO;2023;3;75;49;1,530612244897959
HJXXIII;BLOCO CIRURGICO;2023;4;104;34;3,0588235294117645
HJXXIII;BLOCO CIRURGICO;2023;5;89;47;1,8936170212765957
HJXXIII;BLOCO CIRURGICO;2023;6;58;43;1,3488372093023255
HJXXIII;BLOCO CIRURGICO;2023;7;102;54;1,8888888888888888
HJXXIII;BLOCO CIRURGICO;2023;8;100;72;1,3888888888888888
HJXXIII;BLOCO CIRURGICO;2023;9;86;64;1,34375
HJXXIII;BLOCO CIRURGICO;2023;10;81;58;1,396551724137931
HJXXIII;BLOCO CIRURGICO;2023;11;105;64;1,640625
HJXXIII;BLOCO CIRURGICO;2023;12;115;69;1,6666666666666667
HJXXIII;BLOCO CIRURGICO;2024;1;81;54;1,5
HJXXIII;BLOCO CIRURGICO;2024;2;55;47;1,1702127659574468
HJXXIII;BLOCO CIRURGICO;2024;3;76;57;1,3333333333333333
HJXXIII;BLOCO CIRURGICO;2024;4;35;43;0,813953488372093
HJXXIII;BLOCO CIRURGICO;2024;5;71;61;1,1639344262295082
HJXXIII;BLOCO CIRURGICO;2024;6;69;49;1,4081632653061225
HJXXIII;BLOCO CIRURGICO;2024;7;73;59;1,2372881355932204
HJXXIII;BLOCO CIRURGICO;2024;8;75;54;1,3888888888888888
HJXXIII;BLOCO CIRURGICO;2024;9;59;57;1,0350877192982457
HJXXIII;BLOCO CIRURGICO;2024;10;47;48;0,9791666666666666
HJXXIII;BLOCO CIRURGICO;2024;11;36;28;1,2857142857142858
HJXXIII;BLOCO CIRURGICO;2024;12;30;33;0,9090909090909091
HJXXIII;BLOCO CIRURGICO;2025;1;53;52;1,0192307692307692
HJXXIII;BLOCO CIRURGICO;2025;2;63;29;2,1724137931034484
HJXXIII;BLOCO CIRURGICO;2025;3;48;33;1,4545454545454546
HJXXIII;BLOCO CIRURGICO;2025;4;50;32;1,5625
HJXXIII;BLOCO CIRURGICO;2025;5;52;41;1,2682926829268293
HJXXIII;BLOCO CIRURGICO;2025;6;42;35;1,2
HJXXIII;BLOCO CIRURGICO;2025;7;96;51;1,8823529411764706
HJXXIII;BLOCO CIRURGICO;2025;8;86;68;1,2647058823529411
HJXXIII;BLOCO CIRURGICO;2025;9;60;53;1,1320754716981132
HJXXIII;BLOCO CIRURGICO;2025;10;106;65;1,6307692307692307
HJXXIII;BLOCO CIRURGICO;2025;11;66;56;1,1785714285714286
HJXXIII;BLOCO CIRURGICO;2025;12;63;51;1,2352941176470589
HJXXIII;BLOCO CIRURGICO;2026;1;69;55;1,2545454545454546
HJXXIII;BLOCO CIRURGICO;2026;2;62;55;1,1272727272727272
HJXXIII;BLOCO CIRURGICO;2026;3;76;57;1,3333333333333333
HJXXIII;BLOCO CIRURGICO;2026;4;93;56;1,6607142857142858
HJXXIII;BLOCO CIRURGICO;2026;5;176;52;3,3846153846153846
HJXXIII;BLOCO CIRURGICO;2026;6;65;48;1,3541666666666667
HJXXIII;PRONTO SOCORRO;2019;1;2419;531;4,555555555555555
HJXXIII;PRONTO SOCORRO;2019;2;1126;477;2,360587002096436
HJXXIII;PRONTO SOCORRO;2019;3;1679;604;2,7798013245033113
HJXXIII;PRONTO SOCORRO;2019;4;1736;616;2,8181818181818183
HJXXIII;PRONTO SOCORRO;2019;5;2116;645;3,2806201550387595
HJXXIII;PRONTO SOCORRO;2019;6;1865;575;3,243478260869565
HJXXIII;PRONTO SOCORRO;2019;7;1878;585;3,2102564102564104
HJXXIII;PRONTO SOCORRO;2019;8;1508;546;2,761904761904762
HJXXIII;PRONTO SOCORRO;2019;9;1853;543;3,4125230202578267
HJXXIII;PRONTO SOCORRO;2019;10;1626;573;2,837696335078534
HJXXIII;PRONTO SOCORRO;2019;11;2079;574;3,6219512195121952
HJXXIII;PRONTO SOCORRO;2019;12;2137;603;3,5439469320066337
HJXXIII;PRONTO SOCORRO;2020;1;2118;515;4,112621359223301
HJXXIII;PRONTO SOCORRO;2020;2;1843;528;3,490530303030303
HJXXIII;PRONTO SOCORRO;2020;3;1906;487;3,913757700205339
HJXXIII;PRONTO SOCORRO;2020;4;635;281;2,2597864768683276
HJXXIII;PRONTO SOCORRO;2020;5;397;276;1,4384057971014492
HJXXIII;PRONTO SOCORRO;2020;6;1236;455;2,7164835164835166
HJXXIII;PRONTO SOCORRO;2020;7;1430;464;3,081896551724138
HJXXIII;PRONTO SOCORRO;2020;8;1631;547;2,9817184643510055
HJXXIII;PRONTO SOCORRO;2020;9;1413;535;2,641121495327103
HJXXIII;PRONTO SOCORRO;2020;10;1622;608;2,6677631578947367
HJXXIII;PRONTO SOCORRO;2020;11;1482;553;2,6799276672694394
HJXXIII;PRONTO SOCORRO;2020;12;1271;568;2,237676056338028
HJXXIII;PRONTO SOCORRO;2021;1;1000;496;2,0161290322580645
HJXXIII;PRONTO SOCORRO;2021;2;1013;422;2,4004739336492893
HJXXIII;PRONTO SOCORRO;2021;3;1726;491;3,515274949083503
HJXXIII;PRONTO SOCORRO;2021;4;1374;546;2,5164835164835164
HJXXIII;PRONTO SOCORRO;2021;5;1427;547;2,6087751371115173
HJXXIII;PRONTO SOCORRO;2021;6;2233;603;3,703150912106136
HJXXIII;PRONTO SOCORRO;2021;7;1726;588;2,935374149659864
HJXXIII;PRONTO SOCORRO;2021;8;1201;477;2,5178197064989516
HJXXIII;PRONTO SOCORRO;2021;9;1224;464;2,6379310344827585
HJXXIII;PRONTO SOCORRO;2021;10;1297;458;2,831877729257642
HJXXIII;PRONTO SOCORRO;2021;11;1421;471;3,0169851380042463
HJXXIII;PRONTO SOCORRO;2021;12;1812;530;3,418867924528302
HJXXIII;PRONTO SOCORRO;2022;1;1540;510;3,019607843137255
HJXXIII;PRONTO SOCORRO;2022;2;1433;454;3,156387665198238
HJXXIII;PRONTO SOCORRO;2022;3;1907;505;3,776237623762376
HJXXIII;PRONTO SOCORRO;2022;4;1245;490;2,5408163265306123
HJXXIII;PRONTO SOCORRO;2022;5;1495;443;3,374717832957111
HJXXIII;PRONTO SOCORRO;2022;6;1428;441;3,238095238095238
HJXXIII;PRONTO SOCORRO;2022;7;1819;495;3,6747474747474747
HJXXIII;PRONTO SOCORRO;2022;8;1480;422;3,5071090047393363
HJXXIII;PRONTO SOCORRO;2022;9;1378;470;2,931914893617021
HJXXIII;PRONTO SOCORRO;2022;10;1709;464;3,6831896551724137
HJXXIII;PRONTO SOCORRO;2022;11;1453;516;2,815891472868217
HJXXIII;PRONTO SOCORRO;2022;12;1794;516;3,4767441860465116
HJXXIII;PRONTO SOCORRO;2023;1;1135;430;2,63953488372093
HJXXIII;PRONTO SOCORRO;2023;2;1086;452;2,4026548672566372
HJXXIII;PRONTO SOCORRO;2023;3;1577;523;3,0152963671128106
HJXXIII;PRONTO SOCORRO;2023;4;1396;453;3,0816777041942607
HJXXIII;PRONTO SOCORRO;2023;5;1755;554;3,167870036101083
HJXXIII;PRONTO SOCORRO;2023;6;1582;493;3,208924949290061
HJXXIII;PRONTO SOCORRO;2023;7;1581;513;3,08187134502924
HJXXIII;PRONTO SOCORRO;2023;8;1789;546;3,2765567765567765
HJXXIII;PRONTO SOCORRO;2023;9;1960;537;3,649906890130354
HJXXIII;PRONTO SOCORRO;2023;10;2167;592;3,660472972972973
HJXXIII;PRONTO SOCORRO;2023;11;1630;565;2,8849557522123894
HJXXIII;PRONTO SOCORRO;2023;12;1794;564;3,1808510638297873
HJXXIII;PRONTO SOCORRO;2024;1;1707;491;3,476578411405295
HJXXIII;PRONTO SOCORRO;2024;2;2197;484;4,539256198347108
HJXXIII;PRONTO SOCORRO;2024;3;2114;615;3,43739837398374
HJXXIII;PRONTO SOCORRO;2024;4;2076;528;3,9318181818181817
HJXXIII;PRONTO SOCORRO;2024;5;1210;515;2,349514563106796
HJXXIII;PRONTO SOCORRO;2024;6;1639;507;3,232741617357002
HJXXIII;PRONTO SOCORRO;2024;7;2065;602;3,4302325581395348
HJXXIII;PRONTO SOCORRO;2024;8;1407;541;2,6007393715341958
HJXXIII;PRONTO SOCORRO;2024;9;1627;525;3,099047619047619
HJXXIII;PRONTO SOCORRO;2024;10;2051;574;3,573170731707317
HJXXIII;PRONTO SOCORRO;2024;11;1426;525;2,716190476190476
HJXXIII;PRONTO SOCORRO;2024;12;1785;604;2,955298013245033
HJXXIII;PRONTO SOCORRO;2025;1;2019;700;2,8842857142857143
HJXXIII;PRONTO SOCORRO;2025;2;1416;588;2,4081632653061225
HJXXIII;PRONTO SOCORRO;2025;3;2082;633;3,2890995260663507
HJXXIII;PRONTO SOCORRO;2025;4;2070;672;3,080357142857143
HJXXIII;PRONTO SOCORRO;2025;5;1917;626;3,062300319488818
HJXXIII;PRONTO SOCORRO;2025;6;1839;623;2,951845906902087
HJXXIII;PRONTO SOCORRO;2025;7;1876;691;2,714905933429812
HJXXIII;PRONTO SOCORRO;2025;8;2138;673;3,176820208023774
HJXXIII;PRONTO SOCORRO;2025;9;1808;592;3,054054054054054
HJXXIII;PRONTO SOCORRO;2025;10;1821;698;2,608882521489971
HJXXIII;PRONTO SOCORRO;2025;11;1925;593;3,246205733558179
HJXXIII;PRONTO SOCORRO;2025;12;2059;632;3,257911392405063
HJXXIII;PRONTO SOCORRO;2026;1;1872;579;3,233160621761658
HJXXIII;PRONTO SOCORRO;2026;2;1563;541;2,88909426987061
HJXXIII;PRONTO SOCORRO;2026;3;2069;662;3,1253776435045317
HJXXIII;PRONTO SOCORRO;2026;4;2726;684;3,9853801169590644
HJXXIII;PRONTO SOCORRO;2026;5;1684;667;2,524737631184408
HJXXIII;PRONTO SOCORRO;2026;6;1411;668;2,1122754491017965
HJXXIII;PRONTO SOCORRO SALA 08 - EMERG. CLINICAS;2019;1;87;32;2,71875
HJXXIII;PRONTO SOCORRO SALA 08 - EMERG. CLINICAS;2019;2;108;22;4,909090909090909
HJXXIII;PRONTO SOCORRO SALA 08 - EMERG. CLINICAS;2019;3;63;24;2,625
HJXXIII;PRONTO SOCORRO SALA 08 - EMERG. CLINICAS;2019;4;134;22;6,090909090909091
HJXXIII;PRONTO SOCORRO SALA 08 - EMERG. CLINICAS;2019;5;164;30;5,466666666666667
HJXXIII;PRONTO SOCORRO SALA 08 - EMERG. CLINICAS;2019;6;95;25;3,8
HJXXIII;PRONTO SOCORRO SALA 08 - EMERG. CLINICAS;2019;7;55;17;3,235294117647059
HJXXIII;PRONTO SOCORRO SALA 08 - EMERG. CLINICAS;2019;8;80;25;3,2
HJXXIII;PRONTO SOCORRO SALA 08 - EMERG. CLINICAS;2019;9;137;26;5,269230769230769
HJXXIII;PRONTO SOCORRO SALA 08 - EMERG. CLINICAS;2019;10;100;24;4,166666666666667
HJXXIII;PRONTO SOCORRO SALA 08 - EMERG. CLINICAS;2019;11;163;29;5,620689655172414
HJXXIII;PRONTO SOCORRO SALA 08 - EMERG. CLINICAS;2019;12;111;31;3,5806451612903225
HJXXIII;PRONTO SOCORRO SALA 08 - EMERG. CLINICAS;2020;1;127;34;3,735294117647059
HJXXIII;PRONTO SOCORRO SALA 08 - EMERG. CLINICAS;2020;2;94;24;3,9166666666666665
HJXXIII;PRONTO SOCORRO SALA 08 - EMERG. CLINICAS;2020;3;96;28;3,4285714285714284
HJXXIII;PRONTO SOCORRO SALA 08 - EMERG. CLINICAS;2020;4;52;20;2,6
HJXXIII;PRONTO SOCORRO SALA 08 - EMERG. CLINICAS;2020;5;38;15;2,533333333333333
HJXXIII;PRONTO SOCORRO SALA 08 - EMERG. CLINICAS;2020;6;115;34;3,3823529411764706
HJXXIII;PRONTO SOCORRO SALA 08 - EMERG. CLINICAS;2020;7;90;30;3,0
HJXXIII;PRONTO SOCORRO SALA 08 - EMERG. CLINICAS;2020;8;10;2;5,0
HJXXIII;PRONTO SOCORRO SALA 08 - EMERG. CLINICAS;2020;12;34;3;11,333333333333334
HJXXIII;PRONTO SOCORRO SALA 08 - EMERG. CLINICAS;2021;1;15;3;5,0
HJXXIII;PRONTO SOCORRO SALA 08 - EMERG. CLINICAS;2021;2;15;2;7,5
HJXXIII;PRONTO SOCORRO SALA 08 - EMERG. CLINICAS;2021;3;0;1;0,0
HJXXIII;PRONTO SOCORRO SALA 08 - EMERG. CLINICAS;2021;4;9;4;2,25
HJXXIII;UNIDADE INTERNAÇÃO - CIRURGIA GERAL 4º ANDAR;2019;1;1139;130;8,761538461538462
HJXXIII;UNIDADE INTERNAÇÃO - CIRURGIA GERAL 4º ANDAR;2019;2;975;101;9,653465346534654
HJXXIII;UNIDADE INTERNAÇÃO - CIRURGIA GERAL 4º ANDAR;2019;3;846;94;9,0
HJXXIII;UNIDADE INTERNAÇÃO - CIRURGIA GERAL 4º ANDAR;2019;4;1089;83;13,120481927710843
HJXXIII;UNIDADE INTERNAÇÃO - CIRURGIA GERAL 4º ANDAR;2019;5;1196;91;13,142857142857142
HJXXIII;UNIDADE INTERNAÇÃO - CIRURGIA GERAL 4º ANDAR;2019;6;1431;116;12,336206896551724
HJXXIII;UNIDADE INTERNAÇÃO - CIRURGIA GERAL 4º ANDAR;2019;7;1299;121;10,735537190082646
HJXXIII;UNIDADE INTERNAÇÃO - CIRURGIA GERAL 4º ANDAR;2019;8;1066;94;11,340425531914894
HJXXIII;UNIDADE INTERNAÇÃO - CIRURGIA GERAL 4º ANDAR;2019;9;1162;105;11,066666666666666
HJXXIII;UNIDADE INTERNAÇÃO - CIRURGIA GERAL 4º ANDAR;2019;10;1187;114;10,412280701754385
HJXXIII;UNIDADE INTERNAÇÃO - CIRURGIA GERAL 4º ANDAR;2019;11;1301;112;11,616071428571429
HJXXIII;UNIDADE INTERNAÇÃO - CIRURGIA GERAL 4º ANDAR;2019;12;1265;102;12,401960784313726
HJXXIII;UNIDADE INTERNAÇÃO - CIRURGIA GERAL 4º ANDAR;2020;1;1148;95;12,08421052631579
HJXXIII;UNIDADE INTERNAÇÃO - CIRURGIA GERAL 4º ANDAR;2020;2;872;100;8,72
HJXXIII;UNIDADE INTERNAÇÃO - CIRURGIA GERAL 4º ANDAR;2020;3;1357;105;12,923809523809524
HJXXIII;UNIDADE INTERNAÇÃO - CIRURGIA GERAL 4º ANDAR;2020;4;810;92;8,804347826086957
HJXXIII;UNIDADE INTERNAÇÃO - CIRURGIA GERAL 4º ANDAR;2020;5;882;146;6,041095890410959
HJXXIII;UNIDADE INTERNAÇÃO - CIRURGIA GERAL 4º ANDAR;2020;6;1157;141;8,205673758865249
HJXXIII;UNIDADE INTERNAÇÃO - CIRURGIA GERAL 4º ANDAR;2020;7;1484;165;8,993939393939394
HJXXIII;UNIDADE INTERNAÇÃO - CIRURGIA GERAL 4º ANDAR;2020;8;1473;147;10,020408163265307
HJXXIII;UNIDADE INTERNAÇÃO - CIRURGIA GERAL 4º ANDAR;2020;9;1374;131;10,488549618320612
HJXXIII;UNIDADE INTERNAÇÃO - CIRURGIA GERAL 4º ANDAR;2020;10;1349;123;10,967479674796747
HJXXIII;UNIDADE INTERNAÇÃO - CIRURGIA GERAL 4º ANDAR;2020;11;1357;121;11,214876033057852
HJXXIII;UNIDADE INTERNAÇÃO - CIRURGIA GERAL 4º ANDAR;2020;12;1397;140;9,978571428571428
HJXXIII;UNIDADE INTERNAÇÃO - CIRURGIA GERAL 4º ANDAR;2021;1;1324;117;11,316239316239317
HJXXIII;UNIDADE INTERNAÇÃO - CIRURGIA GERAL 4º ANDAR;2021;2;1334;118;11,305084745762711
HJXXIII;UNIDADE INTERNAÇÃO - CIRURGIA GERAL 4º ANDAR;2021;3;1485;149;9,966442953020135
HJXXIII;UNIDADE INTERNAÇÃO - CIRURGIA GERAL 4º ANDAR;2021;4;1791;162;11,055555555555555
HJXXIII;UNIDADE INTERNAÇÃO - CIRURGIA GERAL 4º ANDAR;2021;5;1253;152;8,243421052631579
HJXXIII;UNIDADE INTERNAÇÃO - CIRURGIA GERAL 4º ANDAR;2021;6;1469;141;10,418439716312056
HJXXIII;UNIDADE INTERNAÇÃO - CIRURGIA GERAL 4º ANDAR;2021;7;1317;140;9,407142857142857
HJXXIII;UNIDADE INTERNAÇÃO - CIRURGIA GERAL 4º ANDAR;2021;8;1325;149;8,89261744966443
HJXXIII;UNIDADE INTERNAÇÃO - CIRURGIA GERAL 4º ANDAR;2021;9;1243;155;8,019354838709678
HJXXIII;UNIDADE INTERNAÇÃO - CIRURGIA GERAL 4º ANDAR;2021;10;1217;152;8,006578947368421
HJXXIII;UNIDADE INTERNAÇÃO - CIRURGIA GERAL 4º ANDAR;2021;11;1192;147;8,108843537414966
HJXXIII;UNIDADE INTERNAÇÃO - CIRURGIA GERAL 4º ANDAR;2021;12;1232;131;9,404580152671755
HJXXIII;UNIDADE INTERNAÇÃO - CIRURGIA GERAL 4º ANDAR;2022;1;1446;124;11,661290322580646
HJXXIII;UNIDADE INTERNAÇÃO - CIRURGIA GERAL 4º ANDAR;2022;2;1065;104;10,240384615384615
HJXXIII;UNIDADE INTERNAÇÃO - CIRURGIA GERAL 4º ANDAR;2022;3;1378;156;8,833333333333334
HJXXIII;UNIDADE INTERNAÇÃO - CIRURGIA GERAL 4º ANDAR;2022;4;1028;143;7,188811188811189
HJXXIII;UNIDADE INTERNAÇÃO - CIRURGIA GERAL 4º ANDAR;2022;5;1423;157;9,063694267515924
HJXXIII;UNIDADE INTERNAÇÃO - CIRURGIA GERAL 4º ANDAR;2022;6;1132;154;7,35064935064935
HJXXIII;UNIDADE INTERNAÇÃO - CIRURGIA GERAL 4º ANDAR;2022;7;1367;135;10,125925925925927
HJXXIII;UNIDADE INTERNAÇÃO - CIRURGIA GERAL 4º ANDAR;2022;8;1452;156;9,307692307692308
HJXXIII;UNIDADE INTERNAÇÃO - CIRURGIA GERAL 4º ANDAR;2022;9;1383;148;9,344594594594595
HJXXIII;UNIDADE INTERNAÇÃO - CIRURGIA GERAL 4º ANDAR;2022;10;1201;149;8,060402684563758
HJXXIII;UNIDADE INTERNAÇÃO - CIRURGIA GERAL 4º ANDAR;2022;11;1251;147;8,510204081632653
HJXXIII;UNIDADE INTERNAÇÃO - CIRURGIA GERAL 4º ANDAR;2022;12;1497;152;9,848684210526315
HJXXIII;UNIDADE INTERNAÇÃO - CIRURGIA GERAL 4º ANDAR;2023;1;1474;176;8,375
HJXXIII;UNIDADE INTERNAÇÃO - CIRURGIA GERAL 4º ANDAR;2023;2;1065;123;8,658536585365853
HJXXIII;UNIDADE INTERNAÇÃO - CIRURGIA GERAL 4º ANDAR;2023;3;1376;150;9,173333333333334
HJXXIII;UNIDADE INTERNAÇÃO - CIRURGIA GERAL 4º ANDAR;2023;4;1228;137;8,963503649635037
HJXXIII;UNIDADE INTERNAÇÃO - CIRURGIA GERAL 4º ANDAR;2023;5;1737;170;10,217647058823529
HJXXIII;UNIDADE INTERNAÇÃO - CIRURGIA GERAL 4º ANDAR;2023;6;1247;140;8,907142857142857
HJXXIII;UNIDADE INTERNAÇÃO - CIRURGIA GERAL 4º ANDAR;2023;7;1537;150;10,246666666666666
HJXXIII;UNIDADE INTERNAÇÃO - CIRURGIA GERAL 4º ANDAR;2023;8;1219;103;11,83495145631068
HJXXIII;UNIDADE INTERNAÇÃO - CIRURGIA GERAL 4º ANDAR;2023;9;1564;143;10,937062937062937
HJXXIII;UNIDADE INTERNAÇÃO - CIRURGIA GERAL 4º ANDAR;2023;10;1415;136;10,404411764705882
HJXXIII;UNIDADE INTERNAÇÃO - CIRURGIA GERAL 4º ANDAR;2023;11;1127;134;8,41044776119403
HJXXIII;UNIDADE INTERNAÇÃO - CIRURGIA GERAL 4º ANDAR;2023;12;1444;118;12,23728813559322
HJXXIII;UNIDADE INTERNAÇÃO - CIRURGIA GERAL 4º ANDAR;2024;1;1475;117;12,606837606837606
HJXXIII;UNIDADE INTERNAÇÃO - CIRURGIA GERAL 4º ANDAR;2024;2;1414;103;13,728155339805825
HJXXIII;UNIDADE INTERNAÇÃO - CIRURGIA GERAL 4º ANDAR;2024;3;1294;121;10,694214876033058
HJXXIII;UNIDADE INTERNAÇÃO - CIRURGIA GERAL 4º ANDAR;2024;4;1260;145;8,689655172413794
HJXXIII;UNIDADE INTERNAÇÃO - CIRURGIA GERAL 4º ANDAR;2024;5;1405;142;9,894366197183098
HJXXIII;UNIDADE INTERNAÇÃO - CIRURGIA GERAL 4º ANDAR;2024;6;1277;153;8,34640522875817
HJXXIII;UNIDADE INTERNAÇÃO - CIRURGIA GERAL 4º ANDAR;2024;7;1308;119;10,991596638655462
HJXXIII;UNIDADE INTERNAÇÃO - CIRURGIA GERAL 4º ANDAR;2024;8;1143;131;8,725190839694656
HJXXIII;UNIDADE INTERNAÇÃO - CIRURGIA GERAL 4º ANDAR;2024;9;1104;120;9,2
HJXXIII;UNIDADE INTERNAÇÃO - CIRURGIA GERAL 4º ANDAR;2024;10;1333;125;10,664
HJXXIII;UNIDADE INTERNAÇÃO - CIRURGIA GERAL 4º ANDAR;2024;11;1288;123;10,471544715447154
HJXXIII;UNIDADE INTERNAÇÃO - CIRURGIA GERAL 4º ANDAR;2024;12;1393;133;10,473684210526315
HJXXIII;UNIDADE INTERNAÇÃO - CIRURGIA GERAL 4º ANDAR;2025;1;1123;109;10,302752293577981
HJXXIII;UNIDADE INTERNAÇÃO - CIRURGIA GERAL 4º ANDAR;2025;2;1151;114;10,096491228070175
HJXXIII;UNIDADE INTERNAÇÃO - CIRURGIA GERAL 4º ANDAR;2025;3;1360;126;10,793650793650794
HJXXIII;UNIDADE INTERNAÇÃO - CIRURGIA GERAL 4º ANDAR;2025;4;1213;113;10,734513274336283
HJXXIII;UNIDADE INTERNAÇÃO - CIRURGIA GERAL 4º ANDAR;2025;5;1467;131;11,198473282442748
HJXXIII;UNIDADE INTERNAÇÃO - CIRURGIA GERAL 4º ANDAR;2025;6;1088;114;9,543859649122806
HJXXIII;UNIDADE INTERNAÇÃO - CIRURGIA GERAL 4º ANDAR;2025;7;1206;94;12,829787234042554
HJXXIII;UNIDADE INTERNAÇÃO - CIRURGIA GERAL 4º ANDAR;2025;8;1365;106;12,877358490566039
HJXXIII;UNIDADE INTERNAÇÃO - CIRURGIA GERAL 4º ANDAR;2025;9;1180;106;11,132075471698114
HJXXIII;UNIDADE INTERNAÇÃO - CIRURGIA GERAL 4º ANDAR;2025;10;1336;109;12,256880733944953
HJXXIII;UNIDADE INTERNAÇÃO - CIRURGIA GERAL 4º ANDAR;2025;11;872;78;11,179487179487179
HJXXIII;UNIDADE INTERNAÇÃO - CIRURGIA GERAL 4º ANDAR;2025;12;1772;126;14,063492063492063
HJXXIII;UNIDADE INTERNAÇÃO - CIRURGIA GERAL 4º ANDAR;2026;1;1293;91;14,208791208791208
HJXXIII;UNIDADE INTERNAÇÃO - CIRURGIA GERAL 4º ANDAR;2026;2;1222;95;12,863157894736842
HJXXIII;UNIDADE INTERNAÇÃO - CIRURGIA GERAL 4º ANDAR;2026;3;1329;111;11,972972972972974
HJXXIII;UNIDADE INTERNAÇÃO - CIRURGIA GERAL 4º ANDAR;2026;4;1385;99;13,98989898989899
HJXXIII;UNIDADE INTERNAÇÃO - CIRURGIA GERAL 4º ANDAR;2026;5;1280;92;13,91304347826087
HJXXIII;UNIDADE INTERNAÇÃO - CIRURGIA GERAL 4º ANDAR;2026;6;1399;131;10,679389312977099
HJXXIII;UNIDADE INTERNAÇÃO - CIRURGIA PLÁSTICA 7º ANDAR;2019;1;1553;106;14,650943396226415
HJXXIII;UNIDADE INTERNAÇÃO - CIRURGIA PLÁSTICA 7º ANDAR;2019;2;1258;102;12,333333333333334
HJXXIII;UNIDADE INTERNAÇÃO - CIRURGIA PLÁSTICA 7º ANDAR;2019;3;755;74;10,202702702702704
HJXXIII;UNIDADE INTERNAÇÃO - CIRURGIA PLÁSTICA 7º ANDAR;2019;4;1502;91;16,505494505494507
HJXXIII;UNIDADE INTERNAÇÃO - CIRURGIA PLÁSTICA 7º ANDAR;2019;5;1390;83;16,746987951807228
HJXXIII;UNIDADE INTERNAÇÃO - CIRURGIA PLÁSTICA 7º ANDAR;2019;6;1174;81;14,493827160493828
HJXXIII;UNIDADE INTERNAÇÃO - CIRURGIA PLÁSTICA 7º ANDAR;2019;7;1508;79;19,088607594936708
HJXXIII;UNIDADE INTERNAÇÃO - CIRURGIA PLÁSTICA 7º ANDAR;2019;8;1523;100;15,23
HJXXIII;UNIDADE INTERNAÇÃO - CIRURGIA PLÁSTICA 7º ANDAR;2019;9;1078;99;10,88888888888889
HJXXIII;UNIDADE INTERNAÇÃO - CIRURGIA PLÁSTICA 7º ANDAR;2019;10;1713;101;16,96039603960396
HJXXIII;UNIDADE INTERNAÇÃO - CIRURGIA PLÁSTICA 7º ANDAR;2019;11;1057;90;11,744444444444444
HJXXIII;UNIDADE INTERNAÇÃO - CIRURGIA PLÁSTICA 7º ANDAR;2019;12;1528;109;14,01834862385321
HJXXIII;UNIDADE INTERNAÇÃO - CIRURGIA PLÁSTICA 7º ANDAR;2020;1;1215;75;16,2
HJXXIII;UNIDADE INTERNAÇÃO - CIRURGIA PLÁSTICA 7º ANDAR;2020;2;1046;83;12,602409638554217
HJXXIII;UNIDADE INTERNAÇÃO - CIRURGIA PLÁSTICA 7º ANDAR;2020;3;1618;121;13,37190082644628
HJXXIII;UNIDADE INTERNAÇÃO - CIRURGIA PLÁSTICA 7º ANDAR;2020;4;1116;112;9,964285714285714
HJXXIII;UNIDADE INTERNAÇÃO - CIRURGIA PLÁSTICA 7º ANDAR;2020;5;1291;148;8,722972972972974
HJXXIII;UNIDADE INTERNAÇÃO - CIRURGIA PLÁSTICA 7º ANDAR;2020;6;1167;136;8,580882352941176
HJXXIII;UNIDADE INTERNAÇÃO - CIRURGIA PLÁSTICA 7º ANDAR;2020;7;1042;96;10,854166666666666
HJXXIII;UNIDADE INTERNAÇÃO - CIRURGIA PLÁSTICA 7º ANDAR;2020;8;1422;99;14,363636363636363
HJXXIII;UNIDADE INTERNAÇÃO - CIRURGIA PLÁSTICA 7º ANDAR;2020;9;1381;110;12,554545454545455
HJXXIII;UNIDADE INTERNAÇÃO - CIRURGIA PLÁSTICA 7º ANDAR;2020;10;1665;122;13,647540983606557
HJXXIII;UNIDADE INTERNAÇÃO - CIRURGIA PLÁSTICA 7º ANDAR;2020;11;1262;108;11,685185185185185
HJXXIII;UNIDADE INTERNAÇÃO - CIRURGIA PLÁSTICA 7º ANDAR;2020;12;1648;130;12,676923076923076
HJXXIII;UNIDADE INTERNAÇÃO - CIRURGIA PLÁSTICA 7º ANDAR;2021;1;1352;134;10,08955223880597
HJXXIII;UNIDADE INTERNAÇÃO - CIRURGIA PLÁSTICA 7º ANDAR;2021;2;1403;144;9,743055555555555
HJXXIII;UNIDADE INTERNAÇÃO - CIRURGIA PLÁSTICA 7º ANDAR;2021;3;1497;175;8,554285714285715
HJXXIII;UNIDADE INTERNAÇÃO - CIRURGIA PLÁSTICA 7º ANDAR;2021;4;1339;157;8,528662420382165
HJXXIII;UNIDADE INTERNAÇÃO - CIRURGIA PLÁSTICA 7º ANDAR;2021;5;1397;156;8,955128205128204
HJXXIII;UNIDADE INTERNAÇÃO - CIRURGIA PLÁSTICA 7º ANDAR;2021;6;1157;139;8,323741007194245
HJXXIII;UNIDADE INTERNAÇÃO - CIRURGIA PLÁSTICA 7º ANDAR;2021;7;1477;150;9,846666666666666
HJXXIII;UNIDADE INTERNAÇÃO - CIRURGIA PLÁSTICA 7º ANDAR;2021;8;1504;140;10,742857142857142
HJXXIII;UNIDADE INTERNAÇÃO - CIRURGIA PLÁSTICA 7º ANDAR;2021;9;1193;141;8,460992907801419
HJXXIII;UNIDADE INTERNAÇÃO - CIRURGIA PLÁSTICA 7º ANDAR;2021;10;1093;134;8,156716417910447
HJXXIII;UNIDADE INTERNAÇÃO - CIRURGIA PLÁSTICA 7º ANDAR;2021;11;1248;141;8,851063829787234
HJXXIII;UNIDADE INTERNAÇÃO - CIRURGIA PLÁSTICA 7º ANDAR;2021;12;1406;92;15,282608695652174
HJXXIII;UNIDADE INTERNAÇÃO - CIRURGIA PLÁSTICA 7º ANDAR;2022;1;1403;129;10,875968992248062
HJXXIII;UNIDADE INTERNAÇÃO - CIRURGIA PLÁSTICA 7º ANDAR;2022;2;1055;106;9,952830188679245
HJXXIII;UNIDADE INTERNAÇÃO - CIRURGIA PLÁSTICA 7º ANDAR;2022;3;1366;124;11,016129032258064
HJXXIII;UNIDADE INTERNAÇÃO - CIRURGIA PLÁSTICA 7º ANDAR;2022;4;1337;143;9,34965034965035
HJXXIII;UNIDADE INTERNAÇÃO - CIRURGIA PLÁSTICA 7º ANDAR;2022;5;1284;149;8,61744966442953
HJXXIII;UNIDADE INTERNAÇÃO - CIRURGIA PLÁSTICA 7º ANDAR;2022;6;1438;156;9,217948717948717
HJXXIII;UNIDADE INTERNAÇÃO - CIRURGIA PLÁSTICA 7º ANDAR;2022;7;1298;145;8,951724137931034
HJXXIII;UNIDADE INTERNAÇÃO - CIRURGIA PLÁSTICA 7º ANDAR;2022;8;1153;130;8,86923076923077
HJXXIII;UNIDADE INTERNAÇÃO - CIRURGIA PLÁSTICA 7º ANDAR;2022;9;1334;102;13,07843137254902
HJXXIII;UNIDADE INTERNAÇÃO - CIRURGIA PLÁSTICA 7º ANDAR;2022;10;1311;83;15,795180722891565
HJXXIII;UNIDADE INTERNAÇÃO - CIRURGIA PLÁSTICA 7º ANDAR;2022;11;1474;98;15,040816326530612
HJXXIII;UNIDADE INTERNAÇÃO - CIRURGIA PLÁSTICA 7º ANDAR;2022;12;1655;109;15,18348623853211
HJXXIII;UNIDADE INTERNAÇÃO - CIRURGIA PLÁSTICA 7º ANDAR;2023;1;1245;120;10,375
HJXXIII;UNIDADE INTERNAÇÃO - CIRURGIA PLÁSTICA 7º ANDAR;2023;2;1385;101;13,712871287128714
HJXXIII;UNIDADE INTERNAÇÃO - CIRURGIA PLÁSTICA 7º ANDAR;2023;3;1484;109;13,614678899082568
HJXXIII;UNIDADE INTERNAÇÃO - CIRURGIA PLÁSTICA 7º ANDAR;2023;4;1371;113;12,132743362831858
HJXXIII;UNIDADE INTERNAÇÃO - CIRURGIA PLÁSTICA 7º ANDAR;2023;5;1504;115;13,078260869565218
HJXXIII;UNIDADE INTERNAÇÃO - CIRURGIA PLÁSTICA 7º ANDAR;2023;6;1113;87;12,793103448275861
HJXXIII;UNIDADE INTERNAÇÃO - CIRURGIA PLÁSTICA 7º ANDAR;2023;7;1508;101;14,930693069306932
HJXXIII;UNIDADE INTERNAÇÃO - CIRURGIA PLÁSTICA 7º ANDAR;2023;8;1227;99;12,393939393939394
HJXXIII;UNIDADE INTERNAÇÃO - CIRURGIA PLÁSTICA 7º ANDAR;2023;9;1581;75;21,08
HJXXIII;UNIDADE INTERNAÇÃO - CIRURGIA PLÁSTICA 7º ANDAR;2023;10;1607;98;16,397959183673468
HJXXIII;UNIDADE INTERNAÇÃO - CIRURGIA PLÁSTICA 7º ANDAR;2023;11;1156;83;13,927710843373495
HJXXIII;UNIDADE INTERNAÇÃO - CIRURGIA PLÁSTICA 7º ANDAR;2023;12;1268;98;12,938775510204081
HJXXIII;UNIDADE INTERNAÇÃO - CIRURGIA PLÁSTICA 7º ANDAR;2024;1;1601;89;17,98876404494382
HJXXIII;UNIDADE INTERNAÇÃO - CIRURGIA PLÁSTICA 7º ANDAR;2024;2;1348;101;13,346534653465346
HJXXIII;UNIDADE INTERNAÇÃO - CIRURGIA PLÁSTICA 7º ANDAR;2024;3;1315;100;13,15
HJXXIII;UNIDADE INTERNAÇÃO - CIRURGIA PLÁSTICA 7º ANDAR;2024;4;1411;109;12,944954128440367
HJXXIII;UNIDADE INTERNAÇÃO - CIRURGIA PLÁSTICA 7º ANDAR;2024;5;1278;140;9,128571428571428
HJXXIII;UNIDADE INTERNAÇÃO - CIRURGIA PLÁSTICA 7º ANDAR;2024;6;913;97;9,412371134020619
HJXXIII;UNIDADE INTERNAÇÃO - CIRURGIA PLÁSTICA 7º ANDAR;2024;7;1425;102;13,970588235294118
HJXXIII;UNIDADE INTERNAÇÃO - CIRURGIA PLÁSTICA 7º ANDAR;2024;8;1279;73;17,52054794520548
HJXXIII;UNIDADE INTERNAÇÃO - CIRURGIA PLÁSTICA 7º ANDAR;2024;9;1362;102;13,352941176470589
HJXXIII;UNIDADE INTERNAÇÃO - CIRURGIA PLÁSTICA 7º ANDAR;2024;10;881;87;10,126436781609195
HJXXIII;UNIDADE INTERNAÇÃO - CIRURGIA PLÁSTICA 7º ANDAR;2024;11;1127;82;13,74390243902439
HJXXIII;UNIDADE INTERNAÇÃO - CIRURGIA PLÁSTICA 7º ANDAR;2024;12;1401;86;16,290697674418606
HJXXIII;UNIDADE INTERNAÇÃO - CIRURGIA PLÁSTICA 7º ANDAR;2025;1;1312;86;15,255813953488373
HJXXIII;UNIDADE INTERNAÇÃO - CIRURGIA PLÁSTICA 7º ANDAR;2025;2;1019;81;12,580246913580247
HJXXIII;UNIDADE INTERNAÇÃO - CIRURGIA PLÁSTICA 7º ANDAR;2025;3;1383;80;17,2875
HJXXIII;UNIDADE INTERNAÇÃO - CIRURGIA PLÁSTICA 7º ANDAR;2025;4;966;68;14,205882352941176
HJXXIII;UNIDADE INTERNAÇÃO - CIRURGIA PLÁSTICA 7º ANDAR;2025;5;1547;113;13,690265486725664
HJXXIII;UNIDADE INTERNAÇÃO - CIRURGIA PLÁSTICA 7º ANDAR;2025;6;1158;78;14,846153846153847
HJXXIII;UNIDADE INTERNAÇÃO - CIRURGIA PLÁSTICA 7º ANDAR;2025;7;1520;76;20,0
HJXXIII;UNIDADE INTERNAÇÃO - CIRURGIA PLÁSTICA 7º ANDAR;2025;8;1183;85;13,91764705882353
HJXXIII;UNIDADE INTERNAÇÃO - CIRURGIA PLÁSTICA 7º ANDAR;2025;9;2496;120;20,8
HJXXIII;UNIDADE INTERNAÇÃO - CIRURGIA PLÁSTICA 7º ANDAR;2025;10;1347;105;12,82857142857143
HJXXIII;UNIDADE INTERNAÇÃO - CIRURGIA PLÁSTICA 7º ANDAR;2025;11;1066;82;13,0
HJXXIII;UNIDADE INTERNAÇÃO - CIRURGIA PLÁSTICA 7º ANDAR;2025;12;1248;93;13,419354838709678
HJXXIII;UNIDADE INTERNAÇÃO - CIRURGIA PLÁSTICA 7º ANDAR;2026;1;1070;70;15,285714285714286
HJXXIII;UNIDADE INTERNAÇÃO - CIRURGIA PLÁSTICA 7º ANDAR;2026;2;1474;81;18,19753086419753
HJXXIII;UNIDADE INTERNAÇÃO - CIRURGIA PLÁSTICA 7º ANDAR;2026;3;989;100;9,89
HJXXIII;UNIDADE INTERNAÇÃO - CIRURGIA PLÁSTICA 7º ANDAR;2026;4;1178;70;16,82857142857143
HJXXIII;UNIDADE INTERNAÇÃO - CIRURGIA PLÁSTICA 7º ANDAR;2026;5;1268;100;12,68
HJXXIII;UNIDADE INTERNAÇÃO - CIRURGIA PLÁSTICA 7º ANDAR;2026;6;1317;92;14,315217391304348
HJXXIII;UNIDADE INTERNAÇÃO - CLINICA CUIDADOS PROGRESSIVOS 3º ANDAR;2019;1;526;6;87,66666666666667
HJXXIII;UNIDADE INTERNAÇÃO - CLINICA CUIDADOS PROGRESSIVOS 3º ANDAR;2019;2;254;4;63,5
HJXXIII;UNIDADE INTERNAÇÃO - CLINICA CUIDADOS PROGRESSIVOS 3º ANDAR;2019;3;163;3;54,333333333333336
HJXXIII;UNIDADE INTERNAÇÃO - CLINICA CUIDADOS PROGRESSIVOS 3º ANDAR;2019;4;858;3;286,0
HJXXIII;UNIDADE INTERNAÇÃO - CLINICA CUIDADOS PROGRESSIVOS 3º ANDAR;2019;5;1204;8;150,5
HJXXIII;UNIDADE INTERNAÇÃO - CLINICA CUIDADOS PROGRESSIVOS 3º ANDAR;2019;6;501;5;100,2
HJXXIII;UNIDADE INTERNAÇÃO - CLINICA CUIDADOS PROGRESSIVOS 3º ANDAR;2019;7;167;5;33,4
HJXXIII;UNIDADE INTERNAÇÃO - CLINICA CUIDADOS PROGRESSIVOS 3º ANDAR;2019;8;484;5;96,8
HJXXIII;UNIDADE INTERNAÇÃO - CLINICA CUIDADOS PROGRESSIVOS 3º ANDAR;2019;9;974;5;194,8
HJXXIII;UNIDADE INTERNAÇÃO - CLINICA CUIDADOS PROGRESSIVOS 3º ANDAR;2019;10;448;6;74,66666666666667
HJXXIII;UNIDADE INTERNAÇÃO - CLINICA CUIDADOS PROGRESSIVOS 3º ANDAR;2019;11;1241;3;413,6666666666667
HJXXIII;UNIDADE INTERNAÇÃO - CLINICA CUIDADOS PROGRESSIVOS 3º ANDAR;2019;12;185;3;61,666666666666664
HJXXIII;UNIDADE INTERNAÇÃO - CLINICA CUIDADOS PROGRESSIVOS 3º ANDAR;2020;1;300;2;150,0
HJXXIII;UNIDADE INTERNAÇÃO - CLINICA CUIDADOS PROGRESSIVOS 3º ANDAR;2020;2;148;4;37,0
HJXXIII;UNIDADE INTERNAÇÃO - CLINICA CUIDADOS PROGRESSIVOS 3º ANDAR;2020;3;704;9;78,22222222222223
HJXXIII;UNIDADE INTERNAÇÃO - CLINICA CUIDADOS PROGRESSIVOS 3º ANDAR;2020;4;738;9;82,0
HJXXIII;UNIDADE INTERNAÇÃO - CLINICA CUIDADOS PROGRESSIVOS 3º ANDAR;2020;5;947;8;118,375
HJXXIII;UNIDADE INTERNAÇÃO - CLINICA CUIDADOS PROGRESSIVOS 3º ANDAR;2020;6;193;4;48,25
HJXXIII;UNIDADE INTERNAÇÃO - CLINICA CUIDADOS PROGRESSIVOS 3º ANDAR;2020;7;847;15;56,46666666666667
HJXXIII;UNIDADE INTERNAÇÃO - CLINICA CUIDADOS PROGRESSIVOS 3º ANDAR;2020;8;632;10;63,2
HJXXIII;UNIDADE INTERNAÇÃO - CLINICA CUIDADOS PROGRESSIVOS 3º ANDAR;2020;9;579;14;41,357142857142854
HJXXIII;UNIDADE INTERNAÇÃO - CLINICA CUIDADOS PROGRESSIVOS 3º ANDAR;2020;10;763;9;84,77777777777777
HJXXIII;UNIDADE INTERNAÇÃO - CLINICA CUIDADOS PROGRESSIVOS 3º ANDAR;2020;11;537;8;67,125
HJXXIII;UNIDADE INTERNAÇÃO - CLINICA CUIDADOS PROGRESSIVOS 3º ANDAR;2020;12;221;5;44,2
HJXXIII;UNIDADE INTERNAÇÃO - CLINICA CUIDADOS PROGRESSIVOS 3º ANDAR;2021;1;836;16;52,25
HJXXIII;UNIDADE INTERNAÇÃO - CLINICA CUIDADOS PROGRESSIVOS 3º ANDAR;2021;2;239;4;59,75
HJXXIII;UNIDADE INTERNAÇÃO - CLINICA CUIDADOS PROGRESSIVOS 3º ANDAR;2021;3;779;9;86,55555555555556
HJXXIII;UNIDADE INTERNAÇÃO - CLINICA CUIDADOS PROGRESSIVOS 3º ANDAR;2021;4;317;4;79,25
HJXXIII;UNIDADE INTERNAÇÃO - CLINICA CUIDADOS PROGRESSIVOS 3º ANDAR;2021;5;886;13;68,15384615384616
HJXXIII;UNIDADE INTERNAÇÃO - CLINICA CUIDADOS PROGRESSIVOS 3º ANDAR;2021;6;460;10;46,0
HJXXIII;UNIDADE INTERNAÇÃO - CLINICA CUIDADOS PROGRESSIVOS 3º ANDAR;2021;7;686;12;57,166666666666664
HJXXIII;UNIDADE INTERNAÇÃO - CLINICA CUIDADOS PROGRESSIVOS 3º ANDAR;2021;8;812;11;73,81818181818181
HJXXIII;UNIDADE INTERNAÇÃO - CLINICA CUIDADOS PROGRESSIVOS 3º ANDAR;2021;9;317;9;35,22222222222222
HJXXIII;UNIDADE INTERNAÇÃO - CLINICA CUIDADOS PROGRESSIVOS 3º ANDAR;2021;10;212;5;42,4
HJXXIII;UNIDADE INTERNAÇÃO - CLINICA CUIDADOS PROGRESSIVOS 3º ANDAR;2021;11;548;10;54,8
HJXXIII;UNIDADE INTERNAÇÃO - CLINICA CUIDADOS PROGRESSIVOS 3º ANDAR;2021;12;434;8;54,25
HJXXIII;UNIDADE INTERNAÇÃO - CLINICA CUIDADOS PROGRESSIVOS 3º ANDAR;2022;1;520;9;57,77777777777778
HJXXIII;UNIDADE INTERNAÇÃO - CLINICA CUIDADOS PROGRESSIVOS 3º ANDAR;2022;2;957;10;95,7
HJXXIII;UNIDADE INTERNAÇÃO - CLINICA CUIDADOS PROGRESSIVOS 3º ANDAR;2022;3;280;6;46,666666666666664
HJXXIII;UNIDADE INTERNAÇÃO - CLINICA CUIDADOS PROGRESSIVOS 3º ANDAR;2022;4;403;6;67,16666666666667
HJXXIII;UNIDADE INTERNAÇÃO - CLINICA CUIDADOS PROGRESSIVOS 3º ANDAR;2022;5;637;10;63,7
HJXXIII;UNIDADE INTERNAÇÃO - CLINICA CUIDADOS PROGRESSIVOS 3º ANDAR;2022;6;436;9;48,44444444444444
HJXXIII;UNIDADE INTERNAÇÃO - CLINICA CUIDADOS PROGRESSIVOS 3º ANDAR;2022;7;260;6;43,333333333333336
HJXXIII;UNIDADE INTERNAÇÃO - CLINICA CUIDADOS PROGRESSIVOS 3º ANDAR;2022;8;157;6;26,166666666666668
HJXXIII;UNIDADE INTERNAÇÃO - CLINICA CUIDADOS PROGRESSIVOS 3º ANDAR;2022;9;331;8;41,375
HJXXIII;UNIDADE INTERNAÇÃO - CLINICA CUIDADOS PROGRESSIVOS 3º ANDAR;2022;10;945;11;85,9090909090909
HJXXIII;UNIDADE INTERNAÇÃO - CLINICA CUIDADOS PROGRESSIVOS 3º ANDAR;2022;11;210;5;42,0
HJXXIII;UNIDADE INTERNAÇÃO - CLINICA CUIDADOS PROGRESSIVOS 3º ANDAR;2022;12;1012;12;84,33333333333333
HJXXIII;UNIDADE INTERNAÇÃO - CLINICA CUIDADOS PROGRESSIVOS 3º ANDAR;2023;1;187;4;46,75
HJXXIII;UNIDADE INTERNAÇÃO - CLINICA CUIDADOS PROGRESSIVOS 3º ANDAR;2023;2;510;7;72,85714285714286
HJXXIII;UNIDADE INTERNAÇÃO - CLINICA CUIDADOS PROGRESSIVOS 3º ANDAR;2023;3;263;7;37,57142857142857
HJXXIII;UNIDADE INTERNAÇÃO - CLINICA CUIDADOS PROGRESSIVOS 3º ANDAR;2023;4;1161;12;96,75
HJXXIII;UNIDADE INTERNAÇÃO - CLINICA CUIDADOS PROGRESSIVOS 3º ANDAR;2023;5;424;14;30,285714285714285
HJXXIII;UNIDADE INTERNAÇÃO - CLINICA CUIDADOS PROGRESSIVOS 3º ANDAR;2023;6;235;6;39,166666666666664
HJXXIII;UNIDADE INTERNAÇÃO - CLINICA CUIDADOS PROGRESSIVOS 3º ANDAR;2023;7;397;5;79,4
HJXXIII;UNIDADE INTERNAÇÃO - CLINICA CUIDADOS PROGRESSIVOS 3º ANDAR;2023;8;122;2;61,0
HJXXIII;UNIDADE INTERNAÇÃO - CLINICA CUIDADOS PROGRESSIVOS 3º ANDAR;2023;9;358;6;59,666666666666664
HJXXIII;UNIDADE INTERNAÇÃO - CLINICA CUIDADOS PROGRESSIVOS 3º ANDAR;2023;10;94;3;31,333333333333332
HJXXIII;UNIDADE INTERNAÇÃO - CLINICA CUIDADOS PROGRESSIVOS 3º ANDAR;2023;11;115;5;23,0
HJXXIII;UNIDADE INTERNAÇÃO - CLINICA CUIDADOS PROGRESSIVOS 3º ANDAR;2023;12;555;8;69,375
HJXXIII;UNIDADE INTERNAÇÃO - CLINICA CUIDADOS PROGRESSIVOS 3º ANDAR;2024;1;257;6;42,833333333333336
HJXXIII;UNIDADE INTERNAÇÃO - CLINICA CUIDADOS PROGRESSIVOS 3º ANDAR;2024;2;664;12;55,333333333333336
HJXXIII;UNIDADE INTERNAÇÃO - CLINICA CUIDADOS PROGRESSIVOS 3º ANDAR;2024;3;557;16;34,8125
HJXXIII;UNIDADE INTERNAÇÃO - CLINICA CUIDADOS PROGRESSIVOS 3º ANDAR;2024;4;344;16;21,5
HJXXIII;UNIDADE INTERNAÇÃO - CLINICA CUIDADOS PROGRESSIVOS 3º ANDAR;2024;5;204;10;20,4
HJXXIII;UNIDADE INTERNAÇÃO - CLINICA CUIDADOS PROGRESSIVOS 3º ANDAR;2024;6;327;12;27,25
HJXXIII;UNIDADE INTERNAÇÃO - CLINICA CUIDADOS PROGRESSIVOS 3º ANDAR;2024;7;108;4;27,0
HJXXIII;UNIDADE INTERNAÇÃO - CLINICA CUIDADOS PROGRESSIVOS 3º ANDAR;2024;8;345;12;28,75
HJXXIII;UNIDADE INTERNAÇÃO - CLINICA CUIDADOS PROGRESSIVOS 3º ANDAR;2024;9;624;10;62,4
HJXXIII;UNIDADE INTERNAÇÃO - CLINICA CUIDADOS PROGRESSIVOS 3º ANDAR;2024;10;518;7;74,0
HJXXIII;UNIDADE INTERNAÇÃO - CLINICA CUIDADOS PROGRESSIVOS 3º ANDAR;2024;11;530;9;58,888888888888886
HJXXIII;UNIDADE INTERNAÇÃO - CLINICA CUIDADOS PROGRESSIVOS 3º ANDAR;2024;12;620;8;77,5
HJXXIII;UNIDADE INTERNAÇÃO - CLINICA CUIDADOS PROGRESSIVOS 3º ANDAR;2025;1;739;22;33,59090909090909
HJXXIII;UNIDADE INTERNAÇÃO - CLINICA CUIDADOS PROGRESSIVOS 3º ANDAR;2025;2;203;8;25,375
HJXXIII;UNIDADE INTERNAÇÃO - CLINICA CUIDADOS PROGRESSIVOS 3º ANDAR;2025;3;702;22;31,90909090909091
HJXXIII;UNIDADE INTERNAÇÃO - CLINICA CUIDADOS PROGRESSIVOS 3º ANDAR;2025;4;395;20;19,75
HJXXIII;UNIDADE INTERNAÇÃO - CLINICA CUIDADOS PROGRESSIVOS 3º ANDAR;2025;5;335;15;22,333333333333332
HJXXIII;UNIDADE INTERNAÇÃO - CLINICA CUIDADOS PROGRESSIVOS 3º ANDAR;2025;6;198;16;12,375
HJXXIII;UNIDADE INTERNAÇÃO - CLINICA CUIDADOS PROGRESSIVOS 3º ANDAR;2025;7;568;25;22,72
HJXXIII;UNIDADE INTERNAÇÃO - CLINICA CUIDADOS PROGRESSIVOS 3º ANDAR;2025;8;424;31;13,67741935483871
HJXXIII;UNIDADE INTERNAÇÃO - CLINICA CUIDADOS PROGRESSIVOS 3º ANDAR;2025;9;368;16;23,0
HJXXIII;UNIDADE INTERNAÇÃO - CLINICA CUIDADOS PROGRESSIVOS 3º ANDAR;2025;10;409;20;20,45
HJXXIII;UNIDADE INTERNAÇÃO - CLINICA CUIDADOS PROGRESSIVOS 3º ANDAR;2025;11;250;15;16,666666666666668
HJXXIII;UNIDADE INTERNAÇÃO - CLINICA CUIDADOS PROGRESSIVOS 3º ANDAR;2025;12;348;16;21,75
HJXXIII;UNIDADE INTERNAÇÃO - CLINICA CUIDADOS PROGRESSIVOS 3º ANDAR;2026;1;143;8;17,875
HJXXIII;UNIDADE INTERNAÇÃO - CLINICA CUIDADOS PROGRESSIVOS 3º ANDAR;2026;2;538;16;33,625
HJXXIII;UNIDADE INTERNAÇÃO - CLINICA CUIDADOS PROGRESSIVOS 3º ANDAR;2026;3;495;15;33,0
HJXXIII;UNIDADE INTERNAÇÃO - CLINICA CUIDADOS PROGRESSIVOS 3º ANDAR;2026;4;190;7;27,142857142857142
HJXXIII;UNIDADE INTERNAÇÃO - CLINICA CUIDADOS PROGRESSIVOS 3º ANDAR;2026;5;398;17;23,41176470588235
HJXXIII;UNIDADE INTERNAÇÃO - CLINICA CUIDADOS PROGRESSIVOS 3º ANDAR;2026;6;322;19;16,94736842105263
HJXXIII;UNIDADE INTERNAÇÃO - CLINICA MÉDICA 6º ANDAR;2019;1;2331;57;40,89473684210526
HJXXIII;UNIDADE INTERNAÇÃO - CLINICA MÉDICA 6º ANDAR;2019;2;1662;68;24,441176470588236
HJXXIII;UNIDADE INTERNAÇÃO - CLINICA MÉDICA 6º ANDAR;2019;3;1648;54;30,51851851851852
HJXXIII;UNIDADE INTERNAÇÃO - CLINICA MÉDICA 6º ANDAR;2019;4;2064;57;36,21052631578947
HJXXIII;UNIDADE INTERNAÇÃO - CLINICA MÉDICA 6º ANDAR;2019;5;2269;58;39,12068965517241
HJXXIII;UNIDADE INTERNAÇÃO - CLINICA MÉDICA 6º ANDAR;2019;6;2018;66;30,575757575757574
HJXXIII;UNIDADE INTERNAÇÃO - CLINICA MÉDICA 6º ANDAR;2019;7;1881;68;27,66176470588235
HJXXIII;UNIDADE INTERNAÇÃO - CLINICA MÉDICA 6º ANDAR;2019;8;1996;76;26,263157894736842
HJXXIII;UNIDADE INTERNAÇÃO - CLINICA MÉDICA 6º ANDAR;2019;9;1682;65;25,876923076923077
HJXXIII;UNIDADE INTERNAÇÃO - CLINICA MÉDICA 6º ANDAR;2019;10;1358;45;30,177777777777777
HJXXIII;UNIDADE INTERNAÇÃO - CLINICA MÉDICA 6º ANDAR;2019;11;1797;31;57,96774193548387
HJXXIII;UNIDADE INTERNAÇÃO - CLINICA MÉDICA 6º ANDAR;2019;12;1595;45;35,44444444444444
HJXXIII;UNIDADE INTERNAÇÃO - CLINICA MÉDICA 6º ANDAR;2020;1;2071;54;38,351851851851855
HJXXIII;UNIDADE INTERNAÇÃO - CLINICA MÉDICA 6º ANDAR;2020;2;985;47;20,95744680851064
HJXXIII;UNIDADE INTERNAÇÃO - CLINICA MÉDICA 6º ANDAR;2020;3;1874;42;44,61904761904762
HJXXIII;UNIDADE INTERNAÇÃO - CLINICA MÉDICA 6º ANDAR;2020;4;3562;57;62,49122807017544
HJXXIII;UNIDADE INTERNAÇÃO - CLINICA MÉDICA 6º ANDAR;2020;5;1310;60;21,833333333333332
HJXXIII;UNIDADE INTERNAÇÃO - CLINICA MÉDICA 6º ANDAR;2020;6;1654;49;33,755102040816325
HJXXIII;UNIDADE INTERNAÇÃO - CLINICA MÉDICA 6º ANDAR;2020;7;1144;38;30,105263157894736
HJXXIII;UNIDADE INTERNAÇÃO - CLINICA MÉDICA 6º ANDAR;2020;8;635;25;25,4
HJXXIII;UNIDADE INTERNAÇÃO - CLINICA MÉDICA 6º ANDAR;2020;9;696;38;18,31578947368421
HJXXIII;UNIDADE INTERNAÇÃO - CLINICA MÉDICA 6º ANDAR;2020;10;820;29;28,275862068965516
HJXXIII;UNIDADE INTERNAÇÃO - CLINICA MÉDICA 6º ANDAR;2020;11;799;26;30,73076923076923
HJXXIII;UNIDADE INTERNAÇÃO - CLINICA MÉDICA 6º ANDAR;2020;12;859;38;22,605263157894736
HJXXIII;UNIDADE INTERNAÇÃO - CLINICA MÉDICA 6º ANDAR;2021;1;809;36;22,47222222222222
HJXXIII;UNIDADE INTERNAÇÃO - CLINICA MÉDICA 6º ANDAR;2021;2;1062;22;48,27272727272727
HJXXIII;UNIDADE INTERNAÇÃO - CLINICA MÉDICA 6º ANDAR;2021;3;1052;50;21,04
HJXXIII;UNIDADE INTERNAÇÃO - CLINICA MÉDICA 6º ANDAR;2021;4;616;49;12,571428571428571
HJXXIII;UNIDADE INTERNAÇÃO - CLINICA MÉDICA 6º ANDAR;2021;5;710;40;17,75
HJXXIII;UNIDADE INTERNAÇÃO - CLINICA MÉDICA 6º ANDAR;2021;6;1137;51;22,294117647058822
HJXXIII;UNIDADE INTERNAÇÃO - CLINICA MÉDICA 6º ANDAR;2021;7;1356;59;22,983050847457626
HJXXIII;UNIDADE INTERNAÇÃO - CLINICA MÉDICA 6º ANDAR;2021;8;1388;88;15,772727272727273
HJXXIII;UNIDADE INTERNAÇÃO - CLINICA MÉDICA 6º ANDAR;2021;9;1168;78;14,974358974358974
HJXXIII;UNIDADE INTERNAÇÃO - CLINICA MÉDICA 6º ANDAR;2021;10;1045;51;20,49019607843137
HJXXIII;UNIDADE INTERNAÇÃO - CLINICA MÉDICA 6º ANDAR;2021;11;1163;62;18,758064516129032
HJXXIII;UNIDADE INTERNAÇÃO - CLINICA MÉDICA 6º ANDAR;2021;12;1301;69;18,855072463768117
HJXXIII;UNIDADE INTERNAÇÃO - CLINICA MÉDICA 6º ANDAR;2022;1;1577;59;26,728813559322035
HJXXIII;UNIDADE INTERNAÇÃO - CLINICA MÉDICA 6º ANDAR;2022;2;600;44;13,636363636363637
HJXXIII;UNIDADE INTERNAÇÃO - CLINICA MÉDICA 6º ANDAR;2022;3;947;50;18,94
HJXXIII;UNIDADE INTERNAÇÃO - CLINICA MÉDICA 6º ANDAR;2022;4;1053;49;21,489795918367346
HJXXIII;UNIDADE INTERNAÇÃO - CLINICA MÉDICA 6º ANDAR;2022;5;1455;50;29,1
HJXXIII;UNIDADE INTERNAÇÃO - CLINICA MÉDICA 6º ANDAR;2022;6;929;56;16,589285714285715
HJXXIII;UNIDADE INTERNAÇÃO - CLINICA MÉDICA 6º ANDAR;2022;7;1286;65;19,784615384615385
HJXXIII;UNIDADE INTERNAÇÃO - CLINICA MÉDICA 6º ANDAR;2022;8;911;50;18,22
HJXXIII;UNIDADE INTERNAÇÃO - CLINICA MÉDICA 6º ANDAR;2022;9;1523;48;31,729166666666668
HJXXIII;UNIDADE INTERNAÇÃO - CLINICA MÉDICA 6º ANDAR;2022;10;1839;52;35,36538461538461
HJXXIII;UNIDADE INTERNAÇÃO - CLINICA MÉDICA 6º ANDAR;2022;11;625;45;13,88888888888889
HJXXIII;UNIDADE INTERNAÇÃO - CLINICA MÉDICA 6º ANDAR;2022;12;2062;55;37,49090909090909
HJXXIII;UNIDADE INTERNAÇÃO - CLINICA MÉDICA 6º ANDAR;2023;1;953;54;17,64814814814815
HJXXIII;UNIDADE INTERNAÇÃO - CLINICA MÉDICA 6º ANDAR;2023;2;812;46;17,652173913043477
HJXXIII;UNIDADE INTERNAÇÃO - CLINICA MÉDICA 6º ANDAR;2023;3;1396;44;31,727272727272727
HJXXIII;UNIDADE INTERNAÇÃO - CLINICA MÉDICA 6º ANDAR;2023;4;1087;46;23,630434782608695
HJXXIII;UNIDADE INTERNAÇÃO - CLINICA MÉDICA 6º ANDAR;2023;5;1683;40;42,075
HJXXIII;UNIDADE INTERNAÇÃO - CLINICA MÉDICA 6º ANDAR;2023;6;850;30;28,333333333333332
HJXXIII;UNIDADE INTERNAÇÃO - CLINICA MÉDICA 6º ANDAR;2023;7;1587;36;44,083333333333336
HJXXIII;UNIDADE INTERNAÇÃO - CLINICA MÉDICA 6º ANDAR;2023;8;1260;39;32,30769230769231
HJXXIII;UNIDADE INTERNAÇÃO - CLINICA MÉDICA 6º ANDAR;2023;9;986;23;42,869565217391305
HJXXIII;UNIDADE INTERNAÇÃO - CLINICA MÉDICA 6º ANDAR;2023;10;1484;37;40,108108108108105
HJXXIII;UNIDADE INTERNAÇÃO - CLINICA MÉDICA 6º ANDAR;2023;11;974;34;28,647058823529413
HJXXIII;UNIDADE INTERNAÇÃO - CLINICA MÉDICA 6º ANDAR;2023;12;1740;33;52,72727272727273
HJXXIII;UNIDADE INTERNAÇÃO - CLINICA MÉDICA 6º ANDAR;2024;1;1951;46;42,41304347826087
HJXXIII;UNIDADE INTERNAÇÃO - CLINICA MÉDICA 6º ANDAR;2024;2;1222;47;26,0
HJXXIII;UNIDADE INTERNAÇÃO - CLINICA MÉDICA 6º ANDAR;2024;3;1240;49;25,306122448979593
HJXXIII;UNIDADE INTERNAÇÃO - CLINICA MÉDICA 6º ANDAR;2024;4;1700;54;31,48148148148148
HJXXIII;UNIDADE INTERNAÇÃO - CLINICA MÉDICA 6º ANDAR;2024;5;1090;48;22,708333333333332
HJXXIII;UNIDADE INTERNAÇÃO - CLINICA MÉDICA 6º ANDAR;2024;6;1294;40;32,35
HJXXIII;UNIDADE INTERNAÇÃO - CLINICA MÉDICA 6º ANDAR;2024;7;751;29;25,896551724137932
HJXXIII;UNIDADE INTERNAÇÃO - CLINICA MÉDICA 6º ANDAR;2024;8;1826;39;46,82051282051282
HJXXIII;UNIDADE INTERNAÇÃO - CLINICA MÉDICA 6º ANDAR;2024;9;1295;42;30,833333333333332
HJXXIII;UNIDADE INTERNAÇÃO - CLINICA MÉDICA 6º ANDAR;2024;10;990;45;22,0
HJXXIII;UNIDADE INTERNAÇÃO - CLINICA MÉDICA 6º ANDAR;2024;11;1430;40;35,75
HJXXIII;UNIDADE INTERNAÇÃO - CLINICA MÉDICA 6º ANDAR;2024;12;1523;41;37,146341463414636
HJXXIII;UNIDADE INTERNAÇÃO - CLINICA MÉDICA 6º ANDAR;2025;1;1746;39;44,76923076923077
HJXXIII;UNIDADE INTERNAÇÃO - CLINICA MÉDICA 6º ANDAR;2025;2;1304;39;33,43589743589744
HJXXIII;UNIDADE INTERNAÇÃO - CLINICA MÉDICA 6º ANDAR;2025;3;1565;33;47,42424242424242
HJXXIII;UNIDADE INTERNAÇÃO - CLINICA MÉDICA 6º ANDAR;2025;4;1371;61;22,475409836065573
HJXXIII;UNIDADE INTERNAÇÃO - CLINICA MÉDICA 6º ANDAR;2025;5;1156;60;19,266666666666666
HJXXIII;UNIDADE INTERNAÇÃO - CLINICA MÉDICA 6º ANDAR;2025;6;1033;51;20,254901960784313
HJXXIII;UNIDADE INTERNAÇÃO - CLINICA MÉDICA 6º ANDAR;2025;7;1458;55;26,509090909090908
HJXXIII;UNIDADE INTERNAÇÃO - CLINICA MÉDICA 6º ANDAR;2025;8;1408;51;27,607843137254903
HJXXIII;UNIDADE INTERNAÇÃO - CLINICA MÉDICA 6º ANDAR;2025;9;1309;62;21,112903225806452
HJXXIII;UNIDADE INTERNAÇÃO - CLINICA MÉDICA 6º ANDAR;2025;10;1515;72;21,041666666666668
HJXXIII;UNIDADE INTERNAÇÃO - CLINICA MÉDICA 6º ANDAR;2025;11;772;56;13,785714285714286
HJXXIII;UNIDADE INTERNAÇÃO - CLINICA MÉDICA 6º ANDAR;2025;12;1394;60;23,233333333333334
HJXXIII;UNIDADE INTERNAÇÃO - CLINICA MÉDICA 6º ANDAR;2026;1;1396;68;20,529411764705884
HJXXIII;UNIDADE INTERNAÇÃO - CLINICA MÉDICA 6º ANDAR;2026;2;1286;59;21,796610169491526
HJXXIII;UNIDADE INTERNAÇÃO - CLINICA MÉDICA 6º ANDAR;2026;3;994;61;16,295081967213115
HJXXIII;UNIDADE INTERNAÇÃO - CLINICA MÉDICA 6º ANDAR;2026;4;1306;62;21,06451612903226
HJXXIII;UNIDADE INTERNAÇÃO - CLINICA MÉDICA 6º ANDAR;2026;5;1614;71;22,732394366197184
HJXXIII;UNIDADE INTERNAÇÃO - CLINICA MÉDICA 6º ANDAR;2026;6;1335;69;19,347826086956523
HJXXIII;UNIDADE INTERNAÇÃO - CLINICA NEUROLOGICA 5º ANDAR;2019;1;1371;42;32,642857142857146
HJXXIII;UNIDADE INTERNAÇÃO - CLINICA NEUROLOGICA 5º ANDAR;2019;2;1271;30;42,36666666666667
HJXXIII;UNIDADE INTERNAÇÃO - CLINICA NEUROLOGICA 5º ANDAR;2019;3;1067;44;24,25
HJXXIII;UNIDADE INTERNAÇÃO - CLINICA NEUROLOGICA 5º ANDAR;2019;4;1400;54;25,925925925925927
HJXXIII;UNIDADE INTERNAÇÃO - CLINICA NEUROLOGICA 5º ANDAR;2019;5;1039;31;33,516129032258064
HJXXIII;UNIDADE INTERNAÇÃO - CLINICA NEUROLOGICA 5º ANDAR;2019;6;1253;41;30,5609756097561
HJXXIII;UNIDADE INTERNAÇÃO - CLINICA NEUROLOGICA 5º ANDAR;2019;7;1414;54;26,185185185185187
HJXXIII;UNIDADE INTERNAÇÃO - CLINICA NEUROLOGICA 5º ANDAR;2019;8;1365;42;32,5
HJXXIII;UNIDADE INTERNAÇÃO - CLINICA NEUROLOGICA 5º ANDAR;2019;9;1000;36;27,77777777777778
HJXXIII;UNIDADE INTERNAÇÃO - CLINICA NEUROLOGICA 5º ANDAR;2019;10;1199;38;31,55263157894737
HJXXIII;UNIDADE INTERNAÇÃO - CLINICA NEUROLOGICA 5º ANDAR;2019;11;1166;33;35,333333333333336
HJXXIII;UNIDADE INTERNAÇÃO - CLINICA NEUROLOGICA 5º ANDAR;2019;12;1389;45;30,866666666666667
HJXXIII;UNIDADE INTERNAÇÃO - CLINICA NEUROLOGICA 5º ANDAR;2020;1;1952;53;36,83018867924528
HJXXIII;UNIDADE INTERNAÇÃO - CLINICA NEUROLOGICA 5º ANDAR;2020;2;1586;50;31,72
HJXXIII;UNIDADE INTERNAÇÃO - CLINICA NEUROLOGICA 5º ANDAR;2020;3;1356;42;32,285714285714285
HJXXIII;UNIDADE INTERNAÇÃO - CLINICA NEUROLOGICA 5º ANDAR;2020;4;1471;54;27,24074074074074
HJXXIII;UNIDADE INTERNAÇÃO - CLINICA NEUROLOGICA 5º ANDAR;2020;5;1461;60;24,35
HJXXIII;UNIDADE INTERNAÇÃO - CLINICA NEUROLOGICA 5º ANDAR;2020;6;1212;47;25,78723404255319
HJXXIII;UNIDADE INTERNAÇÃO - CLINICA NEUROLOGICA 5º ANDAR;2020;7;1892;53;35,698113207547166
HJXXIII;UNIDADE INTERNAÇÃO - CLINICA NEUROLOGICA 5º ANDAR;2020;8;1459;38;38,39473684210526
HJXXIII;UNIDADE INTERNAÇÃO - CLINICA NEUROLOGICA 5º ANDAR;2020;9;1649;56;29,446428571428573
HJXXIII;UNIDADE INTERNAÇÃO - CLINICA NEUROLOGICA 5º ANDAR;2020;10;1258;54;23,296296296296298
HJXXIII;UNIDADE INTERNAÇÃO - CLINICA NEUROLOGICA 5º ANDAR;2020;11;1995;66;30,227272727272727
HJXXIII;UNIDADE INTERNAÇÃO - CLINICA NEUROLOGICA 5º ANDAR;2020;12;2028;81;25,037037037037038
HJXXIII;UNIDADE INTERNAÇÃO - CLINICA NEUROLOGICA 5º ANDAR;2021;1;1611;75;21,48
HJXXIII;UNIDADE INTERNAÇÃO - CLINICA NEUROLOGICA 5º ANDAR;2021;2;994;55;18,072727272727274
HJXXIII;UNIDADE INTERNAÇÃO - CLINICA NEUROLOGICA 5º ANDAR;2021;3;2092;65;32,184615384615384
HJXXIII;UNIDADE INTERNAÇÃO - CLINICA NEUROLOGICA 5º ANDAR;2021;4;1416;48;29,5
HJXXIII;UNIDADE INTERNAÇÃO - CLINICA NEUROLOGICA 5º ANDAR;2021;5;1262;44;28,681818181818183
HJXXIII;UNIDADE INTERNAÇÃO - CLINICA NEUROLOGICA 5º ANDAR;2021;6;1436;52;27,615384615384617
HJXXIII;UNIDADE INTERNAÇÃO - CLINICA NEUROLOGICA 5º ANDAR;2021;7;1831;65;28,16923076923077
HJXXIII;UNIDADE INTERNAÇÃO - CLINICA NEUROLOGICA 5º ANDAR;2021;8;1900;91;20,87912087912088
HJXXIII;UNIDADE INTERNAÇÃO - CLINICA NEUROLOGICA 5º ANDAR;2021;9;1474;72;20,47222222222222
HJXXIII;UNIDADE INTERNAÇÃO - CLINICA NEUROLOGICA 5º ANDAR;2021;10;1143;81;14,11111111111111
HJXXIII;UNIDADE INTERNAÇÃO - CLINICA NEUROLOGICA 5º ANDAR;2021;11;1743;79;22,063291139240505
HJXXIII;UNIDADE INTERNAÇÃO - CLINICA NEUROLOGICA 5º ANDAR;2021;12;1611;65;24,784615384615385
HJXXIII;UNIDADE INTERNAÇÃO - CLINICA NEUROLOGICA 5º ANDAR;2022;1;1384;71;19,492957746478872
HJXXIII;UNIDADE INTERNAÇÃO - CLINICA NEUROLOGICA 5º ANDAR;2022;2;1454;72;20,194444444444443
HJXXIII;UNIDADE INTERNAÇÃO - CLINICA NEUROLOGICA 5º ANDAR;2022;3;1511;68;22,220588235294116
HJXXIII;UNIDADE INTERNAÇÃO - CLINICA NEUROLOGICA 5º ANDAR;2022;4;2583;69;37,43478260869565
HJXXIII;UNIDADE INTERNAÇÃO - CLINICA NEUROLOGICA 5º ANDAR;2022;5;1199;68;17,63235294117647
HJXXIII;UNIDADE INTERNAÇÃO - CLINICA NEUROLOGICA 5º ANDAR;2022;6;1291;71;18,183098591549296
HJXXIII;UNIDADE INTERNAÇÃO - CLINICA NEUROLOGICA 5º ANDAR;2022;7;1879;54;34,7962962962963
HJXXIII;UNIDADE INTERNAÇÃO - CLINICA NEUROLOGICA 5º ANDAR;2022;8;1390;62;22,419354838709676
HJXXIII;UNIDADE INTERNAÇÃO - CLINICA NEUROLOGICA 5º ANDAR;2022;9;1351;70;19,3
HJXXIII;UNIDADE INTERNAÇÃO - CLINICA NEUROLOGICA 5º ANDAR;2022;10;1551;66;23,5
HJXXIII;UNIDADE INTERNAÇÃO - CLINICA NEUROLOGICA 5º ANDAR;2022;11;1016;51;19,92156862745098
HJXXIII;UNIDADE INTERNAÇÃO - CLINICA NEUROLOGICA 5º ANDAR;2022;12;1844;51;36,15686274509804
HJXXIII;UNIDADE INTERNAÇÃO - CLINICA NEUROLOGICA 5º ANDAR;2023;1;1360;61;22,295081967213115
HJXXIII;UNIDADE INTERNAÇÃO - CLINICA NEUROLOGICA 5º ANDAR;2023;2;1356;74;18,324324324324323
HJXXIII;UNIDADE INTERNAÇÃO - CLINICA NEUROLOGICA 5º ANDAR;2023;3;1230;54;22,77777777777778
HJXXIII;UNIDADE INTERNAÇÃO - CLINICA NEUROLOGICA 5º ANDAR;2023;4;1212;50;24,24
HJXXIII;UNIDADE INTERNAÇÃO - CLINICA NEUROLOGICA 5º ANDAR;2023;5;1617;46;35,15217391304348
HJXXIII;UNIDADE INTERNAÇÃO - CLINICA NEUROLOGICA 5º ANDAR;2023;6;1076;43;25,023255813953487
HJXXIII;UNIDADE INTERNAÇÃO - CLINICA NEUROLOGICA 5º ANDAR;2023;7;1745;46;37,93478260869565
HJXXIII;UNIDADE INTERNAÇÃO - CLINICA NEUROLOGICA 5º ANDAR;2023;8;2249;47;47,851063829787236
HJXXIII;UNIDADE INTERNAÇÃO - CLINICA NEUROLOGICA 5º ANDAR;2023;9;1752;49;35,755102040816325
HJXXIII;UNIDADE INTERNAÇÃO - CLINICA NEUROLOGICA 5º ANDAR;2023;10;2159;55;39,25454545454546
HJXXIII;UNIDADE INTERNAÇÃO - CLINICA NEUROLOGICA 5º ANDAR;2023;11;1712;59;29,016949152542374
HJXXIII;UNIDADE INTERNAÇÃO - CLINICA NEUROLOGICA 5º ANDAR;2023;12;2342;68;34,44117647058823
HJXXIII;UNIDADE INTERNAÇÃO - CLINICA NEUROLOGICA 5º ANDAR;2024;1;1672;46;36,34782608695652
HJXXIII;UNIDADE INTERNAÇÃO - CLINICA NEUROLOGICA 5º ANDAR;2024;2;1636;47;34,808510638297875
HJXXIII;UNIDADE INTERNAÇÃO - CLINICA NEUROLOGICA 5º ANDAR;2024;3;1629;63;25,857142857142858
HJXXIII;UNIDADE INTERNAÇÃO - CLINICA NEUROLOGICA 5º ANDAR;2024;4;1505;77;19,545454545454547
HJXXIII;UNIDADE INTERNAÇÃO - CLINICA NEUROLOGICA 5º ANDAR;2024;5;2029;81;25,049382716049383
HJXXIII;UNIDADE INTERNAÇÃO - CLINICA NEUROLOGICA 5º ANDAR;2024;6;1366;64;21,34375
HJXXIII;UNIDADE INTERNAÇÃO - CLINICA NEUROLOGICA 5º ANDAR;2024;7;1239;53;23,37735849056604
HJXXIII;UNIDADE INTERNAÇÃO - CLINICA NEUROLOGICA 5º ANDAR;2024;8;1722;74;23,27027027027027
HJXXIII;UNIDADE INTERNAÇÃO - CLINICA NEUROLOGICA 5º ANDAR;2024;9;1243;51;24,372549019607842
HJXXIII;UNIDADE INTERNAÇÃO - CLINICA NEUROLOGICA 5º ANDAR;2024;10;1638;68;24,08823529411765
HJXXIII;UNIDADE INTERNAÇÃO - CLINICA NEUROLOGICA 5º ANDAR;2024;11;1413;68;20,779411764705884
HJXXIII;UNIDADE INTERNAÇÃO - CLINICA NEUROLOGICA 5º ANDAR;2024;12;1247;59;21,135593220338983
HJXXIII;UNIDADE INTERNAÇÃO - CLINICA NEUROLOGICA 5º ANDAR;2025;1;1570;58;27,06896551724138
HJXXIII;UNIDADE INTERNAÇÃO - CLINICA NEUROLOGICA 5º ANDAR;2025;2;1169;56;20,875
HJXXIII;UNIDADE INTERNAÇÃO - CLINICA NEUROLOGICA 5º ANDAR;2025;3;1718;65;26,43076923076923
HJXXIII;UNIDADE INTERNAÇÃO - CLINICA NEUROLOGICA 5º ANDAR;2025;4;2436;96;25,375
HJXXIII;UNIDADE INTERNAÇÃO - CLINICA NEUROLOGICA 5º ANDAR;2025;5;1360;77;17,662337662337663
HJXXIII;UNIDADE INTERNAÇÃO - CLINICA NEUROLOGICA 5º ANDAR;2025;6;1650;75;22,0
HJXXIII;UNIDADE INTERNAÇÃO - CLINICA NEUROLOGICA 5º ANDAR;2025;7;1408;86;16,372093023255815
HJXXIII;UNIDADE INTERNAÇÃO - CLINICA NEUROLOGICA 5º ANDAR;2025;8;1725;91;18,956043956043956
HJXXIII;UNIDADE INTERNAÇÃO - CLINICA NEUROLOGICA 5º ANDAR;2025;9;1348;81;16,641975308641975
HJXXIII;UNIDADE INTERNAÇÃO - CLINICA NEUROLOGICA 5º ANDAR;2025;10;1038;68;15,264705882352942
HJXXIII;UNIDADE INTERNAÇÃO - CLINICA NEUROLOGICA 5º ANDAR;2025;11;1658;52;31,884615384615383
HJXXIII;UNIDADE INTERNAÇÃO - CLINICA NEUROLOGICA 5º ANDAR;2025;12;1820;86;21,162790697674417
HJXXIII;UNIDADE INTERNAÇÃO - CLINICA NEUROLOGICA 5º ANDAR;2026;1;1642;81;20,271604938271604
HJXXIII;UNIDADE INTERNAÇÃO - CLINICA NEUROLOGICA 5º ANDAR;2026;2;1058;54;19,59259259259259
HJXXIII;UNIDADE INTERNAÇÃO - CLINICA NEUROLOGICA 5º ANDAR;2026;3;1599;93;17,193548387096776
HJXXIII;UNIDADE INTERNAÇÃO - CLINICA NEUROLOGICA 5º ANDAR;2026;4;1583;76;20,82894736842105
HJXXIII;UNIDADE INTERNAÇÃO - CLINICA NEUROLOGICA 5º ANDAR;2026;5;2083;93;22,397849462365592
HJXXIII;UNIDADE INTERNAÇÃO - CLINICA NEUROLOGICA 5º ANDAR;2026;6;1599;95;16,83157894736842
HJXXIII;UNIDADE INTERNAÇÃO - CLINICA PEDIÁTRICA 2º ANDAR;2019;1;240;13;18,46153846153846
HJXXIII;UNIDADE INTERNAÇÃO - CLINICA PEDIÁTRICA 2º ANDAR;2019;2;189;24;7,875
HJXXIII;UNIDADE INTERNAÇÃO - CLINICA PEDIÁTRICA 2º ANDAR;2019;3;394;36;10,944444444444445
HJXXIII;UNIDADE INTERNAÇÃO - CLINICA PEDIÁTRICA 2º ANDAR;2019;4;208;26;8,0
HJXXIII;UNIDADE INTERNAÇÃO - CLINICA PEDIÁTRICA 2º ANDAR;2019;5;429;29;14,793103448275861
HJXXIII;UNIDADE INTERNAÇÃO - CLINICA PEDIÁTRICA 2º ANDAR;2019;6;198;11;18,0
HJXXIII;UNIDADE INTERNAÇÃO - CLINICA PEDIÁTRICA 2º ANDAR;2019;7;230;30;7,666666666666667
HJXXIII;UNIDADE INTERNAÇÃO - CLINICA PEDIÁTRICA 2º ANDAR;2019;8;324;38;8,526315789473685
HJXXIII;UNIDADE INTERNAÇÃO - CLINICA PEDIÁTRICA 2º ANDAR;2019;9;496;41;12,097560975609756
HJXXIII;UNIDADE INTERNAÇÃO - CLINICA PEDIÁTRICA 2º ANDAR;2019;10;269;44;6,113636363636363
HJXXIII;UNIDADE INTERNAÇÃO - CLINICA PEDIÁTRICA 2º ANDAR;2019;11;218;27;8,074074074074074
HJXXIII;UNIDADE INTERNAÇÃO - CLINICA PEDIÁTRICA 2º ANDAR;2019;12;411;29;14,172413793103448
HJXXIII;UNIDADE INTERNAÇÃO - CLINICA PEDIÁTRICA 2º ANDAR;2020;1;398;41;9,707317073170731
HJXXIII;UNIDADE INTERNAÇÃO - CLINICA PEDIÁTRICA 2º ANDAR;2020;2;177;19;9,31578947368421
HJXXIII;UNIDADE INTERNAÇÃO - CLINICA PEDIÁTRICA 2º ANDAR;2020;3;98;14;7,0
HJXXIII;UNIDADE INTERNAÇÃO - CLINICA PEDIÁTRICA 2º ANDAR;2020;4;3;1;3,0
HJXXIII;UNIDADE INTERNAÇÃO - CLINICA PEDIÁTRICA 2º ANDAR;2020;8;5;1;5,0
HJXXIII;UNIDADE INTERNAÇÃO - CLINICA PEDIÁTRICA 2º ANDAR;2020;9;20;4;5,0
HJXXIII;UNIDADE INTERNAÇÃO - CLINICA PEDIÁTRICA 2º ANDAR;2021;2;1;1;1,0
HJXXIII;UNIDADE INTERNAÇÃO - CLINICA PEDIÁTRICA 2º ANDAR;2021;3;3;1;3,0
HJXXIII;UNIDADE INTERNAÇÃO - QUEIMADOS GRAVES 9º ANDAR;2019;2;55;2;27,5
HJXXIII;UNIDADE INTERNAÇÃO - QUEIMADOS GRAVES 9º ANDAR;2019;3;92;3;30,666666666666668
HJXXIII;UNIDADE INTERNAÇÃO - QUEIMADOS GRAVES 9º ANDAR;2019;4;7;1;7,0
HJXXIII;UNIDADE INTERNAÇÃO - QUEIMADOS GRAVES 9º ANDAR;2019;5;79;3;26,333333333333332
HJXXIII;UNIDADE INTERNAÇÃO - QUEIMADOS GRAVES 9º ANDAR;2019;6;106;3;35,333333333333336
HJXXIII;UNIDADE INTERNAÇÃO - QUEIMADOS GRAVES 9º ANDAR;2019;7;71;3;23,666666666666668
HJXXIII;UNIDADE INTERNAÇÃO - QUEIMADOS GRAVES 9º ANDAR;2019;8;63;3;21,0
HJXXIII;UNIDADE INTERNAÇÃO - QUEIMADOS GRAVES 9º ANDAR;2019;9;5;1;5,0
HJXXIII;UNIDADE INTERNAÇÃO - QUEIMADOS GRAVES 9º ANDAR;2019;10;13;2;6,5
HJXXIII;UNIDADE INTERNAÇÃO - QUEIMADOS GRAVES 9º ANDAR;2019;11;16;2;8,0
HJXXIII;UNIDADE INTERNAÇÃO - QUEIMADOS GRAVES 9º ANDAR;2019;12;118;4;29,5
HJXXIII;UNIDADE INTERNAÇÃO - QUEIMADOS GRAVES 9º ANDAR;2020;1;63;4;15,75
HJXXIII;UNIDADE INTERNAÇÃO - QUEIMADOS GRAVES 9º ANDAR;2020;2;168;3;56,0
HJXXIII;UNIDADE INTERNAÇÃO - QUEIMADOS GRAVES 9º ANDAR;2020;3;180;3;60,0
HJXXIII;UNIDADE INTERNAÇÃO - QUEIMADOS GRAVES 9º ANDAR;2020;4;50;3;16,666666666666668
HJXXIII;UNIDADE INTERNAÇÃO - QUEIMADOS GRAVES 9º ANDAR;2020;5;35;1;35,0
HJXXIII;UNIDADE INTERNAÇÃO - QUEIMADOS GRAVES 9º ANDAR;2020;6;131;4;32,75
HJXXIII;UNIDADE INTERNAÇÃO - QUEIMADOS GRAVES 9º ANDAR;2020;8;14;3;4,666666666666667
HJXXIII;UNIDADE INTERNAÇÃO - QUEIMADOS GRAVES 9º ANDAR;2020;9;15;2;7,5
HJXXIII;UNIDADE INTERNAÇÃO - QUEIMADOS GRAVES 9º ANDAR;2020;10;20;3;6,666666666666667
HJXXIII;UNIDADE INTERNAÇÃO - QUEIMADOS GRAVES 9º ANDAR;2020;11;44;2;22,0
HJXXIII;UNIDADE INTERNAÇÃO - QUEIMADOS GRAVES 9º ANDAR;2020;12;107;5;21,4
HJXXIII;UNIDADE INTERNAÇÃO - QUEIMADOS GRAVES 9º ANDAR;2021;1;43;2;21,5
HJXXIII;UNIDADE INTERNAÇÃO - QUEIMADOS GRAVES 9º ANDAR;2021;2;4;1;4,0
HJXXIII;UNIDADE INTERNAÇÃO - QUEIMADOS GRAVES 9º ANDAR;2021;3;4;1;4,0
HJXXIII;UNIDADE INTERNAÇÃO - QUEIMADOS GRAVES 9º ANDAR;2021;4;98;3;32,666666666666664
HJXXIII;UNIDADE INTERNAÇÃO - QUEIMADOS GRAVES 9º ANDAR;2021;5;72;4;18,0
HJXXIII;UNIDADE INTERNAÇÃO - QUEIMADOS GRAVES 9º ANDAR;2021;6;44;2;22,0
HJXXIII;UNIDADE INTERNAÇÃO - QUEIMADOS GRAVES 9º ANDAR;2021;7;33;2;16,5
HJXXIII;UNIDADE INTERNAÇÃO - QUEIMADOS GRAVES 9º ANDAR;2021;8;47;2;23,5
HJXXIII;UNIDADE INTERNAÇÃO - QUEIMADOS GRAVES 9º ANDAR;2021;9;60;2;30,0
HJXXIII;UNIDADE INTERNAÇÃO - QUEIMADOS GRAVES 9º ANDAR;2021;11;83;2;41,5
HJXXIII;UNIDADE INTERNAÇÃO - QUEIMADOS GRAVES 9º ANDAR;2022;1;211;3;70,33333333333333
HJXXIII;UNIDADE INTERNAÇÃO - QUEIMADOS GRAVES 9º ANDAR;2022;3;57;3;19,0
HJXXIII;UNIDADE INTERNAÇÃO - QUEIMADOS GRAVES 9º ANDAR;2022;4;27;1;27,0
HJXXIII;UNIDADE INTERNAÇÃO - QUEIMADOS GRAVES 9º ANDAR;2022;6;5;1;5,0
HJXXIII;UNIDADE INTERNAÇÃO - QUEIMADOS GRAVES 9º ANDAR;2022;7;76;3;25,333333333333332
HJXXIII;UNIDADE INTERNAÇÃO - QUEIMADOS GRAVES 9º ANDAR;2022;9;117;2;58,5
HJXXIII;UNIDADE INTERNAÇÃO - QUEIMADOS GRAVES 9º ANDAR;2022;10;121;3;40,333333333333336
HJXXIII;UNIDADE INTERNAÇÃO - QUEIMADOS GRAVES 9º ANDAR;2022;11;3;1;3,0
HJXXIII;UNIDADE INTERNAÇÃO - QUEIMADOS GRAVES 9º ANDAR;2023;1;83;5;16,6
HJXXIII;UNIDADE INTERNAÇÃO - QUEIMADOS GRAVES 9º ANDAR;2023;2;98;4;24,5
HJXXIII;UNIDADE INTERNAÇÃO - QUEIMADOS GRAVES 9º ANDAR;2023;3;153;5;30,6
HJXXIII;UNIDADE INTERNAÇÃO - QUEIMADOS GRAVES 9º ANDAR;2023;4;5;1;5,0
HJXXIII;UNIDADE INTERNAÇÃO - QUEIMADOS GRAVES 9º ANDAR;2023;5;5;2;2,5
HJXXIII;UNIDADE INTERNAÇÃO - QUEIMADOS GRAVES 9º ANDAR;2023;6;45;2;22,5
HJXXIII;UNIDADE INTERNAÇÃO - QUEIMADOS GRAVES 9º ANDAR;2023;7;14;1;14,0
HJXXIII;UNIDADE INTERNAÇÃO - QUEIMADOS GRAVES 9º ANDAR;2023;8;92;3;30,666666666666668
HJXXIII;UNIDADE INTERNAÇÃO - QUEIMADOS GRAVES 9º ANDAR;2023;9;63;3;21,0
HJXXIII;UNIDADE INTERNAÇÃO - QUEIMADOS GRAVES 9º ANDAR;2023;10;182;3;60,666666666666664
HJXXIII;UNIDADE INTERNAÇÃO - QUEIMADOS GRAVES 9º ANDAR;2023;11;81;6;13,5
HJXXIII;UNIDADE INTERNAÇÃO - QUEIMADOS GRAVES 9º ANDAR;2023;12;52;2;26,0
HJXXIII;UNIDADE INTERNAÇÃO - QUEIMADOS GRAVES 9º ANDAR;2024;1;153;4;38,25
HJXXIII;UNIDADE INTERNAÇÃO - QUEIMADOS GRAVES 9º ANDAR;2024;2;18;1;18,0
HJXXIII;UNIDADE INTERNAÇÃO - QUEIMADOS GRAVES 9º ANDAR;2024;3;131;3;43,666666666666664
HJXXIII;UNIDADE INTERNAÇÃO - QUEIMADOS GRAVES 9º ANDAR;2024;4;144;6;24,0
HJXXIII;UNIDADE INTERNAÇÃO - QUEIMADOS GRAVES 9º ANDAR;2024;5;78;2;39,0
HJXXIII;UNIDADE INTERNAÇÃO - QUEIMADOS GRAVES 9º ANDAR;2024;6;7;1;7,0
HJXXIII;UNIDADE INTERNAÇÃO - QUEIMADOS GRAVES 9º ANDAR;2024;8;27;2;13,5
HJXXIII;UNIDADE INTERNAÇÃO - QUEIMADOS GRAVES 9º ANDAR;2024;9;19;1;19,0
HJXXIII;UNIDADE INTERNAÇÃO - QUEIMADOS GRAVES 9º ANDAR;2024;11;52;2;26,0
HJXXIII;UNIDADE INTERNAÇÃO - QUEIMADOS GRAVES 9º ANDAR;2024;12;33;2;16,5
HJXXIII;UNIDADE INTERNAÇÃO - QUEIMADOS GRAVES 9º ANDAR;2025;1;69;1;69,0
HJXXIII;UNIDADE INTERNAÇÃO - QUEIMADOS GRAVES 9º ANDAR;2025;2;31;1;31,0
HJXXIII;UNIDADE INTERNAÇÃO - QUEIMADOS GRAVES 9º ANDAR;2025;3;84;4;21,0
HJXXIII;UNIDADE INTERNAÇÃO - QUEIMADOS GRAVES 9º ANDAR;2025;4;60;2;30,0
HJXXIII;UNIDADE INTERNAÇÃO - QUEIMADOS GRAVES 9º ANDAR;2025;5;8;1;8,0
HJXXIII;UNIDADE INTERNAÇÃO - QUEIMADOS GRAVES 9º ANDAR;2025;7;64;4;16,0
HJXXIII;UNIDADE INTERNAÇÃO - QUEIMADOS GRAVES 9º ANDAR;2025;8;38;1;38,0
HJXXIII;UNIDADE INTERNAÇÃO - QUEIMADOS GRAVES 9º ANDAR;2025;10;51;1;51,0
HJXXIII;UNIDADE INTERNAÇÃO - QUEIMADOS GRAVES 9º ANDAR;2025;11;19;1;19,0
HJXXIII;UNIDADE INTERNAÇÃO - QUEIMADOS GRAVES 9º ANDAR;2025;12;206;6;34,333333333333336
HJXXIII;UNIDADE INTERNAÇÃO - QUEIMADOS GRAVES 9º ANDAR;2026;1;8;1;8,0
HJXXIII;UNIDADE INTERNAÇÃO - QUEIMADOS GRAVES 9º ANDAR;2026;3;34;1;34,0
HJXXIII;UNIDADE INTERNAÇÃO - QUEIMADOS GRAVES 9º ANDAR;2026;4;29;1;29,0
HJXXIII;UNIDADE INTERNAÇÃO - QUEIMADOS GRAVES 9º ANDAR;2026;5;55;2;27,5
HJXXIII;UNIDADE INTERNAÇÃO - QUEIMADOS GRAVES 9º ANDAR;2026;6;11;1;11,0
HJXXIII;UNIDADE INTERNAÇÃO - QUEIMADOS MÉDIOS - 8º ANDAR;2019;1;685;28;24,464285714285715
HJXXIII;UNIDADE INTERNAÇÃO - QUEIMADOS MÉDIOS - 8º ANDAR;2019;2;907;33;27,484848484848484
HJXXIII;UNIDADE INTERNAÇÃO - QUEIMADOS MÉDIOS - 8º ANDAR;2019;3;943;32;29,46875
HJXXIII;UNIDADE INTERNAÇÃO - QUEIMADOS MÉDIOS - 8º ANDAR;2019;4;921;35;26,314285714285713
HJXXIII;UNIDADE INTERNAÇÃO - QUEIMADOS MÉDIOS - 8º ANDAR;2019;5;740;29;25,517241379310345
HJXXIII;UNIDADE INTERNAÇÃO - QUEIMADOS MÉDIOS - 8º ANDAR;2019;6;770;25;30,8
HJXXIII;UNIDADE INTERNAÇÃO - QUEIMADOS MÉDIOS - 8º ANDAR;2019;7;823;30;27,433333333333334
HJXXIII;UNIDADE INTERNAÇÃO - QUEIMADOS MÉDIOS - 8º ANDAR;2019;8;999;35;28,542857142857144
HJXXIII;UNIDADE INTERNAÇÃO - QUEIMADOS MÉDIOS - 8º ANDAR;2019;9;860;44;19,545454545454547
HJXXIII;UNIDADE INTERNAÇÃO - QUEIMADOS MÉDIOS - 8º ANDAR;2019;10;876;34;25,764705882352942
HJXXIII;UNIDADE INTERNAÇÃO - QUEIMADOS MÉDIOS - 8º ANDAR;2019;11;794;31;25,612903225806452
HJXXIII;UNIDADE INTERNAÇÃO - QUEIMADOS MÉDIOS - 8º ANDAR;2019;12;893;36;24,805555555555557
HJXXIII;UNIDADE INTERNAÇÃO - QUEIMADOS MÉDIOS - 8º ANDAR;2020;1;850;34;25,0
HJXXIII;UNIDADE INTERNAÇÃO - QUEIMADOS MÉDIOS - 8º ANDAR;2020;2;869;35;24,82857142857143
HJXXIII;UNIDADE INTERNAÇÃO - QUEIMADOS MÉDIOS - 8º ANDAR;2020;3;924;35;26,4
HJXXIII;UNIDADE INTERNAÇÃO - QUEIMADOS MÉDIOS - 8º ANDAR;2020;4;715;26;27,5
HJXXIII;UNIDADE INTERNAÇÃO - QUEIMADOS MÉDIOS - 8º ANDAR;2020;5;972;40;24,3
HJXXIII;UNIDADE INTERNAÇÃO - QUEIMADOS MÉDIOS - 8º ANDAR;2020;6;1136;44;25,818181818181817
HJXXIII;UNIDADE INTERNAÇÃO - QUEIMADOS MÉDIOS - 8º ANDAR;2020;7;627;23;27,26086956521739
HJXXIII;UNIDADE INTERNAÇÃO - QUEIMADOS MÉDIOS - 8º ANDAR;2020;8;1060;40;26,5
HJXXIII;UNIDADE INTERNAÇÃO - QUEIMADOS MÉDIOS - 8º ANDAR;2020;9;815;32;25,46875
HJXXIII;UNIDADE INTERNAÇÃO - QUEIMADOS MÉDIOS - 8º ANDAR;2020;10;774;30;25,8
HJXXIII;UNIDADE INTERNAÇÃO - QUEIMADOS MÉDIOS - 8º ANDAR;2020;11;637;24;26,541666666666668
HJXXIII;UNIDADE INTERNAÇÃO - QUEIMADOS MÉDIOS - 8º ANDAR;2020;12;947;34;27,852941176470587
HJXXIII;UNIDADE INTERNAÇÃO - QUEIMADOS MÉDIOS - 8º ANDAR;2021;1;918;30;30,6
HJXXIII;UNIDADE INTERNAÇÃO - QUEIMADOS MÉDIOS - 8º ANDAR;2021;2;1048;28;37,42857142857143
HJXXIII;UNIDADE INTERNAÇÃO - QUEIMADOS MÉDIOS - 8º ANDAR;2021;3;1034;32;32,3125
HJXXIII;UNIDADE INTERNAÇÃO - QUEIMADOS MÉDIOS - 8º ANDAR;2021;4;660;24;27,5
HJXXIII;UNIDADE INTERNAÇÃO - QUEIMADOS MÉDIOS - 8º ANDAR;2021;5;757;30;25,233333333333334
HJXXIII;UNIDADE INTERNAÇÃO - QUEIMADOS MÉDIOS - 8º ANDAR;2021;6;823;32;25,71875
HJXXIII;UNIDADE INTERNAÇÃO - QUEIMADOS MÉDIOS - 8º ANDAR;2021;7;958;35;27,37142857142857
HJXXIII;UNIDADE INTERNAÇÃO - QUEIMADOS MÉDIOS - 8º ANDAR;2021;8;918;31;29,612903225806452
HJXXIII;UNIDADE INTERNAÇÃO - QUEIMADOS MÉDIOS - 8º ANDAR;2021;9;1067;34;31,38235294117647
HJXXIII;UNIDADE INTERNAÇÃO - QUEIMADOS MÉDIOS - 8º ANDAR;2021;10;686;28;24,5
HJXXIII;UNIDADE INTERNAÇÃO - QUEIMADOS MÉDIOS - 8º ANDAR;2021;11;868;31;28,0
HJXXIII;UNIDADE INTERNAÇÃO - QUEIMADOS MÉDIOS - 8º ANDAR;2021;12;923;31;29,774193548387096
HJXXIII;UNIDADE INTERNAÇÃO - QUEIMADOS MÉDIOS - 8º ANDAR;2022;1;997;34;29,323529411764707
HJXXIII;UNIDADE INTERNAÇÃO - QUEIMADOS MÉDIOS - 8º ANDAR;2022;2;725;24;30,208333333333332
HJXXIII;UNIDADE INTERNAÇÃO - QUEIMADOS MÉDIOS - 8º ANDAR;2022;3;962;32;30,0625
HJXXIII;UNIDADE INTERNAÇÃO - QUEIMADOS MÉDIOS - 8º ANDAR;2022;4;878;35;25,085714285714285
HJXXIII;UNIDADE INTERNAÇÃO - QUEIMADOS MÉDIOS - 8º ANDAR;2022;5;728;26;28,0
HJXXIII;UNIDADE INTERNAÇÃO - QUEIMADOS MÉDIOS - 8º ANDAR;2022;6;963;30;32,1
HJXXIII;UNIDADE INTERNAÇÃO - QUEIMADOS MÉDIOS - 8º ANDAR;2022;7;846;30;28,2
HJXXIII;UNIDADE INTERNAÇÃO - QUEIMADOS MÉDIOS - 8º ANDAR;2022;8;982;37;26,54054054054054
HJXXIII;UNIDADE INTERNAÇÃO - QUEIMADOS MÉDIOS - 8º ANDAR;2022;9;481;25;19,24
HJXXIII;UNIDADE INTERNAÇÃO - QUEIMADOS MÉDIOS - 8º ANDAR;2022;10;868;30;28,933333333333334
HJXXIII;UNIDADE INTERNAÇÃO - QUEIMADOS MÉDIOS - 8º ANDAR;2022;11;741;27;27,444444444444443
HJXXIII;UNIDADE INTERNAÇÃO - QUEIMADOS MÉDIOS - 8º ANDAR;2022;12;722;20;36,1
HJXXIII;UNIDADE INTERNAÇÃO - QUEIMADOS MÉDIOS - 8º ANDAR;2023;1;1088;30;36,266666666666666
HJXXIII;UNIDADE INTERNAÇÃO - QUEIMADOS MÉDIOS - 8º ANDAR;2023;2;584;22;26,545454545454547
HJXXIII;UNIDADE INTERNAÇÃO - QUEIMADOS MÉDIOS - 8º ANDAR;2023;3;670;29;23,103448275862068
HJXXIII;UNIDADE INTERNAÇÃO - QUEIMADOS MÉDIOS - 8º ANDAR;2023;4;787;28;28,107142857142858
HJXXIII;UNIDADE INTERNAÇÃO - QUEIMADOS MÉDIOS - 8º ANDAR;2023;5;634;22;28,818181818181817
HJXXIII;UNIDADE INTERNAÇÃO - QUEIMADOS MÉDIOS - 8º ANDAR;2023;6;919;28;32,82142857142857
HJXXIII;UNIDADE INTERNAÇÃO - QUEIMADOS MÉDIOS - 8º ANDAR;2023;7;807;24;33,625
HJXXIII;UNIDADE INTERNAÇÃO - QUEIMADOS MÉDIOS - 8º ANDAR;2023;8;942;29;32,48275862068966
HJXXIII;UNIDADE INTERNAÇÃO - QUEIMADOS MÉDIOS - 8º ANDAR;2023;9;641;27;23,74074074074074
HJXXIII;UNIDADE INTERNAÇÃO - QUEIMADOS MÉDIOS - 8º ANDAR;2023;10;1308;36;36,333333333333336
HJXXIII;UNIDADE INTERNAÇÃO - QUEIMADOS MÉDIOS - 8º ANDAR;2023;11;438;23;19,043478260869566
HJXXIII;UNIDADE INTERNAÇÃO - QUEIMADOS MÉDIOS - 8º ANDAR;2023;12;903;24;37,625
HJXXIII;UNIDADE INTERNAÇÃO - QUEIMADOS MÉDIOS - 8º ANDAR;2024;1;864;26;33,23076923076923
HJXXIII;UNIDADE INTERNAÇÃO - QUEIMADOS MÉDIOS - 8º ANDAR;2024;2;851;30;28,366666666666667
HJXXIII;UNIDADE INTERNAÇÃO - QUEIMADOS MÉDIOS - 8º ANDAR;2024;3;711;27;26,333333333333332
HJXXIII;UNIDADE INTERNAÇÃO - QUEIMADOS MÉDIOS - 8º ANDAR;2024;4;457;22;20,772727272727273
HJXXIII;UNIDADE INTERNAÇÃO - QUEIMADOS MÉDIOS - 8º ANDAR;2024;5;738;33;22,363636363636363
HJXXIII;UNIDADE INTERNAÇÃO - QUEIMADOS MÉDIOS - 8º ANDAR;2024;6;751;28;26,821428571428573
HJXXIII;UNIDADE INTERNAÇÃO - QUEIMADOS MÉDIOS - 8º ANDAR;2024;7;782;31;25,225806451612904
HJXXIII;UNIDADE INTERNAÇÃO - QUEIMADOS MÉDIOS - 8º ANDAR;2024;8;370;18;20,555555555555557
HJXXIII;UNIDADE INTERNAÇÃO - QUEIMADOS MÉDIOS - 8º ANDAR;2024;9;866;31;27,93548387096774
HJXXIII;UNIDADE INTERNAÇÃO - QUEIMADOS MÉDIOS - 8º ANDAR;2024;10;1004;27;37,18518518518518
HJXXIII;UNIDADE INTERNAÇÃO - QUEIMADOS MÉDIOS - 8º ANDAR;2024;11;822;27;30,444444444444443
HJXXIII;UNIDADE INTERNAÇÃO - QUEIMADOS MÉDIOS - 8º ANDAR;2024;12;818;23;35,56521739130435
HJXXIII;UNIDADE INTERNAÇÃO - QUEIMADOS MÉDIOS - 8º ANDAR;2025;1;879;37;23,756756756756758
HJXXIII;UNIDADE INTERNAÇÃO - QUEIMADOS MÉDIOS - 8º ANDAR;2025;2;703;25;28,12
HJXXIII;UNIDADE INTERNAÇÃO - QUEIMADOS MÉDIOS - 8º ANDAR;2025;3;971;36;26,97222222222222
HJXXIII;UNIDADE INTERNAÇÃO - QUEIMADOS MÉDIOS - 8º ANDAR;2025;4;730;33;22,12121212121212
HJXXIII;UNIDADE INTERNAÇÃO - QUEIMADOS MÉDIOS - 8º ANDAR;2025;5;622;30;20,733333333333334
HJXXIII;UNIDADE INTERNAÇÃO - QUEIMADOS MÉDIOS - 8º ANDAR;2025;6;1142;36;31,72222222222222
HJXXIII;UNIDADE INTERNAÇÃO - QUEIMADOS MÉDIOS - 8º ANDAR;2025;7;904;32;28,25
HJXXIII;UNIDADE INTERNAÇÃO - QUEIMADOS MÉDIOS - 8º ANDAR;2025;8;718;35;20,514285714285716
HJXXIII;UNIDADE INTERNAÇÃO - QUEIMADOS MÉDIOS - 8º ANDAR;2025;9;876;35;25,02857142857143
HJXXIII;UNIDADE INTERNAÇÃO - QUEIMADOS MÉDIOS - 8º ANDAR;2025;10;700;29;24,137931034482758
HJXXIII;UNIDADE INTERNAÇÃO - QUEIMADOS MÉDIOS - 8º ANDAR;2025;11;1058;35;30,228571428571428
HJXXIII;UNIDADE INTERNAÇÃO - QUEIMADOS MÉDIOS - 8º ANDAR;2025;12;1238;38;32,578947368421055
HJXXIII;UNIDADE INTERNAÇÃO - QUEIMADOS MÉDIOS - 8º ANDAR;2026;1;719;30;23,966666666666665
HJXXIII;UNIDADE INTERNAÇÃO - QUEIMADOS MÉDIOS - 8º ANDAR;2026;2;570;25;22,8
HJXXIII;UNIDADE INTERNAÇÃO - QUEIMADOS MÉDIOS - 8º ANDAR;2026;3;776;29;26,75862068965517
HJXXIII;UNIDADE INTERNAÇÃO - QUEIMADOS MÉDIOS - 8º ANDAR;2026;4;873;38;22,973684210526315
HJXXIII;UNIDADE INTERNAÇÃO - QUEIMADOS MÉDIOS - 8º ANDAR;2026;5;699;37;18,89189189189189
HJXXIII;UNIDADE INTERNAÇÃO - QUEIMADOS MÉDIOS - 8º ANDAR;2026;6;995;37;26,89189189189189
HJXXIII;UTI;2019;1;261;26;10,038461538461538
HJXXIII;UTI;2019;2;200;17;11,764705882352942
HJXXIII;UTI;2019;3;240;23;10,434782608695652
HJXXIII;UTI;2019;4;76;12;6,333333333333333
HJXXIII;UTI;2019;5;410;37;11,08108108108108
HJXXIII;UTI;2019;6;173;17;10,176470588235293
HJXXIII;UTI;2019;7;393;28;14,035714285714286
HJXXIII;UTI;2019;8;355;27;13,148148148148149
HJXXIII;UTI;2019;9;159;16;9,9375
HJXXIII;UTI;2019;10;405;29;13,96551724137931
HJXXIII;UTI;2019;11;115;11;10,454545454545455
HJXXIII;UTI;2019;12;115;21;5,476190476190476
HJXXIII;UTI;2020;1;191;19;10,052631578947368
HJXXIII;UTI;2020;2;90;12;7,5
HJXXIII;UTI;2020;3;385;23;16,73913043478261
HJXXIII;UTI;2020;4;249;23;10,826086956521738
HJXXIII;UTI;2020;5;183;23;7,956521739130435
HJXXIII;UTI;2020;6;256;26;9,846153846153847
HJXXIII;UTI;2020;7;388;28;13,857142857142858
HJXXIII;UTI;2020;8;120;11;10,909090909090908
HJXXIII;UTI;2020;9;193;19;10,157894736842104
HJXXIII;UTI;2020;10;471;31;15,193548387096774
HJXXIII;UTI;2020;11;291;24;12,125
HJXXIII;UTI;2020;12;298;28;10,642857142857142
HJXXIII;UTI;2021;1;329;31;10,612903225806452
HJXXIII;UTI;2021;2;270;27;10,0
HJXXIII;UTI;2021;3;338;33;10,242424242424242
HJXXIII;UTI;2021;4;643;42;15,30952380952381
HJXXIII;UTI;2021;5;495;37;13,378378378378379
HJXXIII;UTI;2021;6;362;18;20,11111111111111
HJXXIII;UTI;2021;7;424;27;15,703703703703704
HJXXIII;UTI;2021;8;207;26;7,961538461538462
HJXXIII;UTI;2021;9;411;27;15,222222222222221
HJXXIII;UTI;2021;10;318;29;10,96551724137931
HJXXIII;UTI;2021;11;378;22;17,181818181818183
HJXXIII;UTI;2021;12;566;27;20,962962962962962
HJXXIII;UTI;2022;1;299;33;9,06060606060606
HJXXIII;UTI;2022;2;224;21;10,666666666666666
HJXXIII;UTI;2022;3;169;26;6,5
HJXXIII;UTI;2022;4;271;17;15,941176470588236
HJXXIII;UTI;2022;5;376;31;12,129032258064516
HJXXIII;UTI;2022;6;284;20;14,2
HJXXIII;UTI;2022;7;219;29;7,551724137931035
HJXXIII;UTI;2022;8;478;31;15,419354838709678
HJXXIII;UTI;2022;9;266;25;10,64
HJXXIII;UTI;2022;10;295;21;14,047619047619047
HJXXIII;UTI;2022;11;303;20;15,15
HJXXIII;UTI;2022;12;244;24;10,166666666666666
HJXXIII;UTI;2023;1;281;23;12,217391304347826
HJXXIII;UTI;2023;2;246;28;8,785714285714286
HJXXIII;UTI;2023;3;351;34;10,323529411764707
HJXXIII;UTI;2023;4;191;29;6,586206896551724
HJXXIII;UTI;2023;5;673;27;24,925925925925927
HJXXIII;UTI;2023;6;479;27;17,74074074074074
HJXXIII;UTI;2023;7;322;34;9,470588235294118
HJXXIII;UTI;2023;8;233;13;17,923076923076923
HJXXIII;UTI;2023;9;380;31;12,258064516129032
HJXXIII;UTI;2023;10;677;36;18,805555555555557
HJXXIII;UTI;2023;11;309;22;14,045454545454545
HJXXIII;UTI;2023;12;268;27;9,925925925925926
HJXXIII;UTI;2024;1;165;24;6,875
HJXXIII;UTI;2024;2;324;21;15,428571428571429
HJXXIII;UTI;2024;3;382;29;13,172413793103448
HJXXIII;UTI;2024;4;199;21;9,476190476190476
HJXXIII;UTI;2024;5;432;38;11,368421052631579
HJXXIII;UTI;2024;6;284;16;17,75
HJXXIII;UTI;2024;7;268;36;7,444444444444445
HJXXIII;UTI;2024;8;172;20;8,6
HJXXIII;UTI;2024;9;558;23;24,26086956521739
HJXXIII;UTI;2024;10;207;17;12,176470588235293
HJXXIII;UTI;2024;11;415;29;14,310344827586206
HJXXIII;UTI;2024;12;238;32;7,4375
HJXXIII;UTI;2025;1;286;35;8,17142857142857
HJXXIII;UTI;2025;2;419;36;11,63888888888889
HJXXIII;UTI;2025;3;410;46;8,91304347826087
HJXXIII;UTI;2025;4;184;34;5,411764705882353
HJXXIII;UTI;2025;5;224;31;7,225806451612903
HJXXIII;UTI;2025;6;316;30;10,533333333333333
HJXXIII;UTI;2025;7;298;30;9,933333333333334
HJXXIII;UTI;2025;8;157;21;7,476190476190476
HJXXIII;UTI;2025;9;315;25;12,6
HJXXIII;UTI;2025;10;301;34;8,852941176470589
HJXXIII;UTI;2025;11;342;34;10,058823529411764
HJXXIII;UTI;2025;12;134;27;4,962962962962963
HJXXIII;UTI;2026;1;230;25;9,2
HJXXIII;UTI;2026;2;324;28;11,571428571428571
HJXXIII;UTI;2026;3;302;23;13,130434782608695
HJXXIII;UTI;2026;4;215;30;7,166666666666667
HJXXIII;UTI;2026;5;338;34;9,941176470588236
HJXXIII;UTI;2026;6;270;32;8,4375
HJXXIII;UTI -  PEDIATRICO 2º ANDAR;2019;1;90;15;6,0
HJXXIII;UTI -  PEDIATRICO 2º ANDAR;2019;2;35;5;7,0
HJXXIII;UTI -  PEDIATRICO 2º ANDAR;2019;3;59;14;4,214285714285714
HJXXIII;UTI -  PEDIATRICO 2º ANDAR;2019;4;168;27;6,222222222222222
HJXXIII;UTI -  PEDIATRICO 2º ANDAR;2019;5;133;19;7,0
HJXXIII;UTI -  PEDIATRICO 2º ANDAR;2019;6;304;36;8,444444444444445
HJXXIII;UTI -  PEDIATRICO 2º ANDAR;2019;7;83;15;5,533333333333333
HJXXIII;UTI -  PEDIATRICO 2º ANDAR;2019;8;13;3;4,333333333333333
HJXXIII;UTI -  PEDIATRICO 2º ANDAR;2019;9;95;8;11,875
HJXXIII;UTI -  PEDIATRICO 2º ANDAR;2019;10;27;5;5,4
HJXXIII;UTI -  PEDIATRICO 2º ANDAR;2019;11;182;15;12,133333333333333
HJXXIII;UTI -  PEDIATRICO 2º ANDAR;2019;12;66;11;6,0
HJXXIII;UTI -  PEDIATRICO 2º ANDAR;2020;1;53;8;6,625
HJXXIII;UTI -  PEDIATRICO 2º ANDAR;2020;2;51;12;4,25
HJXXIII;UTI -  PEDIATRICO 2º ANDAR;2020;3;121;22;5,5
HJXXIII;UTI -  PEDIATRICO 2º ANDAR;2020;4;222;36;6,166666666666667
HJXXIII;UTI -  PEDIATRICO 2º ANDAR;2020;5;178;19;9,368421052631579
HJXXIII;UTI -  PEDIATRICO 2º ANDAR;2020;6;190;16;11,875
HJXXIII;UTI -  PEDIATRICO 2º ANDAR;2020;7;208;25;8,32
HJXXIII;UTI -  PEDIATRICO 2º ANDAR;2020;8;136;28;4,857142857142857
HJXXIII;UTI -  PEDIATRICO 2º ANDAR;2020;9;192;21;9,142857142857142
HJXXIII;UTI -  PEDIATRICO 2º ANDAR;2020;10;82;22;3,727272727272727
HJXXIII;UTI -  PEDIATRICO 2º ANDAR;2020;11;166;25;6,64
HJXXIII;UTI -  PEDIATRICO 2º ANDAR;2020;12;119;20;5,95
HJXXIII;UTI -  PEDIATRICO 2º ANDAR;2021;1;111;15;7,4
HJXXIII;UTI -  PEDIATRICO 2º ANDAR;2021;2;138;17;8,117647058823529
HJXXIII;UTI -  PEDIATRICO 2º ANDAR;2021;3;231;39;5,923076923076923
HJXXIII;UTI -  PEDIATRICO 2º ANDAR;2021;4;126;33;3,8181818181818183
HJXXIII;UTI -  PEDIATRICO 2º ANDAR;2021;5;217;30;7,233333333333333
HJXXIII;UTI -  PEDIATRICO 2º ANDAR;2021;6;169;34;4,970588235294118
HJXXIII;UTI -  PEDIATRICO 2º ANDAR;2021;7;167;28;5,964285714285714
HJXXIII;UTI -  PEDIATRICO 2º ANDAR;2021;8;72;21;3,4285714285714284
HJXXIII;UTI -  PEDIATRICO 2º ANDAR;2021;9;91;25;3,64
HJXXIII;UTI -  PEDIATRICO 2º ANDAR;2021;10;227;38;5,973684210526316
HJXXIII;UTI -  PEDIATRICO 2º ANDAR;2021;11;170;35;4,857142857142857
HJXXIII;UTI -  PEDIATRICO 2º ANDAR;2021;12;190;45;4,222222222222222
HJXXIII;UTI -  PEDIATRICO 2º ANDAR;2022;1;142;31;4,580645161290323
HJXXIII;UTI -  PEDIATRICO 2º ANDAR;2022;2;241;47;5,127659574468085
HJXXIII;UTI -  PEDIATRICO 2º ANDAR;2022;3;250;71;3,5211267605633805
HJXXIII;UTI -  PEDIATRICO 2º ANDAR;2022;4;287;63;4,555555555555555
HJXXIII;UTI -  PEDIATRICO 2º ANDAR;2022;5;225;36;6,25
HJXXIII;UTI -  PEDIATRICO 2º ANDAR;2022;6;135;33;4,090909090909091
HJXXIII;UTI -  PEDIATRICO 2º ANDAR;2022;7;209;48;4,354166666666667
HJXXIII;UTI -  PEDIATRICO 2º ANDAR;2022;8;165;42;3,9285714285714284
HJXXIII;UTI -  PEDIATRICO 2º ANDAR;2022;9;312;78;4,0
HJXXIII;UTI -  PEDIATRICO 2º ANDAR;2022;10;259;53;4,886792452830188
HJXXIII;UTI -  PEDIATRICO 2º ANDAR;2022;11;244;54;4,518518518518518
HJXXIII;UTI -  PEDIATRICO 2º ANDAR;2022;12;178;37;4,8108108108108105
HJXXIII;UTI -  PEDIATRICO 2º ANDAR;2023;1;211;36;5,861111111111111
HJXXIII;UTI -  PEDIATRICO 2º ANDAR;2023;2;179;44;4,068181818181818
HJXXIII;UTI -  PEDIATRICO 2º ANDAR;2023;3;240;45;5,333333333333333
HJXXIII;UTI -  PEDIATRICO 2º ANDAR;2023;4;300;53;5,660377358490566
HJXXIII;UTI -  PEDIATRICO 2º ANDAR;2023;5;240;63;3,8095238095238093
HJXXIII;UTI -  PEDIATRICO 2º ANDAR;2023;6;166;39;4,256410256410256
HJXXIII;UTI -  PEDIATRICO 2º ANDAR;2023;7;208;25;8,32
HJXXIII;UTI -  PEDIATRICO 2º ANDAR;2023;8;197;25;7,88
HJXXIII;UTI -  PEDIATRICO 2º ANDAR;2023;9;211;27;7,814814814814815
HJXXIII;UTI -  PEDIATRICO 2º ANDAR;2023;10;149;27;5,518518518518518
HJXXIII;UTI -  PEDIATRICO 2º ANDAR;2023;11;150;18;8,333333333333334
HJXXIII;UTI -  PEDIATRICO 2º ANDAR;2023;12;194;25;7,76
HJXXIII;UTI -  PEDIATRICO 2º ANDAR;2024;1;76;16;4,75
HJXXIII;UTI -  PEDIATRICO 2º ANDAR;2024;2;60;18;3,3333333333333335
HJXXIII;UTI -  PEDIATRICO 2º ANDAR;2024;3;99;28;3,5357142857142856
HJXXIII;UTI -  PEDIATRICO 2º ANDAR;2024;4;273;51;5,352941176470588
HJXXIII;UTI -  PEDIATRICO 2º ANDAR;2024;5;289;45;6,4222222222222225
HJXXIII;UTI -  PEDIATRICO 2º ANDAR;2024;6;157;25;6,28
HJXXIII;UTI -  PEDIATRICO 2º ANDAR;2024;7;226;37;6,108108108108108
HJXXIII;UTI -  PEDIATRICO 2º ANDAR;2024;8;124;24;5,166666666666667
HJXXIII;UTI -  PEDIATRICO 2º ANDAR;2024;9;172;14;12,285714285714286
HJXXIII;UTI -  PEDIATRICO 2º ANDAR;2024;10;42;11;3,8181818181818183
HJXXIII;UTI -  PEDIATRICO 2º ANDAR;2024;11;63;19;3,3157894736842106
HJXXIII;UTI -  PEDIATRICO 2º ANDAR;2024;12;170;22;7,7272727272727275
HJXXIII;UTI -  PEDIATRICO 2º ANDAR;2025;1;91;18;5,055555555555555
HJXXIII;UTI -  PEDIATRICO 2º ANDAR;2025;2;196;17;11,529411764705882
HJXXIII;UTI -  PEDIATRICO 2º ANDAR;2025;3;126;23;5,478260869565218
HJXXIII;UTI -  PEDIATRICO 2º ANDAR;2025;4;248;35;7,085714285714285
HJXXIII;UTI -  PEDIATRICO 2º ANDAR;2025;5;313;57;5,491228070175438
HJXXIII;UTI -  PEDIATRICO 2º ANDAR;2025;6;379;84;4,511904761904762
HJXXIII;UTI -  PEDIATRICO 2º ANDAR;2025;7;164;25;6,56
HJXXIII;UTI -  PEDIATRICO 2º ANDAR;2025;8;166;38;4,368421052631579
HJXXIII;UTI -  PEDIATRICO 2º ANDAR;2025;9;71;15;4,733333333333333
HJXXIII;UTI -  PEDIATRICO 2º ANDAR;2025;10;52;14;3,7142857142857144
HJXXIII;UTI -  PEDIATRICO 2º ANDAR;2025;11;98;25;3,92
HJXXIII;UTI -  PEDIATRICO 2º ANDAR;2025;12;120;22;5,454545454545454
HJXXIII;UTI -  PEDIATRICO 2º ANDAR;2026;1;96;14;6,857142857142857
HJXXIII;UTI -  PEDIATRICO 2º ANDAR;2026;2;61;8;7,625
HJXXIII;UTI -  PEDIATRICO 2º ANDAR;2026;3;165;30;5,5
HJXXIII;UTI -  PEDIATRICO 2º ANDAR;2026;4;219;43;5,093023255813954
HJXXIII;UTI -  PEDIATRICO 2º ANDAR;2026;5;334;76;4,394736842105263
HJXXIII;UTI -  PEDIATRICO 2º ANDAR;2026;6;396;86;4,604651162790698
HMAL;AMBULATORIO DE ORTOPEDIA;2019;9;11;1;11,0
HMAL;AMBULATORIO DE ORTOPEDIA;2020;11;10;1;10,0
HMAL;AMBULATORIO DE ORTOPEDIA;2023;7;1;1;1,0
HMAL;AMBULATORIO DE ORTOPEDIA;2024;9;1;1;1,0
HMAL;BLOCO CIRURGICO;2019;7;1;1;1,0
HMAL;TERAPIA MÃO;2021;5;5;1;5,0
HMAL;UNIDADE DE INTERNAÇÃO - TRAUMATO/ORTOPEDIA A;2019;1;498;56;8,892857142857142
HMAL;UNIDADE DE INTERNAÇÃO - TRAUMATO/ORTOPEDIA A;2019;2;346;61;5,672131147540983
HMAL;UNIDADE DE INTERNAÇÃO - TRAUMATO/ORTOPEDIA A;2019;3;454;60;7,566666666666666
HMAL;UNIDADE DE INTERNAÇÃO - TRAUMATO/ORTOPEDIA A;2019;4;421;62;6,790322580645161
HMAL;UNIDADE DE INTERNAÇÃO - TRAUMATO/ORTOPEDIA A;2019;5;451;71;6,352112676056338
HMAL;UNIDADE DE INTERNAÇÃO - TRAUMATO/ORTOPEDIA A;2019;6;364;54;6,7407407407407405
HMAL;UNIDADE DE INTERNAÇÃO - TRAUMATO/ORTOPEDIA A;2019;7;553;60;9,216666666666667
HMAL;UNIDADE DE INTERNAÇÃO - TRAUMATO/ORTOPEDIA A;2019;8;406;73;5,561643835616438
HMAL;UNIDADE DE INTERNAÇÃO - TRAUMATO/ORTOPEDIA A;2019;9;330;57;5,7894736842105265
HMAL;UNIDADE DE INTERNAÇÃO - TRAUMATO/ORTOPEDIA A;2019;10;378;60;6,3
HMAL;UNIDADE DE INTERNAÇÃO - TRAUMATO/ORTOPEDIA A;2019;11;376;57;6,5964912280701755
HMAL;UNIDADE DE INTERNAÇÃO - TRAUMATO/ORTOPEDIA A;2019;12;371;64;5,796875
HMAL;UNIDADE DE INTERNAÇÃO - TRAUMATO/ORTOPEDIA A;2020;1;430;51;8,431372549019608
HMAL;UNIDADE DE INTERNAÇÃO - TRAUMATO/ORTOPEDIA A;2020;2;379;49;7,73469387755102
HMAL;UNIDADE DE INTERNAÇÃO - TRAUMATO/ORTOPEDIA A;2020;3;519;60;8,65
HMAL;UNIDADE DE INTERNAÇÃO - TRAUMATO/ORTOPEDIA A;2020;4;415;65;6,384615384615385
HMAL;UNIDADE DE INTERNAÇÃO - TRAUMATO/ORTOPEDIA A;2020;5;410;65;6,3076923076923075
HMAL;UNIDADE DE INTERNAÇÃO - TRAUMATO/ORTOPEDIA A;2020;6;364;77;4,7272727272727275
HMAL;UNIDADE DE INTERNAÇÃO - TRAUMATO/ORTOPEDIA A;2020;7;470;70;6,714285714285714
HMAL;UNIDADE DE INTERNAÇÃO - TRAUMATO/ORTOPEDIA A;2020;8;444;82;5,414634146341464
HMAL;UNIDADE DE INTERNAÇÃO - TRAUMATO/ORTOPEDIA A;2020;9;376;90;4,177777777777778
HMAL;UNIDADE DE INTERNAÇÃO - TRAUMATO/ORTOPEDIA A;2020;10;456;90;5,066666666666666
HMAL;UNIDADE DE INTERNAÇÃO - TRAUMATO/ORTOPEDIA A;2020;11;315;72;4,375
HMAL;UNIDADE DE INTERNAÇÃO - TRAUMATO/ORTOPEDIA A;2020;12;530;82;6,463414634146342
HMAL;UNIDADE DE INTERNAÇÃO - TRAUMATO/ORTOPEDIA A;2021;1;470;81;5,802469135802469
HMAL;UNIDADE DE INTERNAÇÃO - TRAUMATO/ORTOPEDIA A;2021;2;386;62;6,225806451612903
HMAL;UNIDADE DE INTERNAÇÃO - TRAUMATO/ORTOPEDIA A;2021;3;422;67;6,298507462686567
HMAL;UNIDADE DE INTERNAÇÃO - TRAUMATO/ORTOPEDIA A;2021;4;546;67;8,149253731343284
HMAL;UNIDADE DE INTERNAÇÃO - TRAUMATO/ORTOPEDIA A;2021;5;447;65;6,876923076923077
HMAL;UNIDADE DE INTERNAÇÃO - TRAUMATO/ORTOPEDIA A;2021;6;458;71;6,450704225352113
HMAL;UNIDADE DE INTERNAÇÃO - TRAUMATO/ORTOPEDIA A;2021;7;484;72;6,722222222222222
HMAL;UNIDADE DE INTERNAÇÃO - TRAUMATO/ORTOPEDIA A;2021;8;469;78;6,012820512820513
HMAL;UNIDADE DE INTERNAÇÃO - TRAUMATO/ORTOPEDIA A;2021;9;399;71;5,619718309859155
HMAL;UNIDADE DE INTERNAÇÃO - TRAUMATO/ORTOPEDIA A;2021;10;354;61;5,80327868852459
HMAL;UNIDADE DE INTERNAÇÃO - TRAUMATO/ORTOPEDIA A;2021;11;377;48;7,854166666666667
HMAL;UNIDADE DE INTERNAÇÃO - TRAUMATO/ORTOPEDIA A;2021;12;510;64;7,96875
HMAL;UNIDADE DE INTERNAÇÃO - TRAUMATO/ORTOPEDIA A;2022;1;670;56;11,964285714285714
HMAL;UNIDADE DE INTERNAÇÃO - TRAUMATO/ORTOPEDIA A;2022;2;414;57;7,2631578947368425
HMAL;UNIDADE DE INTERNAÇÃO - TRAUMATO/ORTOPEDIA A;2022;3;410;76;5,394736842105263
HMAL;UNIDADE DE INTERNAÇÃO - TRAUMATO/ORTOPEDIA A;2022;4;427;60;7,116666666666666
HMAL;UNIDADE DE INTERNAÇÃO - TRAUMATO/ORTOPEDIA A;2022;5;311;64;4,859375
HMAL;UNIDADE DE INTERNAÇÃO - TRAUMATO/ORTOPEDIA A;2022;6;429;65;6,6
HMAL;UNIDADE DE INTERNAÇÃO - TRAUMATO/ORTOPEDIA A;2022;7;427;89;4,797752808988764
HMAL;UNIDADE DE INTERNAÇÃO - TRAUMATO/ORTOPEDIA A;2022;8;627;82;7,646341463414634
HMAL;UNIDADE DE INTERNAÇÃO - TRAUMATO/ORTOPEDIA A;2022;9;459;99;4,636363636363637
HMAL;UNIDADE DE INTERNAÇÃO - TRAUMATO/ORTOPEDIA A;2022;10;381;98;3,8877551020408165
HMAL;UNIDADE DE INTERNAÇÃO - TRAUMATO/ORTOPEDIA A;2022;11;668;78;8,564102564102564
HMAL;UNIDADE DE INTERNAÇÃO - TRAUMATO/ORTOPEDIA A;2022;12;555;80;6,9375
HMAL;UNIDADE DE INTERNAÇÃO - TRAUMATO/ORTOPEDIA A;2023;1;387;67;5,776119402985074
HMAL;UNIDADE DE INTERNAÇÃO - TRAUMATO/ORTOPEDIA A;2023;2;506;77;6,571428571428571
HMAL;UNIDADE DE INTERNAÇÃO - TRAUMATO/ORTOPEDIA A;2023;3;480;108;4,444444444444445
HMAL;UNIDADE DE INTERNAÇÃO - TRAUMATO/ORTOPEDIA A;2023;4;389;81;4,802469135802469
HMAL;UNIDADE DE INTERNAÇÃO - TRAUMATO/ORTOPEDIA A;2023;5;605;103;5,87378640776699
HMAL;UNIDADE DE INTERNAÇÃO - TRAUMATO/ORTOPEDIA A;2023;6;544;112;4,857142857142857
HMAL;UNIDADE DE INTERNAÇÃO - TRAUMATO/ORTOPEDIA A;2023;7;465;116;4,008620689655173
HMAL;UNIDADE DE INTERNAÇÃO - TRAUMATO/ORTOPEDIA A;2023;8;513;147;3,489795918367347
HMAL;UNIDADE DE INTERNAÇÃO - TRAUMATO/ORTOPEDIA A;2023;9;17114;153;111,85620915032679
HMAL;UNIDADE DE INTERNAÇÃO - TRAUMATO/ORTOPEDIA A;2023;10;354;152;2,3289473684210527
HMAL;UNIDADE DE INTERNAÇÃO - TRAUMATO/ORTOPEDIA A;2023;11;433;144;3,0069444444444446
HMAL;UNIDADE DE INTERNAÇÃO - TRAUMATO/ORTOPEDIA A;2023;12;411;165;2,4909090909090907
HMAL;UNIDADE DE INTERNAÇÃO - TRAUMATO/ORTOPEDIA A;2024;1;349;125;2,792
HMAL;UNIDADE DE INTERNAÇÃO - TRAUMATO/ORTOPEDIA A;2024;2;416;113;3,6814159292035398
HMAL;UNIDADE DE INTERNAÇÃO - TRAUMATO/ORTOPEDIA A;2024;3;567;125;4,536
HMAL;UNIDADE DE INTERNAÇÃO - TRAUMATO/ORTOPEDIA A;2024;4;374;137;2,72992700729927
HMAL;UNIDADE DE INTERNAÇÃO - TRAUMATO/ORTOPEDIA A;2024;5;399;144;2,7708333333333335
HMAL;UNIDADE DE INTERNAÇÃO - TRAUMATO/ORTOPEDIA A;2024;6;433;114;3,7982456140350878
HMAL;UNIDADE DE INTERNAÇÃO - TRAUMATO/ORTOPEDIA A;2024;7;358;119;3,008403361344538
HMAL;UNIDADE DE INTERNAÇÃO - TRAUMATO/ORTOPEDIA A;2024;8;530;124;4,274193548387097
HMAL;UNIDADE DE INTERNAÇÃO - TRAUMATO/ORTOPEDIA A;2024;9;448;121;3,7024793388429753
HMAL;UNIDADE DE INTERNAÇÃO - TRAUMATO/ORTOPEDIA A;2024;10;392;127;3,0866141732283463
HMAL;UNIDADE DE INTERNAÇÃO - TRAUMATO/ORTOPEDIA A;2024;11;377;103;3,6601941747572817
HMAL;UNIDADE DE INTERNAÇÃO - TRAUMATO/ORTOPEDIA A;2024;12;249;83;3,0
HMAL;UNIDADE DE INTERNAÇÃO - TRAUMATO/ORTOPEDIA A;2025;1;559;68;8,220588235294118
HMAL;UNIDADE DE INTERNAÇÃO - TRAUMATO/ORTOPEDIA A;2025;2;213;24;8,875
HMAL;UNIDADE DE INTERNAÇÃO - TRAUMATO/ORTOPEDIA A;2025;3;84;15;5,6
HMAL;UNIDADE DE INTERNAÇÃO - TRAUMATO/ORTOPEDIA B;2019;1;499;71;7,028169014084507
HMAL;UNIDADE DE INTERNAÇÃO - TRAUMATO/ORTOPEDIA B;2019;2;365;65;5,615384615384615
HMAL;UNIDADE DE INTERNAÇÃO - TRAUMATO/ORTOPEDIA B;2019;3;460;59;7,796610169491525
HMAL;UNIDADE DE INTERNAÇÃO - TRAUMATO/ORTOPEDIA B;2019;4;398;58;6,862068965517241
HMAL;UNIDADE DE INTERNAÇÃO - TRAUMATO/ORTOPEDIA B;2019;5;527;72;7,319444444444445
HMAL;UNIDADE DE INTERNAÇÃO - TRAUMATO/ORTOPEDIA B;2019;6;502;70;7,171428571428572
HMAL;UNIDADE DE INTERNAÇÃO - TRAUMATO/ORTOPEDIA B;2019;7;551;84;6,559523809523809
HMAL;UNIDADE DE INTERNAÇÃO - TRAUMATO/ORTOPEDIA B;2019;8;415;61;6,80327868852459
HMAL;UNIDADE DE INTERNAÇÃO - TRAUMATO/ORTOPEDIA B;2019;9;371;61;6,081967213114754
HMAL;UNIDADE DE INTERNAÇÃO - TRAUMATO/ORTOPEDIA B;2019;10;432;79;5,468354430379747
HMAL;UNIDADE DE INTERNAÇÃO - TRAUMATO/ORTOPEDIA B;2019;11;466;75;6,213333333333333
HMAL;UNIDADE DE INTERNAÇÃO - TRAUMATO/ORTOPEDIA B;2019;12;378;62;6,096774193548387
HMAL;UNIDADE DE INTERNAÇÃO - TRAUMATO/ORTOPEDIA B;2020;1;551;75;7,346666666666667
HMAL;UNIDADE DE INTERNAÇÃO - TRAUMATO/ORTOPEDIA B;2020;2;366;78;4,6923076923076925
HMAL;UNIDADE DE INTERNAÇÃO - TRAUMATO/ORTOPEDIA B;2020;3;416;69;6,028985507246377
HMAL;UNIDADE DE INTERNAÇÃO - TRAUMATO/ORTOPEDIA B;2020;4;523;76;6,881578947368421
HMAL;UNIDADE DE INTERNAÇÃO - TRAUMATO/ORTOPEDIA B;2020;5;467;92;5,076086956521739
HMAL;UNIDADE DE INTERNAÇÃO - TRAUMATO/ORTOPEDIA B;2020;6;388;88;4,409090909090909
HMAL;UNIDADE DE INTERNAÇÃO - TRAUMATO/ORTOPEDIA B;2020;7;528;80;6,6
HMAL;UNIDADE DE INTERNAÇÃO - TRAUMATO/ORTOPEDIA B;2020;8;443;83;5,337349397590361
HMAL;UNIDADE DE INTERNAÇÃO - TRAUMATO/ORTOPEDIA B;2020;9;424;89;4,764044943820225
HMAL;UNIDADE DE INTERNAÇÃO - TRAUMATO/ORTOPEDIA B;2020;10;511;106;4,820754716981132
HMAL;UNIDADE DE INTERNAÇÃO - TRAUMATO/ORTOPEDIA B;2020;11;501;87;5,758620689655173
HMAL;UNIDADE DE INTERNAÇÃO - TRAUMATO/ORTOPEDIA B;2020;12;508;111;4,576576576576577
HMAL;UNIDADE DE INTERNAÇÃO - TRAUMATO/ORTOPEDIA B;2021;1;456;97;4,701030927835052
HMAL;UNIDADE DE INTERNAÇÃO - TRAUMATO/ORTOPEDIA B;2021;2;487;79;6,1645569620253164
HMAL;UNIDADE DE INTERNAÇÃO - TRAUMATO/ORTOPEDIA B;2021;3;458;88;5,204545454545454
HMAL;UNIDADE DE INTERNAÇÃO - TRAUMATO/ORTOPEDIA B;2021;4;523;96;5,447916666666667
HMAL;UNIDADE DE INTERNAÇÃO - TRAUMATO/ORTOPEDIA B;2021;5;464;94;4,9361702127659575
HMAL;UNIDADE DE INTERNAÇÃO - TRAUMATO/ORTOPEDIA B;2021;6;447;77;5,805194805194805
HMAL;UNIDADE DE INTERNAÇÃO - TRAUMATO/ORTOPEDIA B;2021;7;577;92;6,271739130434782
HMAL;UNIDADE DE INTERNAÇÃO - TRAUMATO/ORTOPEDIA B;2021;8;514;70;7,3428571428571425
HMAL;UNIDADE DE INTERNAÇÃO - TRAUMATO/ORTOPEDIA B;2021;9;431;61;7,065573770491803
HMAL;UNIDADE DE INTERNAÇÃO - TRAUMATO/ORTOPEDIA B;2021;10;548;70;7,828571428571428
HMAL;UNIDADE DE INTERNAÇÃO - TRAUMATO/ORTOPEDIA B;2021;11;458;64;7,15625
HMAL;UNIDADE DE INTERNAÇÃO - TRAUMATO/ORTOPEDIA B;2021;12;314;44;7,136363636363637
HMAL;UNIDADE DE INTERNAÇÃO - TRAUMATO/ORTOPEDIA B;2022;2;117;35;3,342857142857143
HMAL;UNIDADE DE INTERNAÇÃO - TRAUMATO/ORTOPEDIA B;2022;3;446;62;7,193548387096774
HMAL;UNIDADE DE INTERNAÇÃO - TRAUMATO/ORTOPEDIA B;2022;4;484;56;8,642857142857142
HMAL;UNIDADE DE INTERNAÇÃO - TRAUMATO/ORTOPEDIA B;2022;5;416;75;5,546666666666667
HMAL;UNIDADE DE INTERNAÇÃO - TRAUMATO/ORTOPEDIA B;2022;6;425;73;5,821917808219178
HMAL;UNIDADE DE INTERNAÇÃO - TRAUMATO/ORTOPEDIA B;2022;7;661;110;6,009090909090909
HMAL;UNIDADE DE INTERNAÇÃO - TRAUMATO/ORTOPEDIA B;2022;8;492;81;6,074074074074074
HMAL;UNIDADE DE INTERNAÇÃO - TRAUMATO/ORTOPEDIA B;2022;9;629;107;5,878504672897196
HMAL;UNIDADE DE INTERNAÇÃO - TRAUMATO/ORTOPEDIA B;2022;10;545;88;6,193181818181818
HMAL;UNIDADE DE INTERNAÇÃO - TRAUMATO/ORTOPEDIA B;2022;11;526;98;5,36734693877551
HMAL;UNIDADE DE INTERNAÇÃO - TRAUMATO/ORTOPEDIA B;2022;12;542;105;5,161904761904762
HMAL;UNIDADE DE INTERNAÇÃO - TRAUMATO/ORTOPEDIA B;2023;1;568;115;4,939130434782609
HMAL;UNIDADE DE INTERNAÇÃO - TRAUMATO/ORTOPEDIA B;2023;2;504;107;4,710280373831775
HMAL;UNIDADE DE INTERNAÇÃO - TRAUMATO/ORTOPEDIA B;2023;3;515;172;2,994186046511628
HMAL;UNIDADE DE INTERNAÇÃO - TRAUMATO/ORTOPEDIA B;2023;4;436;127;3,4330708661417324
HMAL;UNIDADE DE INTERNAÇÃO - TRAUMATO/ORTOPEDIA B;2023;5;612;136;4,5
HMAL;UNIDADE DE INTERNAÇÃO - TRAUMATO/ORTOPEDIA B;2023;6;554;182;3,043956043956044
HMAL;UNIDADE DE INTERNAÇÃO - TRAUMATO/ORTOPEDIA B;2023;7;466;128;3,640625
HMAL;UNIDADE DE INTERNAÇÃO - TRAUMATO/ORTOPEDIA B;2023;8;547;125;4,376
HMAL;UNIDADE DE INTERNAÇÃO - TRAUMATO/ORTOPEDIA B;2023;9;541;108;5,0092592592592595
HMAL;UNIDADE DE INTERNAÇÃO - TRAUMATO/ORTOPEDIA B;2023;10;458;123;3,7235772357723578
HMAL;UNIDADE DE INTERNAÇÃO - TRAUMATO/ORTOPEDIA B;2023;11;661;137;4,824817518248175
HMAL;UNIDADE DE INTERNAÇÃO - TRAUMATO/ORTOPEDIA B;2023;12;434;152;2,8552631578947367
HMAL;UNIDADE DE INTERNAÇÃO - TRAUMATO/ORTOPEDIA B;2024;1;638;116;5,5
HMAL;UNIDADE DE INTERNAÇÃO - TRAUMATO/ORTOPEDIA B;2024;2;401;99;4,05050505050505
HMAL;UNIDADE DE INTERNAÇÃO - TRAUMATO/ORTOPEDIA B;2024;3;477;121;3,9421487603305785
HMAL;UNIDADE DE INTERNAÇÃO - TRAUMATO/ORTOPEDIA B;2024;4;613;119;5,151260504201681
HMAL;UNIDADE DE INTERNAÇÃO - TRAUMATO/ORTOPEDIA B;2024;5;466;130;3,5846153846153848
HMAL;UNIDADE DE INTERNAÇÃO - TRAUMATO/ORTOPEDIA B;2024;6;445;117;3,8034188034188032
HMAL;UNIDADE DE INTERNAÇÃO - TRAUMATO/ORTOPEDIA B;2024;7;535;106;5,047169811320755
HMAL;UNIDADE DE INTERNAÇÃO - TRAUMATO/ORTOPEDIA B;2024;8;505;124;4,07258064516129
HMAL;UNIDADE DE INTERNAÇÃO - TRAUMATO/ORTOPEDIA B;2024;9;336;82;4,097560975609756
HMAL;UNIDADE DE INTERNAÇÃO - TRAUMATO/ORTOPEDIA B;2024;10;663;121;5,479338842975206
HMAL;UNIDADE DE INTERNAÇÃO - TRAUMATO/ORTOPEDIA B;2024;11;213;85;2,5058823529411764
HMAL;UNIDADE DE INTERNAÇÃO - TRAUMATO/ORTOPEDIA B;2024;12;428;82;5,219512195121951
HMAL;UNIDADE DE INTERNAÇÃO - TRAUMATO/ORTOPEDIA B;2025;1;440;59;7,4576271186440675
HMAL;UNIDADE DE INTERNAÇÃO - TRAUMATO/ORTOPEDIA B;2025;2;254;38;6,684210526315789
HMAL;UNIDADE DE INTERNAÇÃO - TRAUMATO/ORTOPEDIA B;2025;3;138;17;8,117647058823529
HMAL;UNIDADE DE INTERNAÇÃO - TRAUMATO/ORTOPEDIA B;2025;4;130;22;5,909090909090909
HMAL;UNIDADE DE INTERNAÇÃO - TRAUMATO/ORTOPEDIA B;2025;5;363;75;4,84
HMAL;UNIDADE DE INTERNAÇÃO - TRAUMATO/ORTOPEDIA B;2025;6;357;69;5,173913043478261
HMAL;UNIDADE DE INTERNAÇÃO - TRAUMATO/ORTOPEDIA B;2025;7;542;80;6,775
HMAL;UNIDADE DE INTERNAÇÃO - TRAUMATO/ORTOPEDIA B;2025;8;441;71;6,211267605633803
HMAL;UNIDADE DE INTERNAÇÃO - TRAUMATO/ORTOPEDIA B;2025;9;441;51;8,647058823529411
HMAL;UNIDADE DE INTERNAÇÃO - TRAUMATO/ORTOPEDIA B;2025;10;478;64;7,46875
HMAL;UNIDADE DE INTERNAÇÃO - TRAUMATO/ORTOPEDIA B;2025;11;403;69;5,840579710144928
HMAL;UNIDADE DE INTERNAÇÃO - TRAUMATO/ORTOPEDIA B;2025;12;219;41;5,341463414634147
HMAL;UNIDADE DE INTERNAÇÃO - TRAUMATO/ORTOPEDIA B;2026;1;462;80;5,775
HMAL;UNIDADE DE INTERNAÇÃO - TRAUMATO/ORTOPEDIA B;2026;2;217;44;4,931818181818182
HMAL;UNIDADE DE INTERNAÇÃO - TRAUMATO/ORTOPEDIA B;2026;3;210;43;4,883720930232558
HMAL;UNIDADE DE INTERNAÇÃO - TRAUMATO/ORTOPEDIA B;2026;4;240;37;6,486486486486487
HMAL;UNIDADE DE INTERNAÇÃO - TRAUMATO/ORTOPEDIA B;2026;5;130;36;3,611111111111111
HMAL;UNIDADE DE INTERNAÇÃO - TRAUMATO/ORTOPEDIA B;2026;6;72;12;6,0
HMAL;UNIDADE INTERNAÇÃO - BUCO TRAUMATO ORTOPEDIA 2º ANDAR;2019;1;463;45;10,28888888888889
HMAL;UNIDADE INTERNAÇÃO - BUCO TRAUMATO ORTOPEDIA 2º ANDAR;2019;2;332;49;6,775510204081633
HMAL;UNIDADE INTERNAÇÃO - BUCO TRAUMATO ORTOPEDIA 2º ANDAR;2019;3;497;48;10,354166666666666
HMAL;UNIDADE INTERNAÇÃO - BUCO TRAUMATO ORTOPEDIA 2º ANDAR;2019;4;395;57;6,9298245614035086
HMAL;UNIDADE INTERNAÇÃO - BUCO TRAUMATO ORTOPEDIA 2º ANDAR;2019;5;517;68;7,602941176470588
HMAL;UNIDADE INTERNAÇÃO - BUCO TRAUMATO ORTOPEDIA 2º ANDAR;2019;6;404;58;6,9655172413793105
HMAL;UNIDADE INTERNAÇÃO - BUCO TRAUMATO ORTOPEDIA 2º ANDAR;2019;7;461;67;6,880597014925373
HMAL;UNIDADE INTERNAÇÃO - BUCO TRAUMATO ORTOPEDIA 2º ANDAR;2019;8;440;56;7,857142857142857
HMAL;UNIDADE INTERNAÇÃO - BUCO TRAUMATO ORTOPEDIA 2º ANDAR;2019;9;433;64;6,765625
HMAL;UNIDADE INTERNAÇÃO - BUCO TRAUMATO ORTOPEDIA 2º ANDAR;2019;10;345;63;5,476190476190476
HMAL;UNIDADE INTERNAÇÃO - BUCO TRAUMATO ORTOPEDIA 2º ANDAR;2019;11;328;46;7,130434782608695
HMAL;UNIDADE INTERNAÇÃO - BUCO TRAUMATO ORTOPEDIA 2º ANDAR;2019;12;478;51;9,372549019607844
HMAL;UNIDADE INTERNAÇÃO - BUCO TRAUMATO ORTOPEDIA 2º ANDAR;2020;1;795;59;13,474576271186441
HMAL;UNIDADE INTERNAÇÃO - BUCO TRAUMATO ORTOPEDIA 2º ANDAR;2020;2;337;47;7,170212765957447
HMAL;UNIDADE INTERNAÇÃO - BUCO TRAUMATO ORTOPEDIA 2º ANDAR;2020;3;457;54;8,462962962962964
HMAL;UNIDADE INTERNAÇÃO - BUCO TRAUMATO ORTOPEDIA 2º ANDAR;2020;6;25;11;2,272727272727273
HMAL;UNIDADE INTERNAÇÃO - BUCO TRAUMATO ORTOPEDIA 2º ANDAR;2020;7;249;60;4,15
HMAL;UNIDADE INTERNAÇÃO - BUCO TRAUMATO ORTOPEDIA 2º ANDAR;2020;8;404;62;6,516129032258065
HMAL;UNIDADE INTERNAÇÃO - BUCO TRAUMATO ORTOPEDIA 2º ANDAR;2020;9;321;64;5,015625
HMAL;UNIDADE INTERNAÇÃO - BUCO TRAUMATO ORTOPEDIA 2º ANDAR;2020;10;446;69;6,463768115942029
HMAL;UNIDADE INTERNAÇÃO - BUCO TRAUMATO ORTOPEDIA 2º ANDAR;2020;11;472;54;8,74074074074074
HMAL;UNIDADE INTERNAÇÃO - BUCO TRAUMATO ORTOPEDIA 2º ANDAR;2020;12;307;62;4,951612903225806
HMAL;UNIDADE INTERNAÇÃO - BUCO TRAUMATO ORTOPEDIA 2º ANDAR;2021;1;22;9;2,4444444444444446
HMAL;UNIDADE INTERNAÇÃO - BUCO TRAUMATO ORTOPEDIA 2º ANDAR;2021;2;321;61;5,262295081967213
HMAL;UNIDADE INTERNAÇÃO - BUCO TRAUMATO ORTOPEDIA 2º ANDAR;2021;3;387;66;5,863636363636363
HMAL;UNIDADE INTERNAÇÃO - BUCO TRAUMATO ORTOPEDIA 2º ANDAR;2021;4;387;59;6,559322033898305
HMAL;UNIDADE INTERNAÇÃO - BUCO TRAUMATO ORTOPEDIA 2º ANDAR;2021;5;456;65;7,015384615384615
HMAL;UNIDADE INTERNAÇÃO - BUCO TRAUMATO ORTOPEDIA 2º ANDAR;2021;6;387;78;4,961538461538462
HMAL;UNIDADE INTERNAÇÃO - BUCO TRAUMATO ORTOPEDIA 2º ANDAR;2021;7;411;56;7,339285714285714
HMAL;UNIDADE INTERNAÇÃO - BUCO TRAUMATO ORTOPEDIA 2º ANDAR;2021;8;471;65;7,246153846153846
HMAL;UNIDADE INTERNAÇÃO - BUCO TRAUMATO ORTOPEDIA 2º ANDAR;2021;9;380;70;5,428571428571429
HMAL;UNIDADE INTERNAÇÃO - BUCO TRAUMATO ORTOPEDIA 2º ANDAR;2021;10;330;64;5,15625
HMAL;UNIDADE INTERNAÇÃO - BUCO TRAUMATO ORTOPEDIA 2º ANDAR;2021;11;340;55;6,181818181818182
HMAL;UNIDADE INTERNAÇÃO - BUCO TRAUMATO ORTOPEDIA 2º ANDAR;2021;12;424;76;5,578947368421052
HMAL;UNIDADE INTERNAÇÃO - BUCO TRAUMATO ORTOPEDIA 2º ANDAR;2022;1;375;62;6,048387096774194
HMAL;UNIDADE INTERNAÇÃO - BUCO TRAUMATO ORTOPEDIA 2º ANDAR;2022;2;423;55;7,6909090909090905
HMAL;UNIDADE INTERNAÇÃO - BUCO TRAUMATO ORTOPEDIA 2º ANDAR;2022;3;331;90;3,6777777777777776
HMAL;UNIDADE INTERNAÇÃO - BUCO TRAUMATO ORTOPEDIA 2º ANDAR;2022;4;270;80;3,375
HMAL;UNIDADE INTERNAÇÃO - BUCO TRAUMATO ORTOPEDIA 2º ANDAR;2022;5;281;74;3,7972972972972974
HMAL;UNIDADE INTERNAÇÃO - BUCO TRAUMATO ORTOPEDIA 2º ANDAR;2022;6;302;59;5,11864406779661
HMAL;UNIDADE INTERNAÇÃO - BUCO TRAUMATO ORTOPEDIA 2º ANDAR;2025;12;4;1;4,0
HMAL;UNIDADE INTERNAÇÃO - BUCO TRAUMATO ORTOPEDIA 2º ANDAR;2026;1;5;1;5,0
HRAD;ALOJAMENTO CONJUNTO;2019;1;536;162;3,308641975308642
HRAD;ALOJAMENTO CONJUNTO;2019;2;413;158;2,6139240506329116
HRAD;ALOJAMENTO CONJUNTO;2019;3;463;152;3,0460526315789473
HRAD;ALOJAMENTO CONJUNTO;2019;4;418;141;2,9645390070921986
HRAD;ALOJAMENTO CONJUNTO;2019;5;481;140;3,4357142857142855
HRAD;ALOJAMENTO CONJUNTO;2019;6;468;160;2,925
HRAD;ALOJAMENTO CONJUNTO;2019;7;511;155;3,296774193548387
HRAD;ALOJAMENTO CONJUNTO;2019;8;392;129;3,0387596899224807
HRAD;ALOJAMENTO CONJUNTO;2019;9;409;126;3,246031746031746
HRAD;ALOJAMENTO CONJUNTO;2019;10;396;131;3,0229007633587788
HRAD;ALOJAMENTO CONJUNTO;2019;11;353;132;2,6742424242424243
HRAD;ALOJAMENTO CONJUNTO;2019;12;386;146;2,643835616438356
HRAD;ALOJAMENTO CONJUNTO;2020;1;415;152;2,7302631578947367
HRAD;ALOJAMENTO CONJUNTO;2020;2;414;161;2,5714285714285716
HRAD;ALOJAMENTO CONJUNTO;2020;3;441;164;2,6890243902439024
HRAD;ALOJAMENTO CONJUNTO;2020;4;435;165;2,6363636363636362
HRAD;ALOJAMENTO CONJUNTO;2020;5;446;166;2,6867469879518073
HRAD;ALOJAMENTO CONJUNTO;2020;6;418;151;2,7682119205298013
HRAD;ALOJAMENTO CONJUNTO;2020;7;437;171;2,5555555555555554
HRAD;ALOJAMENTO CONJUNTO;2020;8;381;143;2,664335664335664
HRAD;ALOJAMENTO CONJUNTO;2020;9;455;144;3,1597222222222223
HRAD;ALOJAMENTO CONJUNTO;2020;10;460;148;3,108108108108108
HRAD;ALOJAMENTO CONJUNTO;2020;11;509;138;3,6884057971014492
HRAD;ALOJAMENTO CONJUNTO;2020;12;454;137;3,3138686131386863
HRAD;ALOJAMENTO CONJUNTO;2021;1;417;153;2,7254901960784315
HRAD;ALOJAMENTO CONJUNTO;2021;2;426;152;2,8026315789473686
HRAD;ALOJAMENTO CONJUNTO;2021;3;461;157;2,9363057324840764
HRAD;ALOJAMENTO CONJUNTO;2021;4;394;153;2,5751633986928106
HRAD;ALOJAMENTO CONJUNTO;2021;5;457;157;2,910828025477707
HRAD;ALOJAMENTO CONJUNTO;2021;6;457;147;3,108843537414966
HRAD;ALOJAMENTO CONJUNTO;2021;7;464;178;2,606741573033708
HRAD;ALOJAMENTO CONJUNTO;2021;8;470;170;2,764705882352941
HRAD;ALOJAMENTO CONJUNTO;2021;9;457;176;2,596590909090909
HRAD;ALOJAMENTO CONJUNTO;2021;10;458;167;2,7425149700598803
HRAD;ALOJAMENTO CONJUNTO;2021;11;432;144;3,0
HRAD;ALOJAMENTO CONJUNTO;2021;12;406;144;2,8194444444444446
HRAD;ALOJAMENTO CONJUNTO;2022;1;400;148;2,7027027027027026
HRAD;ALOJAMENTO CONJUNTO;2022;2;452;133;3,398496240601504
HRAD;ALOJAMENTO CONJUNTO;2022;3;483;166;2,9096385542168677
HRAD;ALOJAMENTO CONJUNTO;2022;4;548;146;3,7534246575342465
HRAD;ALOJAMENTO CONJUNTO;2022;5;465;150;3,1
HRAD;ALOJAMENTO CONJUNTO;2022;6;459;135;3,4
HRAD;ALOJAMENTO CONJUNTO;2022;7;374;138;2,710144927536232
HRAD;ALOJAMENTO CONJUNTO;2022;8;521;153;3,4052287581699345
HRAD;ALOJAMENTO CONJUNTO;2022;9;387;121;3,1983471074380163
HRAD;ALOJAMENTO CONJUNTO;2022;10;394;126;3,126984126984127
HRAD;ALOJAMENTO CONJUNTO;2022;11;495;149;3,3221476510067114
HRAD;ALOJAMENTO CONJUNTO;2022;12;403;140;2,8785714285714286
HRAD;ALOJAMENTO CONJUNTO;2023;1;519;155;3,3483870967741933
HRAD;ALOJAMENTO CONJUNTO;2023;2;393;140;2,807142857142857
HRAD;ALOJAMENTO CONJUNTO;2023;3;497;168;2,9583333333333335
HRAD;ALOJAMENTO CONJUNTO;2023;4;490;175;2,8
HRAD;ALOJAMENTO CONJUNTO;2023;5;461;158;2,9177215189873418
HRAD;ALOJAMENTO CONJUNTO;2023;6;524;169;3,100591715976331
HRAD;ALOJAMENTO CONJUNTO;2023;7;505;157;3,21656050955414
HRAD;ALOJAMENTO CONJUNTO;2023;8;440;154;2,857142857142857
HRAD;ALOJAMENTO CONJUNTO;2023;9;478;174;2,7471264367816093
HRAD;ALOJAMENTO CONJUNTO;2023;10;440;164;2,682926829268293
HRAD;ALOJAMENTO CONJUNTO;2023;11;350;127;2,7559055118110236
HRAD;ALOJAMENTO CONJUNTO;2023;12;424;158;2,6835443037974684
HRAD;ALOJAMENTO CONJUNTO;2024;1;408;157;2,5987261146496814
HRAD;ALOJAMENTO CONJUNTO;2024;2;405;141;2,872340425531915
HRAD;ALOJAMENTO CONJUNTO;2024;3;455;158;2,8797468354430378
HRAD;ALOJAMENTO CONJUNTO;2024;4;459;139;3,302158273381295
HRAD;ALOJAMENTO CONJUNTO;2024;5;514;159;3,2327044025157234
HRAD;ALOJAMENTO CONJUNTO;2024;6;501;158;3,170886075949367
HRAD;ALOJAMENTO CONJUNTO;2024;7;354;134;2,6417910447761193
HRAD;ALOJAMENTO CONJUNTO;2024;8;468;147;3,183673469387755
HRAD;ALOJAMENTO CONJUNTO;2024;9;481;157;3,0636942675159236
HRAD;ALOJAMENTO CONJUNTO;2024;10;386;146;2,643835616438356
HRAD;ALOJAMENTO CONJUNTO;2024;11;452;161;2,8074534161490683
HRAD;ALOJAMENTO CONJUNTO;2024;12;472;165;2,860606060606061
HRAD;ALOJAMENTO CONJUNTO;2025;1;436;159;2,742138364779874
HRAD;ALOJAMENTO CONJUNTO;2025;2;520;153;3,3986928104575163
HRAD;ALOJAMENTO CONJUNTO;2025;3;498;179;2,782122905027933
HRAD;ALOJAMENTO CONJUNTO;2025;4;422;164;2,573170731707317
HRAD;ALOJAMENTO CONJUNTO;2025;5;443;154;2,8766233766233764
HRAD;ALOJAMENTO CONJUNTO;2025;6;501;152;3,2960526315789473
HRAD;ALOJAMENTO CONJUNTO;2025;7;479;161;2,9751552795031055
HRAD;ALOJAMENTO CONJUNTO;2025;8;411;143;2,874125874125874
HRAD;ALOJAMENTO CONJUNTO;2025;9;531;179;2,9664804469273744
HRAD;ALOJAMENTO CONJUNTO;2025;10;422;152;2,776315789473684
HRAD;ALOJAMENTO CONJUNTO;2025;11;472;154;3,064935064935065
HRAD;ALOJAMENTO CONJUNTO;2025;12;493;164;3,0060975609756095
HRAD;ALOJAMENTO CONJUNTO;2026;1;550;159;3,459119496855346
HRAD;ALOJAMENTO CONJUNTO;2026;2;434;159;2,729559748427673
HRAD;ALOJAMENTO CONJUNTO;2026;3;472;169;2,7928994082840237
HRAD;ALOJAMENTO CONJUNTO;2026;4;488;159;3,069182389937107
HRAD;ALOJAMENTO CONJUNTO;2026;5;550;192;2,8645833333333335
HRAD;ALOJAMENTO CONJUNTO;2026;6;464;176;2,6363636363636362
HRAD;AMBULATORIO - RETORNOS;2019;7;37;2;18,5
HRAD;AMBULATORIO - RETORNOS;2019;9;5;1;5,0
HRAD;AMBULATORIO - RETORNOS;2020;11;10;1;10,0
HRAD;AMBULATORIO - RETORNOS;2021;5;10;1;10,0
HRAD;AMBULATORIO - RETORNOS;2021;6;16;1;16,0
HRAD;AMBULATORIO - RETORNOS;2021;7;50;1;50,0
HRAD;AMBULATORIO - RETORNOS;2021;10;46;2;23,0
HRAD;AMBULATORIO - RETORNOS;2022;3;37;1;37,0
HRAD;AMBULATORIO - RETORNOS;2022;5;18;1;18,0
HRAD;AMBULATORIO - RETORNOS;2022;10;29;2;14,5
HRAD;AMBULATORIO - RETORNOS;2023;2;31;1;31,0
HRAD;AMBULATORIO - RETORNOS;2023;4;1;1;1,0
HRAD;AMBULATORIO - RETORNOS;2023;9;5;1;5,0
HRAD;AMBULATORIO - RETORNOS;2024;5;31;2;15,5
HRAD;AMBULATORIO - RETORNOS;2024;6;3;1;3,0
HRAD;AMBULATORIO - RETORNOS;2024;9;6;1;6,0
HRAD;AMBULATORIO - RETORNOS;2025;1;9;1;9,0
HRAD;AMBULATORIO - RETORNOS;2025;2;11;1;11,0
HRAD;AMBULATORIO - RETORNOS;2025;3;7;1;7,0
HRAD;BLOCO OBSTÉTRICO;2019;1;3;3;1,0
HRAD;BLOCO OBSTÉTRICO;2019;2;0;1;0,0
HRAD;BLOCO OBSTÉTRICO;2019;3;18;7;2,5714285714285716
HRAD;BLOCO OBSTÉTRICO;2019;4;1;3;0,3333333333333333
HRAD;BLOCO OBSTÉTRICO;2019;6;4;4;1,0
HRAD;BLOCO OBSTÉTRICO;2019;7;1;1;1,0
HRAD;BLOCO OBSTÉTRICO;2019;8;3;2;1,5
HRAD;BLOCO OBSTÉTRICO;2019;11;0;2;0,0
HRAD;BLOCO OBSTÉTRICO;2020;2;1;1;1,0
HRAD;BLOCO OBSTÉTRICO;2020;3;1;1;1,0
HRAD;BLOCO OBSTÉTRICO;2020;5;1;2;0,5
HRAD;BLOCO OBSTÉTRICO;2020;7;2;1;2,0
HRAD;BLOCO OBSTÉTRICO;2020;9;5;5;1,0
HRAD;BLOCO OBSTÉTRICO;2020;10;3;4;0,75
HRAD;BLOCO OBSTÉTRICO;2020;11;3;2;1,5
HRAD;BLOCO OBSTÉTRICO;2020;12;2;1;2,0
HRAD;BLOCO OBSTÉTRICO;2021;1;2;2;1,0
HRAD;BLOCO OBSTÉTRICO;2021;2;1;2;0,5
HRAD;BLOCO OBSTÉTRICO;2021;3;3;3;1,0
HRAD;BLOCO OBSTÉTRICO;2021;4;1;1;1,0
HRAD;BLOCO OBSTÉTRICO;2021;7;17;4;4,25
HRAD;BLOCO OBSTÉTRICO;2021;9;2;1;2,0
HRAD;BLOCO OBSTÉTRICO;2021;10;1;1;1,0
HRAD;BLOCO OBSTÉTRICO;2021;11;3;2;1,5
HRAD;BLOCO OBSTÉTRICO;2021;12;1;2;0,5
HRAD;BLOCO OBSTÉTRICO;2022;1;27;3;9,0
HRAD;BLOCO OBSTÉTRICO;2022;2;3;2;1,5
HRAD;BLOCO OBSTÉTRICO;2022;3;3;4;0,75
HRAD;BLOCO OBSTÉTRICO;2022;4;6;5;1,2
HRAD;BLOCO OBSTÉTRICO;2022;6;5;3;1,6666666666666667
HRAD;BLOCO OBSTÉTRICO;2022;7;3;3;1,0
HRAD;BLOCO OBSTÉTRICO;2022;8;8;4;2,0
HRAD;BLOCO OBSTÉTRICO;2022;9;1;1;1,0
HRAD;BLOCO OBSTÉTRICO;2022;12;5;5;1,0
HRAD;BLOCO OBSTÉTRICO;2023;1;6;6;1,0
HRAD;BLOCO OBSTÉTRICO;2023;2;1;1;1,0
HRAD;BLOCO OBSTÉTRICO;2023;3;9;3;3,0
HRAD;BLOCO OBSTÉTRICO;2023;4;5;3;1,6666666666666667
HRAD;BLOCO OBSTÉTRICO;2023;5;12;7;1,7142857142857142
HRAD;BLOCO OBSTÉTRICO;2023;6;7;3;2,3333333333333335
HRAD;BLOCO OBSTÉTRICO;2023;7;5;4;1,25
HRAD;BLOCO OBSTÉTRICO;2023;8;8;3;2,6666666666666665
HRAD;BLOCO OBSTÉTRICO;2023;9;15;3;5,0
HRAD;BLOCO OBSTÉTRICO;2023;10;7;5;1,4
HRAD;BLOCO OBSTÉTRICO;2023;11;1;1;1,0
HRAD;BLOCO OBSTÉTRICO;2023;12;3;4;0,75
HRAD;BLOCO OBSTÉTRICO;2024;1;2;2;1,0
HRAD;BLOCO OBSTÉTRICO;2024;2;1;1;1,0
HRAD;BLOCO OBSTÉTRICO;2024;3;3;3;1,0
HRAD;BLOCO OBSTÉTRICO;2024;4;15;4;3,75
HRAD;BLOCO OBSTÉTRICO;2024;5;8;5;1,6
HRAD;BLOCO OBSTÉTRICO;2024;6;2;2;1,0
HRAD;BLOCO OBSTÉTRICO;2024;8;1;1;1,0
HRAD;BLOCO OBSTÉTRICO;2024;11;1;1;1,0
HRAD;BLOCO OBSTÉTRICO;2024;12;0;1;0,0
HRAD;BLOCO OBSTÉTRICO;2025;1;0;1;0,0
HRAD;BLOCO OBSTÉTRICO;2025;2;15;2;7,5
HRAD;BLOCO OBSTÉTRICO;2025;3;3;2;1,5
HRAD;BLOCO OBSTÉTRICO;2025;5;1;1;1,0
HRAD;BLOCO OBSTÉTRICO;2025;6;7;3;2,3333333333333335
HRAD;BLOCO OBSTÉTRICO;2025;7;3;3;1,0
HRAD;BLOCO OBSTÉTRICO;2025;8;1;1;1,0
HRAD;BLOCO OBSTÉTRICO;2025;11;1;1;1,0
HRAD;BLOCO OBSTÉTRICO;2026;3;1;1;1,0
HRAD;BLOCO OBSTÉTRICO;2026;4;3;3;1,0
HRAD;BLOCO OBSTÉTRICO;2026;5;1;1;1,0
HRAD;CLINICA CIRÚRGICA;2026;6;426;67;6,358208955223881
HRAD;CLINICA MÉDICA;2026;6;1403;59;23,779661016949152
HRAD;CLINICA ORTOPÉDICA;2026;6;457;43;10,627906976744185
HRAD;CLINICA PEDIÁTRICA;2026;6;157;21;7,476190476190476
HRAD;OBSERVAÇÃO;2019;1;300;121;2,479338842975207
HRAD;OBSERVAÇÃO;2019;2;339;109;3,110091743119266
HRAD;OBSERVAÇÃO;2019;3;232;99;2,3434343434343434
HRAD;OBSERVAÇÃO;2019;4;433;122;3,5491803278688523
HRAD;OBSERVAÇÃO;2019;5;234;123;1,9024390243902438
HRAD;OBSERVAÇÃO;2019;6;283;93;3,043010752688172
HRAD;OBSERVAÇÃO;2019;7;197;102;1,9313725490196079
HRAD;OBSERVAÇÃO;2019;8;388;101;3,8415841584158414
HRAD;OBSERVAÇÃO;2019;9;188;62;3,032258064516129
HRAD;OBSERVAÇÃO;2019;10;242;102;2,372549019607843
HRAD;OBSERVAÇÃO;2019;11;246;86;2,86046511627907
HRAD;OBSERVAÇÃO;2019;12;336;99;3,393939393939394
HRAD;OBSERVAÇÃO;2020;1;349;115;3,034782608695652
HRAD;OBSERVAÇÃO;2020;2;395;127;3,1102362204724407
HRAD;OBSERVAÇÃO;2020;3;246;90;2,7333333333333334
HRAD;OBSERVAÇÃO;2020;4;466;99;4,707070707070707
HRAD;OBSERVAÇÃO;2020;5;317;115;2,756521739130435
HRAD;OBSERVAÇÃO;2020;6;376;96;3,9166666666666665
HRAD;OBSERVAÇÃO;2020;7;255;97;2,6288659793814433
HRAD;OBSERVAÇÃO;2020;8;297;114;2,6052631578947367
HRAD;OBSERVAÇÃO;2020;9;322;111;2,900900900900901
HRAD;OBSERVAÇÃO;2020;10;364;116;3,1379310344827585
HRAD;OBSERVAÇÃO;2020;11;374;125;2,992
HRAD;OBSERVAÇÃO;2020;12;390;125;3,12
HRAD;OBSERVAÇÃO;2021;1;297;118;2,516949152542373
HRAD;OBSERVAÇÃO;2021;2;254;100;2,54
HRAD;OBSERVAÇÃO;2021;3;255;94;2,7127659574468086
HRAD;OBSERVAÇÃO;2021;4;322;122;2,639344262295082
HRAD;OBSERVAÇÃO;2021;5;483;118;4,093220338983051
HRAD;OBSERVAÇÃO;2021;6;382;121;3,15702479338843
HRAD;OBSERVAÇÃO;2021;7;344;133;2,5864661654135337
HRAD;OBSERVAÇÃO;2021;8;425;122;3,4836065573770494
HRAD;OBSERVAÇÃO;2021;9;319;118;2,7033898305084745
HRAD;OBSERVAÇÃO;2021;10;387;125;3,096
HRAD;OBSERVAÇÃO;2021;11;355;136;2,610294117647059
HRAD;OBSERVAÇÃO;2021;12;332;117;2,8376068376068377
HRAD;OBSERVAÇÃO;2022;1;236;76;3,1052631578947367
HRAD;OBSERVAÇÃO;2022;2;279;120;2,325
HRAD;OBSERVAÇÃO;2022;3;360;148;2,4324324324324325
HRAD;OBSERVAÇÃO;2022;4;344;121;2,84297520661157
HRAD;OBSERVAÇÃO;2022;5;331;137;2,4160583941605838
HRAD;OBSERVAÇÃO;2022;6;383;130;2,9461538461538463
HRAD;OBSERVAÇÃO;2022;7;370;122;3,0327868852459017
HRAD;OBSERVAÇÃO;2022;8;432;143;3,020979020979021
HRAD;OBSERVAÇÃO;2022;9;315;121;2,603305785123967
HRAD;OBSERVAÇÃO;2022;10;4;3;1,3333333333333333
HRAD;UNIDADE DE CURTA PERMANENCIA;2026;6;144;42;3,4285714285714284
HRAD;UNIDADE DE DECISAO CLINICA;2022;9;21;4;5,25
HRAD;UNIDADE DE DECISAO CLINICA;2022;10;298;106;2,811320754716981
HRAD;UNIDADE DE DECISAO CLINICA;2022;11;382;123;3,105691056910569
HRAD;UNIDADE DE DECISAO CLINICA;2022;12;354;114;3,1052631578947367
HRAD;UNIDADE DE DECISAO CLINICA;2023;1;358;138;2,5942028985507246
HRAD;UNIDADE DE DECISAO CLINICA;2023;2;251;121;2,074380165289256
HRAD;UNIDADE DE DECISAO CLINICA;2023;3;370;145;2,5517241379310347
HRAD;UNIDADE DE DECISAO CLINICA;2023;4;426;162;2,6296296296296298
HRAD;UNIDADE DE DECISAO CLINICA;2023;5;394;139;2,8345323741007196
HRAD;UNIDADE DE DECISAO CLINICA;2023;6;407;150;2,7133333333333334
HRAD;UNIDADE DE DECISAO CLINICA;2023;7;340;127;2,677165354330709
HRAD;UNIDADE DE DECISAO CLINICA;2023;8;364;154;2,3636363636363638
HRAD;UNIDADE DE DECISAO CLINICA;2023;9;313;135;2,3185185185185184
HRAD;UNIDADE DE DECISAO CLINICA;2023;10;321;145;2,213793103448276
HRAD;UNIDADE DE DECISAO CLINICA;2023;11;330;133;2,481203007518797
HRAD;UNIDADE DE DECISAO CLINICA;2023;12;354;139;2,5467625899280577
HRAD;UNIDADE DE DECISAO CLINICA;2024;1;347;144;2,4097222222222223
HRAD;UNIDADE DE DECISAO CLINICA;2024;2;301;111;2,7117117117117115
HRAD;UNIDADE DE DECISAO CLINICA;2024;3;405;139;2,9136690647482015
HRAD;UNIDADE DE DECISAO CLINICA;2024;4;311;131;2,3740458015267176
HRAD;UNIDADE DE DECISAO CLINICA;2024;5;332;149;2,228187919463087
HRAD;UNIDADE DE DECISAO CLINICA;2024;6;395;158;2,5
HRAD;UNIDADE DE DECISAO CLINICA;2024;7;223;118;1,8898305084745763
HRAD;UNIDADE DE DECISAO CLINICA;2024;8;237;105;2,257142857142857
HRAD;UNIDADE DE DECISAO CLINICA;2024;9;343;116;2,956896551724138
HRAD;UNIDADE DE DECISAO CLINICA;2024;10;208;122;1,7049180327868851
HRAD;UNIDADE DE DECISAO CLINICA;2024;11;194;121;1,603305785123967
HRAD;UNIDADE DE DECISAO CLINICA;2024;12;296;129;2,294573643410853
HRAD;UNIDADE DE DECISAO CLINICA;2025;1;304;128;2,375
HRAD;UNIDADE DE DECISAO CLINICA;2025;2;271;108;2,509259259259259
HRAD;UNIDADE DE DECISAO CLINICA;2025;3;277;112;2,4732142857142856
HRAD;UNIDADE DE DECISAO CLINICA;2025;4;250;98;2,5510204081632653
HRAD;UNIDADE DE DECISAO CLINICA;2025;5;286;111;2,5765765765765765
HRAD;UNIDADE DE DECISAO CLINICA;2025;6;357;142;2,5140845070422535
HRAD;UNIDADE DE DECISAO CLINICA;2025;7;344;123;2,796747967479675
HRAD;UNIDADE DE DECISAO CLINICA;2025;8;478;127;3,763779527559055
HRAD;UNIDADE DE DECISAO CLINICA;2025;9;248;119;2,0840336134453783
HRAD;UNIDADE DE DECISAO CLINICA;2025;10;336;134;2,5074626865671643
HRAD;UNIDADE DE DECISAO CLINICA;2025;11;288;114;2,526315789473684
HRAD;UNIDADE DE DECISAO CLINICA;2025;12;282;93;3,032258064516129
HRAD;UNIDADE DE DECISAO CLINICA;2026;1;296;125;2,368
HRAD;UNIDADE DE DECISAO CLINICA;2026;2;201;81;2,4814814814814814
HRAD;UNIDADE DE DECISAO CLINICA;2026;3;229;116;1,9741379310344827
HRAD;UNIDADE DE DECISAO CLINICA;2026;4;221;110;2,0090909090909093
HRAD;UNIDADE DE DECISAO CLINICA;2026;5;370;157;2,356687898089172
HRAD;UNIDADE DE DECISAO CLINICA;2026;6;196;50;3,92
HRAD;UNIDADE DECISÃO CLÍNICA - INTERNAÇÃO;2026;6;70;22;3,1818181818181817
HRAD;UNIDADE INTERNAÇÃO - CIRURGIA GERAL;2019;1;854;120;7,116666666666666
HRAD;UNIDADE INTERNAÇÃO - CIRURGIA GERAL;2019;2;679;123;5,520325203252033
HRAD;UNIDADE INTERNAÇÃO - CIRURGIA GERAL;2019;3;630;129;4,883720930232558
HRAD;UNIDADE INTERNAÇÃO - CIRURGIA GERAL;2019;4;602;122;4,934426229508197
HRAD;UNIDADE INTERNAÇÃO - CIRURGIA GERAL;2019;5;501;120;4,175
HRAD;UNIDADE INTERNAÇÃO - CIRURGIA GERAL;2019;6;600;116;5,172413793103448
HRAD;UNIDADE INTERNAÇÃO - CIRURGIA GERAL;2019;7;635;130;4,884615384615385
HRAD;UNIDADE INTERNAÇÃO - CIRURGIA GERAL;2019;8;744;119;6,2521008403361344
HRAD;UNIDADE INTERNAÇÃO - CIRURGIA GERAL;2019;9;539;114;4,728070175438597
HRAD;UNIDADE INTERNAÇÃO - CIRURGIA GERAL;2019;10;575;86;6,686046511627907
HRAD;UNIDADE INTERNAÇÃO - CIRURGIA GERAL;2019;11;772;97;7,958762886597938
HRAD;UNIDADE INTERNAÇÃO - CIRURGIA GERAL;2019;12;413;73;5,657534246575342
HRAD;UNIDADE INTERNAÇÃO - CIRURGIA GERAL;2020;1;397;50;7,94
HRAD;UNIDADE INTERNAÇÃO - CIRURGIA GERAL;2020;2;341;56;6,089285714285714
HRAD;UNIDADE INTERNAÇÃO - CIRURGIA GERAL;2020;3;521;92;5,663043478260869
HRAD;UNIDADE INTERNAÇÃO - CIRURGIA GERAL;2020;4;918;80;11,475
HRAD;UNIDADE INTERNAÇÃO - CIRURGIA GERAL;2020;5;455;47;9,680851063829786
HRAD;UNIDADE INTERNAÇÃO - CIRURGIA GERAL;2020;6;286;38;7,526315789473684
HRAD;UNIDADE INTERNAÇÃO - CIRURGIA GERAL;2020;7;329;25;13,16
HRAD;UNIDADE INTERNAÇÃO - CIRURGIA GERAL;2020;8;358;35;10,228571428571428
HRAD;UNIDADE INTERNAÇÃO - CIRURGIA GERAL;2020;9;292;25;11,68
HRAD;UNIDADE INTERNAÇÃO - CIRURGIA GERAL;2020;10;338;32;10,5625
HRAD;UNIDADE INTERNAÇÃO - CIRURGIA GERAL;2020;11;306;25;12,24
HRAD;UNIDADE INTERNAÇÃO - CIRURGIA GERAL;2020;12;445;28;15,892857142857142
HRAD;UNIDADE INTERNAÇÃO - CIRURGIA GERAL;2021;1;261;24;10,875
HRAD;UNIDADE INTERNAÇÃO - CIRURGIA GERAL;2021;2;338;28;12,071428571428571
HRAD;UNIDADE INTERNAÇÃO - CIRURGIA GERAL;2021;3;210;40;5,25
HRAD;UNIDADE INTERNAÇÃO - CIRURGIA GERAL;2021;4;329;24;13,708333333333334
HRAD;UNIDADE INTERNAÇÃO - CIRURGIA GERAL;2021;5;290;20;14,5
HRAD;UNIDADE INTERNAÇÃO - CIRURGIA GERAL;2021;6;349;32;10,90625
HRAD;UNIDADE INTERNAÇÃO - CIRURGIA GERAL;2021;7;463;32;14,46875
HRAD;UNIDADE INTERNAÇÃO - CIRURGIA GERAL;2021;8;336;35;9,6
HRAD;UNIDADE INTERNAÇÃO - CIRURGIA GERAL;2021;9;238;37;6,4324324324324325
HRAD;UNIDADE INTERNAÇÃO - CIRURGIA GERAL;2021;10;237;19;12,473684210526315
HRAD;UNIDADE INTERNAÇÃO - CIRURGIA GERAL;2021;11;514;68;7,5588235294117645
HRAD;UNIDADE INTERNAÇÃO - CIRURGIA GERAL;2021;12;667;86;7,755813953488372
HRAD;UNIDADE INTERNAÇÃO - CIRURGIA GERAL;2022;1;359;89;4,033707865168539
HRAD;UNIDADE INTERNAÇÃO - CIRURGIA GERAL;2022;2;511;94;5,4361702127659575
HRAD;UNIDADE INTERNAÇÃO - CIRURGIA GERAL;2022;3;543;69;7,869565217391305
HRAD;UNIDADE INTERNAÇÃO - CIRURGIA GERAL;2022;4;719;95;7,568421052631579
HRAD;UNIDADE INTERNAÇÃO - CIRURGIA GERAL;2022;5;470;85;5,529411764705882
HRAD;UNIDADE INTERNAÇÃO - CIRURGIA GERAL;2022;6;562;86;6,534883720930233
HRAD;UNIDADE INTERNAÇÃO - CIRURGIA GERAL;2022;7;454;63;7,2063492063492065
HRAD;UNIDADE INTERNAÇÃO - CIRURGIA GERAL;2022;8;715;79;9,050632911392405
HRAD;UNIDADE INTERNAÇÃO - CIRURGIA GERAL;2022;9;499;61;8,180327868852459
HRAD;UNIDADE INTERNAÇÃO - CIRURGIA GERAL;2022;10;2;1;2,0
HRAD;UNIDADE INTERNAÇÃO - CLINICA CIRURGICA;2022;9;55;9;6,111111111111111
HRAD;UNIDADE INTERNAÇÃO - CLINICA CIRURGICA;2022;10;686;76;9,026315789473685
HRAD;UNIDADE INTERNAÇÃO - CLINICA CIRURGICA;2022;11;643;81;7,938271604938271
HRAD;UNIDADE INTERNAÇÃO - CLINICA CIRURGICA;2022;12;523;84;6,226190476190476
HRAD;UNIDADE INTERNAÇÃO - CLINICA CIRURGICA;2023;1;627;78;8,038461538461538
HRAD;UNIDADE INTERNAÇÃO - CLINICA CIRURGICA;2023;2;635;87;7,2988505747126435
HRAD;UNIDADE INTERNAÇÃO - CLINICA CIRURGICA;2023;3;603;98;6,153061224489796
HRAD;UNIDADE INTERNAÇÃO - CLINICA CIRURGICA;2023;4;692;99;6,98989898989899
HRAD;UNIDADE INTERNAÇÃO - CLINICA CIRURGICA;2023;5;787;112;7,026785714285714
HRAD;UNIDADE INTERNAÇÃO - CLINICA CIRURGICA;2023;6;656;103;6,368932038834951
HRAD;UNIDADE INTERNAÇÃO - CLINICA CIRURGICA;2023;7;627;98;6,3979591836734695
HRAD;UNIDADE INTERNAÇÃO - CLINICA CIRURGICA;2023;8;787;86;9,151162790697674
HRAD;UNIDADE INTERNAÇÃO - CLINICA CIRURGICA;2023;9;779;114;6,833333333333333
HRAD;UNIDADE INTERNAÇÃO - CLINICA CIRURGICA;2023;10;676;90;7,511111111111111
HRAD;UNIDADE INTERNAÇÃO - CLINICA CIRURGICA;2023;11;890;103;8,640776699029127
HRAD;UNIDADE INTERNAÇÃO - CLINICA CIRURGICA;2023;12;801;118;6,788135593220339
HRAD;UNIDADE INTERNAÇÃO - CLINICA CIRURGICA;2024;1;709;101;7,01980198019802
HRAD;UNIDADE INTERNAÇÃO - CLINICA CIRURGICA;2024;2;617;103;5,990291262135922
HRAD;UNIDADE INTERNAÇÃO - CLINICA CIRURGICA;2024;3;647;98;6,6020408163265305
HRAD;UNIDADE INTERNAÇÃO - CLINICA CIRURGICA;2024;4;711;105;6,771428571428571
HRAD;UNIDADE INTERNAÇÃO - CLINICA CIRURGICA;2024;5;635;89;7,134831460674158
HRAD;UNIDADE INTERNAÇÃO - CLINICA CIRURGICA;2024;6;644;76;8,473684210526315
HRAD;UNIDADE INTERNAÇÃO - CLINICA CIRURGICA;2024;7;1064;98;10,857142857142858
HRAD;UNIDADE INTERNAÇÃO - CLINICA CIRURGICA;2024;8;660;118;5,593220338983051
HRAD;UNIDADE INTERNAÇÃO - CLINICA CIRURGICA;2024;9;737;108;6,824074074074074
HRAD;UNIDADE INTERNAÇÃO - CLINICA CIRURGICA;2024;10;734;118;6,220338983050848
HRAD;UNIDADE INTERNAÇÃO - CLINICA CIRURGICA;2024;11;706;96;7,354166666666667
HRAD;UNIDADE INTERNAÇÃO - CLINICA CIRURGICA;2024;12;923;105;8,790476190476191
HRAD;UNIDADE INTERNAÇÃO - CLINICA CIRURGICA;2025;1;711;113;6,292035398230088
HRAD;UNIDADE INTERNAÇÃO - CLINICA CIRURGICA;2025;2;769;93;8,268817204301076
HRAD;UNIDADE INTERNAÇÃO - CLINICA CIRURGICA;2025;3;912;115;7,930434782608696
HRAD;UNIDADE INTERNAÇÃO - CLINICA CIRURGICA;2025;4;746;128;5,828125
HRAD;UNIDADE INTERNAÇÃO - CLINICA CIRURGICA;2025;5;702;110;6,381818181818182
HRAD;UNIDADE INTERNAÇÃO - CLINICA CIRURGICA;2025;6;619;97;6,381443298969073
HRAD;UNIDADE INTERNAÇÃO - CLINICA CIRURGICA;2025;7;776;125;6,208
HRAD;UNIDADE INTERNAÇÃO - CLINICA CIRURGICA;2025;8;635;103;6,165048543689321
HRAD;UNIDADE INTERNAÇÃO - CLINICA CIRURGICA;2025;9;639;113;5,654867256637168
HRAD;UNIDADE INTERNAÇÃO - CLINICA CIRURGICA;2025;10;675;127;5,31496062992126
HRAD;UNIDADE INTERNAÇÃO - CLINICA CIRURGICA;2025;11;752;123;6,1138211382113825
HRAD;UNIDADE INTERNAÇÃO - CLINICA CIRURGICA;2025;12;674;114;5,912280701754386
HRAD;UNIDADE INTERNAÇÃO - CLINICA CIRURGICA;2026;1;801;119;6,73109243697479
HRAD;UNIDADE INTERNAÇÃO - CLINICA CIRURGICA;2026;2;624;110;5,672727272727273
HRAD;UNIDADE INTERNAÇÃO - CLINICA CIRURGICA;2026;3;668;114;5,859649122807017
HRAD;UNIDADE INTERNAÇÃO - CLINICA CIRURGICA;2026;4;673;130;5,176923076923077
HRAD;UNIDADE INTERNAÇÃO - CLINICA CIRURGICA;2026;5;595;113;5,265486725663717
HRAD;UNIDADE INTERNAÇÃO - CLINICA CIRURGICA;2026;6;306;51;6,0
HRAD;UNIDADE INTERNAÇÃO - CLINICA MÉDICA;2019;1;1061;59;17,983050847457626
HRAD;UNIDADE INTERNAÇÃO - CLINICA MÉDICA;2019;2;759;75;10,12
HRAD;UNIDADE INTERNAÇÃO - CLINICA MÉDICA;2019;3;1041;75;13,88
HRAD;UNIDADE INTERNAÇÃO - CLINICA MÉDICA;2019;4;1104;66;16,727272727272727
HRAD;UNIDADE INTERNAÇÃO - CLINICA MÉDICA;2019;5;980;72;13,61111111111111
HRAD;UNIDADE INTERNAÇÃO - CLINICA MÉDICA;2019;6;675;61;11,065573770491802
HRAD;UNIDADE INTERNAÇÃO - CLINICA MÉDICA;2019;7;1044;71;14,704225352112676
HRAD;UNIDADE INTERNAÇÃO - CLINICA MÉDICA;2019;8;998;67;14,895522388059701
HRAD;UNIDADE INTERNAÇÃO - CLINICA MÉDICA;2019;9;1323;63;21,0
HRAD;UNIDADE INTERNAÇÃO - CLINICA MÉDICA;2019;10;760;48;15,833333333333334
HRAD;UNIDADE INTERNAÇÃO - CLINICA MÉDICA;2019;11;1146;61;18,78688524590164
HRAD;UNIDADE INTERNAÇÃO - CLINICA MÉDICA;2019;12;859;53;16,20754716981132
HRAD;UNIDADE INTERNAÇÃO - CLINICA MÉDICA;2020;1;1217;59;20,627118644067796
HRAD;UNIDADE INTERNAÇÃO - CLINICA MÉDICA;2020;2;815;74;11,013513513513514
HRAD;UNIDADE INTERNAÇÃO - CLINICA MÉDICA;2020;3;820;58;14,137931034482758
HRAD;UNIDADE INTERNAÇÃO - CLINICA MÉDICA;2020;4;18;7;2,5714285714285716
HRAD;UNIDADE INTERNAÇÃO - CLINICA MÉDICA;2020;5;643;64;10,046875
HRAD;UNIDADE INTERNAÇÃO - CLINICA MÉDICA;2020;6;759;60;12,65
HRAD;UNIDADE INTERNAÇÃO - CLINICA MÉDICA;2020;7;845;63;13,412698412698413
HRAD;UNIDADE INTERNAÇÃO - CLINICA MÉDICA;2020;8;901;62;14,53225806451613
HRAD;UNIDADE INTERNAÇÃO - CLINICA MÉDICA;2020;9;767;67;11,447761194029852
HRAD;UNIDADE INTERNAÇÃO - CLINICA MÉDICA;2020;10;788;70;11,257142857142858
HRAD;UNIDADE INTERNAÇÃO - CLINICA MÉDICA;2020;11;684;64;10,6875
HRAD;UNIDADE INTERNAÇÃO - CLINICA MÉDICA;2020;12;555;48;11,5625
HRAD;UNIDADE INTERNAÇÃO - CLINICA MÉDICA;2021;1;1027;74;13,878378378378379
HRAD;UNIDADE INTERNAÇÃO - CLINICA MÉDICA;2021;2;686;57;12,035087719298245
HRAD;UNIDADE INTERNAÇÃO - CLINICA MÉDICA;2021;3;933;60;15,55
HRAD;UNIDADE INTERNAÇÃO - CLINICA MÉDICA;2021;4;774;53;14,60377358490566
HRAD;UNIDADE INTERNAÇÃO - CLINICA MÉDICA;2021;5;676;40;16,9
HRAD;UNIDADE INTERNAÇÃO - CLINICA MÉDICA;2021;6;709;41;17,29268292682927
HRAD;UNIDADE INTERNAÇÃO - CLINICA MÉDICA;2021;7;992;60;16,533333333333335
HRAD;UNIDADE INTERNAÇÃO - CLINICA MÉDICA;2021;8;646;54;11,962962962962964
HRAD;UNIDADE INTERNAÇÃO - CLINICA MÉDICA;2021;9;854;61;14,0
HRAD;UNIDADE INTERNAÇÃO - CLINICA MÉDICA;2021;10;675;48;14,0625
HRAD;UNIDADE INTERNAÇÃO - CLINICA MÉDICA;2021;11;836;43;19,441860465116278
HRAD;UNIDADE INTERNAÇÃO - CLINICA MÉDICA;2021;12;633;37;17,10810810810811
HRAD;UNIDADE INTERNAÇÃO - CLINICA MÉDICA;2022;1;640;47;13,617021276595745
HRAD;UNIDADE INTERNAÇÃO - CLINICA MÉDICA;2022;2;909;67;13,567164179104477
HRAD;UNIDADE INTERNAÇÃO - CLINICA MÉDICA;2022;3;677;54;12,537037037037036
HRAD;UNIDADE INTERNAÇÃO - CLINICA MÉDICA;2022;4;689;53;13,0
HRAD;UNIDADE INTERNAÇÃO - CLINICA MÉDICA;2022;5;557;47;11,851063829787234
HRAD;UNIDADE INTERNAÇÃO - CLINICA MÉDICA;2022;6;601;42;14,30952380952381
HRAD;UNIDADE INTERNAÇÃO - CLINICA MÉDICA;2022;7;780;43;18,13953488372093
HRAD;UNIDADE INTERNAÇÃO - CLINICA MÉDICA;2022;8;577;26;22,192307692307693
HRAD;UNIDADE INTERNAÇÃO - CLINICA MÉDICA;2022;9;1019;56;18,196428571428573
HRAD;UNIDADE INTERNAÇÃO - CLINICA MÉDICA;2022;10;518;41;12,634146341463415
HRAD;UNIDADE INTERNAÇÃO - CLINICA MÉDICA;2022;11;714;42;17,0
HRAD;UNIDADE INTERNAÇÃO - CLINICA MÉDICA;2022;12;597;57;10,473684210526315
HRAD;UNIDADE INTERNAÇÃO - CLINICA MÉDICA;2023;1;838;62;13,516129032258064
HRAD;UNIDADE INTERNAÇÃO - CLINICA MÉDICA;2023;2;387;51;7,588235294117647
HRAD;UNIDADE INTERNAÇÃO - CLINICA MÉDICA;2023;3;716;46;15,565217391304348
HRAD;UNIDADE INTERNAÇÃO - CLINICA MÉDICA;2023;4;731;45;16,244444444444444
HRAD;UNIDADE INTERNAÇÃO - CLINICA MÉDICA;2023;5;691;50;13,82
HRAD;UNIDADE INTERNAÇÃO - CLINICA MÉDICA;2023;6;493;51;9,666666666666666
HRAD;UNIDADE INTERNAÇÃO - CLINICA MÉDICA;2023;7;771;56;13,767857142857142
HRAD;UNIDADE INTERNAÇÃO - CLINICA MÉDICA;2023;8;775;51;15,196078431372548
HRAD;UNIDADE INTERNAÇÃO - CLINICA MÉDICA;2023;9;786;58;13,551724137931034
HRAD;UNIDADE INTERNAÇÃO - CLINICA MÉDICA;2023;10;705;53;13,30188679245283
HRAD;UNIDADE INTERNAÇÃO - CLINICA MÉDICA;2023;11;652;55;11,854545454545455
HRAD;UNIDADE INTERNAÇÃO - CLINICA MÉDICA;2023;12;618;61;10,131147540983607
HRAD;UNIDADE INTERNAÇÃO - CLINICA MÉDICA;2024;1;792;78;10,153846153846153
HRAD;UNIDADE INTERNAÇÃO - CLINICA MÉDICA;2024;2;487;42;11,595238095238095
HRAD;UNIDADE INTERNAÇÃO - CLINICA MÉDICA;2024;3;944;60;15,733333333333333
HRAD;UNIDADE INTERNAÇÃO - CLINICA MÉDICA;2024;4;842;66;12,757575757575758
HRAD;UNIDADE INTERNAÇÃO - CLINICA MÉDICA;2024;5;681;57;11,947368421052632
HRAD;UNIDADE INTERNAÇÃO - CLINICA MÉDICA;2024;6;974;64;15,21875
HRAD;UNIDADE INTERNAÇÃO - CLINICA MÉDICA;2024;7;766;76;10,078947368421053
HRAD;UNIDADE INTERNAÇÃO - CLINICA MÉDICA;2024;8;945;89;10,617977528089888
HRAD;UNIDADE INTERNAÇÃO - CLINICA MÉDICA;2024;9;968;85;11,388235294117647
HRAD;UNIDADE INTERNAÇÃO - CLINICA MÉDICA;2024;10;863;97;8,896907216494846
HRAD;UNIDADE INTERNAÇÃO - CLINICA MÉDICA;2024;11;886;91;9,736263736263735
HRAD;UNIDADE INTERNAÇÃO - CLINICA MÉDICA;2024;12;942;81;11,62962962962963
HRAD;UNIDADE INTERNAÇÃO - CLINICA MÉDICA;2025;1;926;78;11,871794871794872
HRAD;UNIDADE INTERNAÇÃO - CLINICA MÉDICA;2025;2;846;60;14,1
HRAD;UNIDADE INTERNAÇÃO - CLINICA MÉDICA;2025;3;1063;89;11,9438202247191
HRAD;UNIDADE INTERNAÇÃO - CLINICA MÉDICA;2025;4;945;93;10,161290322580646
HRAD;UNIDADE INTERNAÇÃO - CLINICA MÉDICA;2025;5;920;109;8,440366972477063
HRAD;UNIDADE INTERNAÇÃO - CLINICA MÉDICA;2025;6;1034;84;12,30952380952381
HRAD;UNIDADE INTERNAÇÃO - CLINICA MÉDICA;2025;7;893;81;11,024691358024691
HRAD;UNIDADE INTERNAÇÃO - CLINICA MÉDICA;2025;8;1001;87;11,505747126436782
HRAD;UNIDADE INTERNAÇÃO - CLINICA MÉDICA;2025;9;1048;106;9,88679245283019
HRAD;UNIDADE INTERNAÇÃO - CLINICA MÉDICA;2025;10;891;115;7,747826086956522
HRAD;UNIDADE INTERNAÇÃO - CLINICA MÉDICA;2025;11;943;108;8,731481481481481
HRAD;UNIDADE INTERNAÇÃO - CLINICA MÉDICA;2025;12;923;119;7,756302521008403
HRAD;UNIDADE INTERNAÇÃO - CLINICA MÉDICA;2026;1;1064;112;9,5
HRAD;UNIDADE INTERNAÇÃO - CLINICA MÉDICA;2026;2;732;89;8,224719101123595
HRAD;UNIDADE INTERNAÇÃO - CLINICA MÉDICA;2026;3;911;94;9,691489361702128
HRAD;UNIDADE INTERNAÇÃO - CLINICA MÉDICA;2026;4;953;96;9,927083333333334
HRAD;UNIDADE INTERNAÇÃO - CLINICA MÉDICA;2026;5;932;85;10,964705882352941
HRAD;UNIDADE INTERNAÇÃO - CLINICA MÉDICA;2026;6;561;42;13,357142857142858
HRAD;UNIDADE INTERNAÇÃO - CLINICA ORTOPÉDICA;2019;1;630;86;7,325581395348837
HRAD;UNIDADE INTERNAÇÃO - CLINICA ORTOPÉDICA;2019;2;820;79;10,379746835443038
HRAD;UNIDADE INTERNAÇÃO - CLINICA ORTOPÉDICA;2019;3;885;112;7,901785714285714
HRAD;UNIDADE INTERNAÇÃO - CLINICA ORTOPÉDICA;2019;4;595;72;8,26388888888889
HRAD;UNIDADE INTERNAÇÃO - CLINICA ORTOPÉDICA;2019;5;830;84;9,880952380952381
HRAD;UNIDADE INTERNAÇÃO - CLINICA ORTOPÉDICA;2019;6;945;91;10,384615384615385
HRAD;UNIDADE INTERNAÇÃO - CLINICA ORTOPÉDICA;2019;7;626;83;7,542168674698795
HRAD;UNIDADE INTERNAÇÃO - CLINICA ORTOPÉDICA;2019;8;1005;96;10,46875
HRAD;UNIDADE INTERNAÇÃO - CLINICA ORTOPÉDICA;2019;9;792;111;7,135135135135135
HRAD;UNIDADE INTERNAÇÃO - CLINICA ORTOPÉDICA;2019;10;750;106;7,0754716981132075
HRAD;UNIDADE INTERNAÇÃO - CLINICA ORTOPÉDICA;2019;11;885;90;9,833333333333334
HRAD;UNIDADE INTERNAÇÃO - CLINICA ORTOPÉDICA;2019;12;940;109;8,623853211009175
HRAD;UNIDADE INTERNAÇÃO - CLINICA ORTOPÉDICA;2020;1;711;102;6,970588235294118
HRAD;UNIDADE INTERNAÇÃO - CLINICA ORTOPÉDICA;2020;2;761;95;8,010526315789473
HRAD;UNIDADE INTERNAÇÃO - CLINICA ORTOPÉDICA;2020;3;788;120;6,566666666666666
HRAD;UNIDADE INTERNAÇÃO - CLINICA ORTOPÉDICA;2020;4;712;121;5,884297520661157
HRAD;UNIDADE INTERNAÇÃO - CLINICA ORTOPÉDICA;2020;5;809;117;6,914529914529915
HRAD;UNIDADE INTERNAÇÃO - CLINICA ORTOPÉDICA;2020;6;784;124;6,32258064516129
HRAD;UNIDADE INTERNAÇÃO - CLINICA ORTOPÉDICA;2020;7;778;110;7,072727272727272
HRAD;UNIDADE INTERNAÇÃO - CLINICA ORTOPÉDICA;2020;8;839;117;7,170940170940171
HRAD;UNIDADE INTERNAÇÃO - CLINICA ORTOPÉDICA;2020;9;807;121;6,669421487603306
HRAD;UNIDADE INTERNAÇÃO - CLINICA ORTOPÉDICA;2020;10;720;99;7,2727272727272725
HRAD;UNIDADE INTERNAÇÃO - CLINICA ORTOPÉDICA;2020;11;652;83;7,855421686746988
HRAD;UNIDADE INTERNAÇÃO - CLINICA ORTOPÉDICA;2020;12;778;106;7,339622641509434
HRAD;UNIDADE INTERNAÇÃO - CLINICA ORTOPÉDICA;2021;1;662;84;7,880952380952381
HRAD;UNIDADE INTERNAÇÃO - CLINICA ORTOPÉDICA;2021;2;690;72;9,583333333333334
HRAD;UNIDADE INTERNAÇÃO - CLINICA ORTOPÉDICA;2021;3;753;92;8,184782608695652
HRAD;UNIDADE INTERNAÇÃO - CLINICA ORTOPÉDICA;2021;4;712;121;5,884297520661157
HRAD;UNIDADE INTERNAÇÃO - CLINICA ORTOPÉDICA;2021;5;737;110;6,7
HRAD;UNIDADE INTERNAÇÃO - CLINICA ORTOPÉDICA;2021;6;650;102;6,372549019607843
HRAD;UNIDADE INTERNAÇÃO - CLINICA ORTOPÉDICA;2021;7;723;105;6,885714285714286
HRAD;UNIDADE INTERNAÇÃO - CLINICA ORTOPÉDICA;2021;8;782;116;6,741379310344827
HRAD;UNIDADE INTERNAÇÃO - CLINICA ORTOPÉDICA;2021;9;852;115;7,408695652173913
HRAD;UNIDADE INTERNAÇÃO - CLINICA ORTOPÉDICA;2021;10;666;91;7,318681318681318
HRAD;UNIDADE INTERNAÇÃO - CLINICA ORTOPÉDICA;2021;11;815;87;9,367816091954023
HRAD;UNIDADE INTERNAÇÃO - CLINICA ORTOPÉDICA;2021;12;775;104;7,451923076923077
HRAD;UNIDADE INTERNAÇÃO - CLINICA ORTOPÉDICA;2022;1;589;77;7,64935064935065
HRAD;UNIDADE INTERNAÇÃO - CLINICA ORTOPÉDICA;2022;2;735;75;9,8
HRAD;UNIDADE INTERNAÇÃO - CLINICA ORTOPÉDICA;2022;3;752;82;9,170731707317072
HRAD;UNIDADE INTERNAÇÃO - CLINICA ORTOPÉDICA;2022;4;784;103;7,611650485436893
HRAD;UNIDADE INTERNAÇÃO - CLINICA ORTOPÉDICA;2022;5;738;117;6,3076923076923075
HRAD;UNIDADE INTERNAÇÃO - CLINICA ORTOPÉDICA;2022;6;774;132;5,863636363636363
HRAD;UNIDADE INTERNAÇÃO - CLINICA ORTOPÉDICA;2022;7;643;91;7,065934065934066
HRAD;UNIDADE INTERNAÇÃO - CLINICA ORTOPÉDICA;2022;8;750;104;7,211538461538462
HRAD;UNIDADE INTERNAÇÃO - CLINICA ORTOPÉDICA;2022;9;579;79;7,329113924050633
HRAD;UNIDADE INTERNAÇÃO - CLINICA ORTOPÉDICA;2022;10;918;101;9,089108910891088
HRAD;UNIDADE INTERNAÇÃO - CLINICA ORTOPÉDICA;2022;11;648;95;6,821052631578947
HRAD;UNIDADE INTERNAÇÃO - CLINICA ORTOPÉDICA;2022;12;641;101;6,346534653465347
HRAD;UNIDADE INTERNAÇÃO - CLINICA ORTOPÉDICA;2023;1;562;113;4,9734513274336285
HRAD;UNIDADE INTERNAÇÃO - CLINICA ORTOPÉDICA;2023;2;560;84;6,666666666666667
HRAD;UNIDADE INTERNAÇÃO - CLINICA ORTOPÉDICA;2023;3;808;129;6,263565891472868
HRAD;UNIDADE INTERNAÇÃO - CLINICA ORTOPÉDICA;2023;4;614;92;6,673913043478261
HRAD;UNIDADE INTERNAÇÃO - CLINICA ORTOPÉDICA;2023;5;828;114;7,2631578947368425
HRAD;UNIDADE INTERNAÇÃO - CLINICA ORTOPÉDICA;2023;6;743;105;7,076190476190476
HRAD;UNIDADE INTERNAÇÃO - CLINICA ORTOPÉDICA;2023;7;829;90;9,21111111111111
HRAD;UNIDADE INTERNAÇÃO - CLINICA ORTOPÉDICA;2023;8;647;109;5,935779816513762
HRAD;UNIDADE INTERNAÇÃO - CLINICA ORTOPÉDICA;2023;9;812;117;6,94017094017094
HRAD;UNIDADE INTERNAÇÃO - CLINICA ORTOPÉDICA;2023;10;833;118;7,059322033898305
HRAD;UNIDADE INTERNAÇÃO - CLINICA ORTOPÉDICA;2023;11;670;128;5,234375
HRAD;UNIDADE INTERNAÇÃO - CLINICA ORTOPÉDICA;2023;12;617;129;4,782945736434108
HRAD;UNIDADE INTERNAÇÃO - CLINICA ORTOPÉDICA;2024;1;715;99;7,222222222222222
HRAD;UNIDADE INTERNAÇÃO - CLINICA ORTOPÉDICA;2024;2;825;114;7,2368421052631575
HRAD;UNIDADE INTERNAÇÃO - CLINICA ORTOPÉDICA;2024;3;623;137;4,547445255474453
HRAD;UNIDADE INTERNAÇÃO - CLINICA ORTOPÉDICA;2024;4;711;104;6,836538461538462
HRAD;UNIDADE INTERNAÇÃO - CLINICA ORTOPÉDICA;2024;5;572;115;4,973913043478261
HRAD;UNIDADE INTERNAÇÃO - CLINICA ORTOPÉDICA;2024;6;844;113;7,469026548672566
HRAD;UNIDADE INTERNAÇÃO - CLINICA ORTOPÉDICA;2024;7;667;142;4,697183098591549
HRAD;UNIDADE INTERNAÇÃO - CLINICA ORTOPÉDICA;2024;8;644;153;4,209150326797386
HRAD;UNIDADE INTERNAÇÃO - CLINICA ORTOPÉDICA;2024;9;547;133;4,112781954887218
HRAD;UNIDADE INTERNAÇÃO - CLINICA ORTOPÉDICA;2024;10;763;143;5,335664335664336
HRAD;UNIDADE INTERNAÇÃO - CLINICA ORTOPÉDICA;2024;11;667;139;4,798561151079137
HRAD;UNIDADE INTERNAÇÃO - CLINICA ORTOPÉDICA;2024;12;581;135;4,303703703703704
HRAD;UNIDADE INTERNAÇÃO - CLINICA ORTOPÉDICA;2025;1;775;137;5,656934306569343
HRAD;UNIDADE INTERNAÇÃO - CLINICA ORTOPÉDICA;2025;2;697;125;5,576
HRAD;UNIDADE INTERNAÇÃO - CLINICA ORTOPÉDICA;2025;3;720;132;5,454545454545454
HRAD;UNIDADE INTERNAÇÃO - CLINICA ORTOPÉDICA;2025;4;599;118;5,076271186440678
HRAD;UNIDADE INTERNAÇÃO - CLINICA ORTOPÉDICA;2025;5;688;89;7,730337078651686
HRAD;UNIDADE INTERNAÇÃO - CLINICA ORTOPÉDICA;2025;6;727;113;6,433628318584071
HRAD;UNIDADE INTERNAÇÃO - CLINICA ORTOPÉDICA;2025;7;644;109;5,908256880733945
HRAD;UNIDADE INTERNAÇÃO - CLINICA ORTOPÉDICA;2025;8;654;97;6,742268041237113
HRAD;UNIDADE INTERNAÇÃO - CLINICA ORTOPÉDICA;2025;9;946;139;6,805755395683454
HRAD;UNIDADE INTERNAÇÃO - CLINICA ORTOPÉDICA;2025;10;604;95;6,3578947368421055
HRAD;UNIDADE INTERNAÇÃO - CLINICA ORTOPÉDICA;2025;11;641;125;5,128
HRAD;UNIDADE INTERNAÇÃO - CLINICA ORTOPÉDICA;2025;12;802;142;5,647887323943662
HRAD;UNIDADE INTERNAÇÃO - CLINICA ORTOPÉDICA;2026;1;627;145;4,324137931034483
HRAD;UNIDADE INTERNAÇÃO - CLINICA ORTOPÉDICA;2026;2;593;108;5,4907407407407405
HRAD;UNIDADE INTERNAÇÃO - CLINICA ORTOPÉDICA;2026;3;749;141;5,3120567375886525
HRAD;UNIDADE INTERNAÇÃO - CLINICA ORTOPÉDICA;2026;4;697;124;5,620967741935484
HRAD;UNIDADE INTERNAÇÃO - CLINICA ORTOPÉDICA;2026;5;539;65;8,292307692307693
HRAD;UNIDADE INTERNAÇÃO - CLINICA ORTOPÉDICA;2026;6;532;43;12,372093023255815
HRAD;UNIDADE INTERNAÇÃO - CLINICA PEDIÁTRICA;2019;1;434;45;9,644444444444444
HRAD;UNIDADE INTERNAÇÃO - CLINICA PEDIÁTRICA;2019;2;507;46;11,021739130434783
HRAD;UNIDADE INTERNAÇÃO - CLINICA PEDIÁTRICA;2019;3;372;50;7,44
HRAD;UNIDADE INTERNAÇÃO - CLINICA PEDIÁTRICA;2019;4;473;41;11,536585365853659
HRAD;UNIDADE INTERNAÇÃO - CLINICA PEDIÁTRICA;2019;5;408;47;8,680851063829786
HRAD;UNIDADE INTERNAÇÃO - CLINICA PEDIÁTRICA;2019;6;507;47;10,787234042553191
HRAD;UNIDADE INTERNAÇÃO - CLINICA PEDIÁTRICA;2019;7;467;45;10,377777777777778
HRAD;UNIDADE INTERNAÇÃO - CLINICA PEDIÁTRICA;2019;8;406;46;8,826086956521738
HRAD;UNIDADE INTERNAÇÃO - CLINICA PEDIÁTRICA;2019;9;330;37;8,91891891891892
HRAD;UNIDADE INTERNAÇÃO - CLINICA PEDIÁTRICA;2019;10;385;41;9,390243902439025
HRAD;UNIDADE INTERNAÇÃO - CLINICA PEDIÁTRICA;2019;11;490;48;10,208333333333334
HRAD;UNIDADE INTERNAÇÃO - CLINICA PEDIÁTRICA;2019;12;325;46;7,065217391304348
HRAD;UNIDADE INTERNAÇÃO - CLINICA PEDIÁTRICA;2020;1;523;48;10,895833333333334
HRAD;UNIDADE INTERNAÇÃO - CLINICA PEDIÁTRICA;2020;2;422;32;13,1875
HRAD;UNIDADE INTERNAÇÃO - CLINICA PEDIÁTRICA;2020;3;466;42;11,095238095238095
HRAD;UNIDADE INTERNAÇÃO - CLINICA PEDIÁTRICA;2020;4;335;46;7,282608695652174
HRAD;UNIDADE INTERNAÇÃO - CLINICA PEDIÁTRICA;2020;5;355;40;8,875
HRAD;UNIDADE INTERNAÇÃO - CLINICA PEDIÁTRICA;2020;6;330;33;10,0
HRAD;UNIDADE INTERNAÇÃO - CLINICA PEDIÁTRICA;2020;7;277;31;8,935483870967742
HRAD;UNIDADE INTERNAÇÃO - CLINICA PEDIÁTRICA;2020;8;616;41;15,024390243902438
HRAD;UNIDADE INTERNAÇÃO - CLINICA PEDIÁTRICA;2020;9;370;39;9,487179487179487
HRAD;UNIDADE INTERNAÇÃO - CLINICA PEDIÁTRICA;2020;10;368;41;8,975609756097562
HRAD;UNIDADE INTERNAÇÃO - CLINICA PEDIÁTRICA;2020;11;508;51;9,96078431372549
HRAD;UNIDADE INTERNAÇÃO - CLINICA PEDIÁTRICA;2020;12;303;46;6,586956521739131
HRAD;UNIDADE INTERNAÇÃO - CLINICA PEDIÁTRICA;2021;1;350;50;7,0
HRAD;UNIDADE INTERNAÇÃO - CLINICA PEDIÁTRICA;2021;2;335;47;7,127659574468085
HRAD;UNIDADE INTERNAÇÃO - CLINICA PEDIÁTRICA;2021;3;196;29;6,758620689655173
HRAD;UNIDADE INTERNAÇÃO - CLINICA PEDIÁTRICA;2021;4;443;48;9,229166666666666
HRAD;UNIDADE INTERNAÇÃO - CLINICA PEDIÁTRICA;2021;5;440;45;9,777777777777779
HRAD;UNIDADE INTERNAÇÃO - CLINICA PEDIÁTRICA;2021;6;458;40;11,45
HRAD;UNIDADE INTERNAÇÃO - CLINICA PEDIÁTRICA;2021;7;411;45;9,133333333333333
HRAD;UNIDADE INTERNAÇÃO - CLINICA PEDIÁTRICA;2021;8;433;51;8,490196078431373
HRAD;UNIDADE INTERNAÇÃO - CLINICA PEDIÁTRICA;2021;9;338;49;6,8979591836734695
HRAD;UNIDADE INTERNAÇÃO - CLINICA PEDIÁTRICA;2021;10;439;52;8,442307692307692
HRAD;UNIDADE INTERNAÇÃO - CLINICA PEDIÁTRICA;2021;11;493;54;9,12962962962963
HRAD;UNIDADE INTERNAÇÃO - CLINICA PEDIÁTRICA;2021;12;289;52;5,5576923076923075
HRAD;UNIDADE INTERNAÇÃO - CLINICA PEDIÁTRICA;2022;1;373;40;9,325
HRAD;UNIDADE INTERNAÇÃO - CLINICA PEDIÁTRICA;2022;2;432;33;13,090909090909092
HRAD;UNIDADE INTERNAÇÃO - CLINICA PEDIÁTRICA;2022;3;436;56;7,785714285714286
HRAD;UNIDADE INTERNAÇÃO - CLINICA PEDIÁTRICA;2022;4;566;47;12,042553191489361
HRAD;UNIDADE INTERNAÇÃO - CLINICA PEDIÁTRICA;2022;5;555;45;12,333333333333334
HRAD;UNIDADE INTERNAÇÃO - CLINICA PEDIÁTRICA;2022;6;418;44;9,5
HRAD;UNIDADE INTERNAÇÃO - CLINICA PEDIÁTRICA;2022;7;583;53;11,0
HRAD;UNIDADE INTERNAÇÃO - CLINICA PEDIÁTRICA;2022;8;443;50;8,86
HRAD;UNIDADE INTERNAÇÃO - CLINICA PEDIÁTRICA;2022;9;335;41;8,170731707317072
HRAD;UNIDADE INTERNAÇÃO - CLINICA PEDIÁTRICA;2022;10;341;37;9,216216216216216
HRAD;UNIDADE INTERNAÇÃO - CLINICA PEDIÁTRICA;2022;11;622;49;12,693877551020408
HRAD;UNIDADE INTERNAÇÃO - CLINICA PEDIÁTRICA;2022;12;507;56;9,053571428571429
HRAD;UNIDADE INTERNAÇÃO - CLINICA PEDIÁTRICA;2023;1;329;51;6,450980392156863
HRAD;UNIDADE INTERNAÇÃO - CLINICA PEDIÁTRICA;2023;2;414;38;10,894736842105264
HRAD;UNIDADE INTERNAÇÃO - CLINICA PEDIÁTRICA;2023;3;353;48;7,354166666666667
HRAD;UNIDADE INTERNAÇÃO - CLINICA PEDIÁTRICA;2023;4;664;50;13,28
HRAD;UNIDADE INTERNAÇÃO - CLINICA PEDIÁTRICA;2023;5;667;53;12,584905660377359
HRAD;UNIDADE INTERNAÇÃO - CLINICA PEDIÁTRICA;2023;6;397;40;9,925
HRAD;UNIDADE INTERNAÇÃO - CLINICA PEDIÁTRICA;2023;7;604;55;10,981818181818182
HRAD;UNIDADE INTERNAÇÃO - CLINICA PEDIÁTRICA;2023;8;478;50;9,56
HRAD;UNIDADE INTERNAÇÃO - CLINICA PEDIÁTRICA;2023;9;440;46;9,565217391304348
HRAD;UNIDADE INTERNAÇÃO - CLINICA PEDIÁTRICA;2023;10;292;53;5,509433962264151
HRAD;UNIDADE INTERNAÇÃO - CLINICA PEDIÁTRICA;2023;11;199;31;6,419354838709677
HRAD;UNIDADE INTERNAÇÃO - CLINICA PEDIÁTRICA;2023;12;573;55;10,418181818181818
HRAD;UNIDADE INTERNAÇÃO - CLINICA PEDIÁTRICA;2024;1;501;45;11,133333333333333
HRAD;UNIDADE INTERNAÇÃO - CLINICA PEDIÁTRICA;2024;2;304;44;6,909090909090909
HRAD;UNIDADE INTERNAÇÃO - CLINICA PEDIÁTRICA;2024;3;564;49;11,510204081632653
HRAD;UNIDADE INTERNAÇÃO - CLINICA PEDIÁTRICA;2024;4;430;42;10,238095238095237
HRAD;UNIDADE INTERNAÇÃO - CLINICA PEDIÁTRICA;2024;5;464;52;8,923076923076923
HRAD;UNIDADE INTERNAÇÃO - CLINICA PEDIÁTRICA;2024;6;651;41;15,878048780487806
HRAD;UNIDADE INTERNAÇÃO - CLINICA PEDIÁTRICA;2024;7;378;53;7,132075471698113
HRAD;UNIDADE INTERNAÇÃO - CLINICA PEDIÁTRICA;2024;8;440;53;8,30188679245283
HRAD;UNIDADE INTERNAÇÃO - CLINICA PEDIÁTRICA;2024;9;464;59;7,864406779661017
HRAD;UNIDADE INTERNAÇÃO - CLINICA PEDIÁTRICA;2024;10;463;70;6,614285714285714
HRAD;UNIDADE INTERNAÇÃO - CLINICA PEDIÁTRICA;2024;11;581;62;9,370967741935484
HRAD;UNIDADE INTERNAÇÃO - CLINICA PEDIÁTRICA;2024;12;489;64;7,640625
HRAD;UNIDADE INTERNAÇÃO - CLINICA PEDIÁTRICA;2025;1;478;58;8,241379310344827
HRAD;UNIDADE INTERNAÇÃO - CLINICA PEDIÁTRICA;2025;2;475;53;8,962264150943396
HRAD;UNIDADE INTERNAÇÃO - CLINICA PEDIÁTRICA;2025;3;520;49;10,612244897959183
HRAD;UNIDADE INTERNAÇÃO - CLINICA PEDIÁTRICA;2025;4;371;50;7,42
HRAD;UNIDADE INTERNAÇÃO - CLINICA PEDIÁTRICA;2025;5;699;55;12,709090909090909
HRAD;UNIDADE INTERNAÇÃO - CLINICA PEDIÁTRICA;2025;6;488;46;10,608695652173912
HRAD;UNIDADE INTERNAÇÃO - CLINICA PEDIÁTRICA;2025;7;452;54;8,37037037037037
HRAD;UNIDADE INTERNAÇÃO - CLINICA PEDIÁTRICA;2025;8;428;50;8,56
HRAD;UNIDADE INTERNAÇÃO - CLINICA PEDIÁTRICA;2025;9;398;51;7,803921568627451
HRAD;UNIDADE INTERNAÇÃO - CLINICA PEDIÁTRICA;2025;10;695;49;14,183673469387756
HRAD;UNIDADE INTERNAÇÃO - CLINICA PEDIÁTRICA;2025;11;328;53;6,188679245283019
HRAD;UNIDADE INTERNAÇÃO - CLINICA PEDIÁTRICA;2025;12;576;46;12,521739130434783
HRAD;UNIDADE INTERNAÇÃO - CLINICA PEDIÁTRICA;2026;1;364;51;7,137254901960785
HRAD;UNIDADE INTERNAÇÃO - CLINICA PEDIÁTRICA;2026;2;399;54;7,388888888888889
HRAD;UNIDADE INTERNAÇÃO - CLINICA PEDIÁTRICA;2026;3;455;54;8,425925925925926
HRAD;UNIDADE INTERNAÇÃO - CLINICA PEDIÁTRICA;2026;4;445;47;9,46808510638298
HRAD;UNIDADE INTERNAÇÃO - CLINICA PEDIÁTRICA;2026;5;576;59;9,76271186440678
HRAD;UNIDADE INTERNAÇÃO - CLINICA PEDIÁTRICA;2026;6;234;22;10,636363636363637
HRAD;UTI;2019;1;271;18;15,055555555555555
HRAD;UTI;2019;2;104;15;6,933333333333334
HRAD;UTI;2019;3;147;14;10,5
HRAD;UTI;2019;4;229;15;15,266666666666667
HRAD;UTI;2019;5;111;22;5,045454545454546
HRAD;UTI;2019;6;240;9;26,666666666666668
HRAD;UTI;2019;7;89;11;8,090909090909092
HRAD;UTI;2019;8;99;10;9,9
HRAD;UTI;2019;9;129;18;7,166666666666667
HRAD;UTI;2019;10;103;12;8,583333333333334
HRAD;UTI;2019;11;123;10;12,3
HRAD;UTI;2019;12;101;9;11,222222222222221
HRAD;UTI;2020;1;160;18;8,88888888888889
HRAD;UTI;2020;2;96;14;6,857142857142857
HRAD;UTI;2020;3;152;17;8,941176470588236
HRAD;UTI;2020;4;81;11;7,363636363636363
HRAD;UTI;2020;5;126;22;5,7272727272727275
HRAD;UTI;2020;6;244;33;7,393939393939394
HRAD;UTI;2020;7;169;27;6,2592592592592595
HRAD;UTI;2020;8;201;26;7,730769230769231
HRAD;UTI;2020;9;442;50;8,84
HRAD;UTI;2020;10;179;34;5,264705882352941
HRAD;UTI;2020;11;297;24;12,375
HRAD;UTI;2020;12;77;11;7,0
HRAD;UTI;2021;1;171;23;7,434782608695652
HRAD;UTI;2021;2;357;37;9,64864864864865
HRAD;UTI;2021;3;368;35;10,514285714285714
HRAD;UTI;2021;4;273;34;8,029411764705882
HRAD;UTI;2021;5;402;23;17,47826086956522
HRAD;UTI;2021;6;374;26;14,384615384615385
HRAD;UTI;2021;7;327;26;12,576923076923077
HRAD;UTI;2021;8;209;17;12,294117647058824
HRAD;UTI;2021;9;243;20;12,15
HRAD;UTI;2021;10;109;17;6,411764705882353
HRAD;UTI;2021;11;104;9;11,555555555555555
HRAD;UTI;2021;12;120;12;10,0
HRAD;UTI;2022;1;203;16;12,6875
HRAD;UTI;2022;2;117;14;8,357142857142858
HRAD;UTI;2022;3;69;11;6,2727272727272725
HRAD;UTI;2022;4;227;20;11,35
HRAD;UTI;2022;5;126;12;10,5
HRAD;UTI;2022;6;26;2;13,0
HRAD;UTI;2022;7;100;6;16,666666666666668
HRAD;UTI;2022;8;51;12;4,25
HRAD;UTI;2022;9;103;13;7,923076923076923
HRAD;UTI - ADULTO;2022;10;204;11;18,545454545454547
HRAD;UTI - ADULTO;2022;11;113;13;8,692307692307692
HRAD;UTI - ADULTO;2022;12;286;16;17,875
HRAD;UTI - ADULTO;2023;1;114;15;7,6
HRAD;UTI - ADULTO;2023;2;176;12;14,666666666666666
HRAD;UTI - ADULTO;2023;3;148;17;8,705882352941176
HRAD;UTI - ADULTO;2023;4;134;18;7,444444444444445
HRAD;UTI - ADULTO;2023;5;158;12;13,166666666666666
HRAD;UTI - ADULTO;2023;6;188;10;18,8
HRAD;UTI - ADULTO;2023;7;65;6;10,833333333333334
HRAD;UTI - ADULTO;2023;8;125;13;9,615384615384615
HRAD;UTI - ADULTO;2023;9;150;9;16,666666666666668
HRAD;UTI - ADULTO;2023;10;115;17;6,764705882352941
HRAD;UTI - ADULTO;2023;11;199;16;12,4375
HRAD;UTI - ADULTO;2023;12;188;16;11,75
HRAD;UTI - ADULTO;2024;1;129;12;10,75
HRAD;UTI - ADULTO;2024;2;44;6;7,333333333333333
HRAD;UTI - ADULTO;2024;3;111;11;10,090909090909092
HRAD;UTI - ADULTO;2024;4;128;15;8,533333333333333
HRAD;UTI - ADULTO;2024;5;52;5;10,4
HRAD;UTI - ADULTO;2024;6;214;12;17,833333333333332
HRAD;UTI - ADULTO;2024;7;153;18;8,5
HRAD;UTI - ADULTO;2024;8;177;17;10,411764705882353
HRAD;UTI - ADULTO;2024;9;81;11;7,363636363636363
HRAD;UTI - ADULTO;2024;10;192;15;12,8
HRAD;UTI - ADULTO;2024;11;75;10;7,5
HRAD;UTI - ADULTO;2024;12;80;9;8,88888888888889
HRAD;UTI - ADULTO;2025;1;82;5;16,4
HRAD;UTI - ADULTO;2025;2;171;15;11,4
HRAD;UTI - ADULTO;2025;3;36;8;4,5
HRAD;UTI - ADULTO;2025;4;101;13;7,769230769230769
HRAD;UTI - ADULTO;2025;5;43;9;4,777777777777778
HRAD;UTI - ADULTO;2025;6;157;13;12,076923076923077
HRAD;UTI - ADULTO;2025;7;90;10;9,0
HRAD;UTI - ADULTO;2025;8;62;6;10,333333333333334
HRAD;UTI - ADULTO;2025;9;105;11;9,545454545454545
HRAD;UTI - ADULTO;2025;10;91;11;8,272727272727273
HRAD;UTI - ADULTO;2025;11;106;18;5,888888888888889
HRAD;UTI - ADULTO;2025;12;78;8;9,75
HRAD;UTI - ADULTO;2026;1;139;12;11,583333333333334
HRAD;UTI - ADULTO;2026;2;83;7;11,857142857142858
HRAD;UTI - ADULTO;2026;3;182;10;18,2
HRAD;UTI - ADULTO;2026;4;131;13;10,076923076923077
HRAD;UTI - ADULTO;2026;5;89;10;8,9
HRAD;UTI - ADULTO;2026;6;154;10;15,4
HRAD;UTI - NEONATAL;2019;1;80;2;40,0
HRAD;UTI - NEONATAL;2019;2;31;1;31,0
HRAD;UTI - NEONATAL;2019;3;8;1;8,0
HRAD;UTI - NEONATAL;2019;4;95;3;31,666666666666668
HRAD;UTI - NEONATAL;2019;5;15;2;7,5
HRAD;UTI - NEONATAL;2019;6;137;3;45,666666666666664
HRAD;UTI - NEONATAL;2019;7;81;4;20,25
HRAD;UTI - NEONATAL;2019;8;14;2;7,0
HRAD;UTI - NEONATAL;2019;10;81;1;81,0
HRAD;UTI - NEONATAL;2019;11;81;5;16,2
HRAD;UTI - NEONATAL;2019;12;39;2;19,5
HRAD;UTI - NEONATAL;2020;1;15;1;15,0
HRAD;UTI - NEONATAL;2020;2;1;1;1,0
HRAD;UTI - NEONATAL;2020;3;10;4;2,5
HRAD;UTI - NEONATAL;2020;4;65;1;65,0
HRAD;UTI - NEONATAL;2020;5;36;2;18,0
HRAD;UTI - NEONATAL;2020;6;13;2;6,5
HRAD;UTI - NEONATAL;2020;7;6;1;6,0
HRAD;UTI - NEONATAL;2020;8;279;5;55,8
HRAD;UTI - NEONATAL;2020;9;45;3;15,0
HRAD;UTI - NEONATAL;2020;10;65;4;16,25
HRAD;UTI - NEONATAL;2020;11;36;1;36,0
HRAD;UTI - NEONATAL;2020;12;56;3;18,666666666666668
HRAD;UTI - NEONATAL;2021;1;7;2;3,5
HRAD;UTI - NEONATAL;2021;2;26;2;13,0
HRAD;UTI - NEONATAL;2021;3;214;7;30,571428571428573
HRAD;UTI - NEONATAL;2021;4;53;3;17,666666666666668
HRAD;UTI - NEONATAL;2021;6;158;4;39,5
HRAD;UTI - NEONATAL;2021;7;2;2;1,0
HRAD;UTI - NEONATAL;2021;8;55;1;55,0
HRAD;UTI - NEONATAL;2021;10;40;2;20,0
HRAD;UTI - NEONATAL;2021;11;28;2;14,0
HRAD;UTI - NEONATAL;2021;12;5;1;5,0
HRAD;UTI - NEONATAL;2022;1;241;5;48,2
HRAD;UTI - NEONATAL;2022;2;77;2;38,5
HRAD;UTI - NEONATAL;2022;3;157;5;31,4
HRAD;UTI - NEONATAL;2022;4;7;2;3,5
HRAD;UTI - NEONATAL;2022;5;42;3;14,0
HRAD;UTI - NEONATAL;2022;6;102;4;25,5
HRAD;UTI - NEONATAL;2022;8;195;8;24,375
HRAD;UTI - NEONATAL;2022;9;28;2;14,0
HRAD;UTI - NEONATAL;2022;10;1;2;0,5
HRAD;UTI - NEONATAL;2022;11;45;5;9,0
HRAD;UTI - NEONATAL;2022;12;83;6;13,833333333333334
HRAD;UTI - NEONATAL;2023;1;177;4;44,25
HRAD;UTI - NEONATAL;2023;2;8;1;8,0
HRAD;UTI - NEONATAL;2023;3;45;2;22,5
HRAD;UTI - NEONATAL;2023;4;1;1;1,0
HRAD;UTI - NEONATAL;2023;5;59;3;19,666666666666668
HRAD;UTI - NEONATAL;2023;6;37;3;12,333333333333334
HRAD;UTI - NEONATAL;2023;7;21;1;21,0
HRAD;UTI - NEONATAL;2023;8;48;3;16,0
HRAD;UTI - NEONATAL;2023;9;121;3;40,333333333333336
HRAD;UTI - NEONATAL;2023;10;151;3;50,333333333333336
HRAD;UTI - NEONATAL;2023;12;210;3;70,0
HRAD;UTI - NEONATAL;2024;1;76;3;25,333333333333332
HRAD;UTI - NEONATAL;2024;2;49;3;16,333333333333332
HRAD;UTI - NEONATAL;2024;3;13;1;13,0
HRAD;UTI - NEONATAL;2024;4;36;1;36,0
HRAD;UTI - NEONATAL;2024;5;63;3;21,0
HRAD;UTI - NEONATAL;2024;6;13;2;6,5
HRAD;UTI - NEONATAL;2024;7;6;2;3,0
HRAD;UTI - NEONATAL;2024;8;6;1;6,0
HRAD;UTI - NEONATAL;2024;9;122;5;24,4
HRAD;UTI - NEONATAL;2024;10;33;3;11,0
HRAD;UTI - NEONATAL;2024;11;20;4;5,0
HRAD;UTI - NEONATAL;2024;12;36;5;7,2
HRAD;UTI - NEONATAL;2025;1;60;3;20,0
HRAD;UTI - NEONATAL;2025;2;7;1;7,0
HRAD;UTI - NEONATAL;2025;4;49;2;24,5
HRAD;UTI - NEONATAL;2025;5;1;1;1,0
HRAD;UTI - NEONATAL;2025;6;45;3;15,0
HRAD;UTI - NEONATAL;2025;7;70;5;14,0
HRAD;UTI - NEONATAL;2025;8;6;1;6,0
HRAD;UTI - NEONATAL;2025;9;44;2;22,0
HRAD;UTI - NEONATAL;2025;11;85;3;28,333333333333332
HRAD;UTI - NEONATAL;2025;12;108;3;36,0
HRAD;UTI - NEONATAL;2026;1;3;1;3,0
HRAD;UTI - NEONATAL;2026;2;23;4;5,75
HRAD;UTI - NEONATAL;2026;3;24;3;8,0
HRAD;UTI - NEONATAL;2026;4;102;3;34,0
HRAD;UTI - NEONATAL;2026;5;9;3;3,0
HRAD;UTI - NEONATAL;2026;6;20;2;10,0
HRAD;UTIN;2026;6;6;2;3,0
HRBJA;BOARDING/HRB/CHB;2026;3;2;3;0,6666666666666666
HRBJA;BOARDING/HRB/CHB;2026;4;7;1;7,0
HRBJA;BOARDING/HRB/CHB;2026;5;26;4;6,5
HRBJA;BOARDING/HRB/CHB;2026;6;1;1;1,0
HRBJA;CLINICA CIRURGICA/HRB/CHB;2024;6;229;20;11,45
HRBJA;CLINICA CIRURGICA/HRB/CHB;2024;7;968;80;12,1
HRBJA;CLINICA CIRURGICA/HRB/CHB;2024;8;1037;100;10,37
HRBJA;CLINICA CIRURGICA/HRB/CHB;2024;9;713;81;8,802469135802468
HRBJA;CLINICA CIRURGICA/HRB/CHB;2024;10;861;101;8,524752475247524
HRBJA;CLINICA CIRURGICA/HRB/CHB;2024;11;683;101;6,762376237623762
HRBJA;CLINICA CIRURGICA/HRB/CHB;2024;12;836;119;7,025210084033613
HRBJA;CLINICA CIRURGICA/HRB/CHB;2025;1;718;114;6,298245614035087
HRBJA;CLINICA CIRURGICA/HRB/CHB;2025;2;482;93;5,182795698924731
HRBJA;CLINICA CIRURGICA/HRB/CHB;2025;3;771;93;8,290322580645162
HRBJA;CLINICA CIRURGICA/HRB/CHB;2025;4;730;107;6,822429906542056
HRBJA;CLINICA CIRURGICA/HRB/CHB;2025;5;719;115;6,252173913043478
HRBJA;CLINICA CIRURGICA/HRB/CHB;2025;6;733;104;7,048076923076923
HRBJA;CLINICA CIRURGICA/HRB/CHB;2025;7;791;108;7,324074074074074
HRBJA;CLINICA CIRURGICA/HRB/CHB;2025;8;829;117;7,085470085470085
HRBJA;CLINICA CIRURGICA/HRB/CHB;2025;9;939;96;9,78125
HRBJA;CLINICA CIRURGICA/HRB/CHB;2025;10;734;91;8,065934065934066
HRBJA;CLINICA CIRURGICA/HRB/CHB;2025;11;758;91;8,32967032967033
HRBJA;CLINICA CIRURGICA/HRB/CHB;2025;12;914;113;8,08849557522124
HRBJA;CLINICA CIRURGICA/HRB/CHB;2026;1;926;117;7,914529914529915
HRBJA;CLINICA CIRURGICA/HRB/CHB;2026;2;989;137;7,218978102189781
HRBJA;CLINICA CIRURGICA/HRB/CHB;2026;3;1483;180;8,238888888888889
HRBJA;CLINICA CIRURGICA/HRB/CHB;2026;4;1530;158;9,683544303797468
HRBJA;CLINICA CIRURGICA/HRB/CHB;2026;5;1380;165;8,363636363636363
HRBJA;CLINICA CIRURGICA/HRB/CHB;2026;6;1502;154;9,753246753246753
HRBJA;CLINICA MEDICA/HRB/CHB;2024;6;285;10;28,5
HRBJA;CLINICA MEDICA/HRB/CHB;2024;7;1264;75;16,85333333333333
HRBJA;CLINICA MEDICA/HRB/CHB;2024;8;1401;80;17,5125
HRBJA;CLINICA MEDICA/HRB/CHB;2024;9;1200;83;14,457831325301205
HRBJA;CLINICA MEDICA/HRB/CHB;2024;10;907;57;15,912280701754385
HRBJA;CLINICA MEDICA/HRB/CHB;2024;11;1192;94;12,680851063829786
HRBJA;CLINICA MEDICA/HRB/CHB;2024;12;1447;114;12,692982456140351
HRBJA;CLINICA MEDICA/HRB/CHB;2025;1;1358;111;12,234234234234235
HRBJA;CLINICA MEDICA/HRB/CHB;2025;2;1193;88;13,556818181818182
HRBJA;CLINICA MEDICA/HRB/CHB;2025;3;1099;99;11,1010101010101
HRBJA;CLINICA MEDICA/HRB/CHB;2025;4;1412;103;13,70873786407767
HRBJA;CLINICA MEDICA/HRB/CHB;2025;5;1454;106;13,716981132075471
HRBJA;CLINICA MEDICA/HRB/CHB;2025;6;1384;110;12,581818181818182
HRBJA;CLINICA MEDICA/HRB/CHB;2025;7;1300;111;11,711711711711711
HRBJA;CLINICA MEDICA/HRB/CHB;2025;8;1199;88;13,625
HRBJA;CLINICA MEDICA/HRB/CHB;2025;9;1246;81;15,382716049382717
HRBJA;CLINICA MEDICA/HRB/CHB;2025;10;1192;84;14,19047619047619
HRBJA;CLINICA MEDICA/HRB/CHB;2025;11;1411;93;15,172043010752688
HRBJA;CLINICA MEDICA/HRB/CHB;2025;12;1116;79;14,126582278481013
HRBJA;CLINICA MEDICA/HRB/CHB;2026;1;1301;86;15,127906976744185
HRBJA;CLINICA MEDICA/HRB/CHB;2026;2;997;92;10,83695652173913
HRBJA;CLINICA MEDICA/HRB/CHB;2026;3;648;60;10,8
HRBJA;CLINICA MEDICA/HRB/CHB;2026;4;728;40;18,2
HRBJA;CLINICA MEDICA/HRB/CHB;2026;5;575;39;14,743589743589743
HRBJA;CLINICA MEDICA/HRB/CHB;2026;6;818;66;12,393939393939394
HRBJA;PRONTO ATENDIMENTO;2020;6;11;6;1,8333333333333333
HRBJA;TRAUMATO-ORTOPEDIA CIRURGICA/CHPB/CHB;2024;6;54;3;18,0
HRBJA;TRAUMATO-ORTOPEDIA CIRURGICA/CHPB/CHB;2024;7;245;9;27,22222222222222
HRBJA;TRAUMATO-ORTOPEDIA CIRURGICA/CHPB/CHB;2024;8;262;10;26,2
HRBJA;TRAUMATO-ORTOPEDIA CIRURGICA/CHPB/CHB;2024;9;167;9;18,555555555555557
HRBJA;TRAUMATO-ORTOPEDIA CIRURGICA/CHPB/CHB;2024;10;65;9;7,222222222222222
HRBJA;TRAUMATO-ORTOPEDIA CIRURGICA/CHPB/CHB;2024;11;214;13;16,46153846153846
HRBJA;TRAUMATO-ORTOPEDIA CIRURGICA/CHPB/CHB;2024;12;370;13;28,46153846153846
HRBJA;TRAUMATO-ORTOPEDIA CIRURGICA/CHPB/CHB;2025;1;155;15;10,333333333333334
HRBJA;TRAUMATO-ORTOPEDIA CIRURGICA/CHPB/CHB;2025;2;117;7;16,714285714285715
HRBJA;TRAUMATO-ORTOPEDIA CIRURGICA/CHPB/CHB;2025;3;82;11;7,454545454545454
HRBJA;TRAUMATO-ORTOPEDIA CIRURGICA/CHPB/CHB;2025;4;95;3;31,666666666666668
HRBJA;TRAUMATO-ORTOPEDIA CIRURGICA/CHPB/CHB;2025;5;192;9;21,333333333333332
HRBJA;TRAUMATO-ORTOPEDIA CIRURGICA/CHPB/CHB;2025;6;113;9;12,555555555555555
HRBJA;TRAUMATO-ORTOPEDIA CIRURGICA/CHPB/CHB;2025;7;234;10;23,4
HRBJA;TRAUMATO-ORTOPEDIA CIRURGICA/CHPB/CHB;2025;8;207;17;12,176470588235293
HRBJA;TRAUMATO-ORTOPEDIA CIRURGICA/CHPB/CHB;2025;9;116;10;11,6
HRBJA;TRAUMATO-ORTOPEDIA CIRURGICA/CHPB/CHB;2025;10;99;4;24,75
HRBJA;TRAUMATO-ORTOPEDIA CIRURGICA/CHPB/CHB;2025;11;29;5;5,8
HRBJA;TRAUMATO-ORTOPEDIA CIRURGICA/CHPB/CHB;2025;12;125;9;13,88888888888889
HRBJA;TRAUMATO-ORTOPEDIA CIRURGICA/CHPB/CHB;2026;1;149;8;18,625
HRBJA;TRAUMATO-ORTOPEDIA CIRURGICA/CHPB/CHB;2026;2;53;9;5,888888888888889
HRBJA;TRAUMATO-ORTOPEDIA CIRURGICA/CHPB/CHB;2026;3;179;30;5,966666666666667
HRBJA;TRAUMATO-ORTOPEDIA CIRURGICA/CHPB/CHB;2026;4;96;19;5,052631578947368
HRBJA;TRAUMATO-ORTOPEDIA CIRURGICA/CHPB/CHB;2026;5;232;21;11,047619047619047
HRBJA;TRAUMATO-ORTOPEDIA CIRURGICA/CHPB/CHB;2026;6;283;34;8,323529411764707
HRBJA;UAVC-AGUDO/HRB/CHB;2026;3;16;9;1,7777777777777777
HRBJA;UAVC-AGUDO/HRB/CHB;2026;4;36;12;3,0
HRBJA;UAVC-AGUDO/HRB/CHB;2026;5;42;13;3,230769230769231
HRBJA;UAVC-AGUDO/HRB/CHB;2026;6;47;13;3,6153846153846154
HRBJA;UCR-CIRURGICA/HRB/CHB;2026;2;9;1;9,0
HRBJA;UCR-CIRURGICA/HRB/CHB;2026;3;97;25;3,88
HRBJA;UCR-CIRURGICA/HRB/CHB;2026;4;106;28;3,7857142857142856
HRBJA;UCR-CIRURGICA/HRB/CHB;2026;5;170;30;5,666666666666667
HRBJA;UCR-CIRURGICA/HRB/CHB;2026;6;94;23;4,086956521739131
HRBJA;UNIDADE INTERNAÇÃO - CLINICA CIRURGICA;2019;1;620;69;8,985507246376812
HRBJA;UNIDADE INTERNAÇÃO - CLINICA CIRURGICA;2019;2;604;66;9,151515151515152
HRBJA;UNIDADE INTERNAÇÃO - CLINICA CIRURGICA;2019;3;789;76;10,381578947368421
HRBJA;UNIDADE INTERNAÇÃO - CLINICA CIRURGICA;2019;4;661;84;7,869047619047619
HRBJA;UNIDADE INTERNAÇÃO - CLINICA CIRURGICA;2019;5;679;77;8,818181818181818
HRBJA;UNIDADE INTERNAÇÃO - CLINICA CIRURGICA;2019;6;706;65;10,861538461538462
HRBJA;UNIDADE INTERNAÇÃO - CLINICA CIRURGICA;2019;7;656;69;9,507246376811594
HRBJA;UNIDADE INTERNAÇÃO - CLINICA CIRURGICA;2019;8;761;69;11,028985507246377
HRBJA;UNIDADE INTERNAÇÃO - CLINICA CIRURGICA;2019;9;535;57;9,385964912280702
HRBJA;UNIDADE INTERNAÇÃO - CLINICA CIRURGICA;2019;10;888;83;10,698795180722891
HRBJA;UNIDADE INTERNAÇÃO - CLINICA CIRURGICA;2019;11;832;82;10,146341463414634
HRBJA;UNIDADE INTERNAÇÃO - CLINICA CIRURGICA;2019;12;675;62;10,887096774193548
HRBJA;UNIDADE INTERNAÇÃO - CLINICA CIRURGICA;2020;1;996;85;11,717647058823529
HRBJA;UNIDADE INTERNAÇÃO - CLINICA CIRURGICA;2020;2;528;51;10,352941176470589
HRBJA;UNIDADE INTERNAÇÃO - CLINICA CIRURGICA;2020;3;864;65;13,292307692307693
HRBJA;UNIDADE INTERNAÇÃO - CLINICA CIRURGICA;2020;4;504;63;8,0
HRBJA;UNIDADE INTERNAÇÃO - CLINICA CIRURGICA;2020;5;525;68;7,720588235294118
HRBJA;UNIDADE INTERNAÇÃO - CLINICA CIRURGICA;2020;6;509;75;6,786666666666667
HRBJA;UNIDADE INTERNAÇÃO - CLINICA CIRURGICA;2020;7;567;92;6,163043478260869
HRBJA;UNIDADE INTERNAÇÃO - CLINICA CIRURGICA;2020;8;703;91;7,725274725274725
HRBJA;UNIDADE INTERNAÇÃO - CLINICA CIRURGICA;2020;9;647;90;7,188888888888889
HRBJA;UNIDADE INTERNAÇÃO - CLINICA CIRURGICA;2020;10;675;81;8,333333333333334
HRBJA;UNIDADE INTERNAÇÃO - CLINICA CIRURGICA;2020;11;745;62;12,016129032258064
HRBJA;UNIDADE INTERNAÇÃO - CLINICA CIRURGICA;2020;12;719;65;11,061538461538461
HRBJA;UNIDADE INTERNAÇÃO - CLINICA CIRURGICA;2021;1;480;48;10,0
HRBJA;UNIDADE INTERNAÇÃO - CLINICA CIRURGICA;2021;2;578;57;10,140350877192983
HRBJA;UNIDADE INTERNAÇÃO - CLINICA CIRURGICA;2021;3;688;64;10,75
HRBJA;UNIDADE INTERNAÇÃO - CLINICA CIRURGICA;2021;4;677;64;10,578125
HRBJA;UNIDADE INTERNAÇÃO - CLINICA CIRURGICA;2021;5;736;86;8,55813953488372
HRBJA;UNIDADE INTERNAÇÃO - CLINICA CIRURGICA;2021;6;679;64;10,609375
HRBJA;UNIDADE INTERNAÇÃO - CLINICA CIRURGICA;2021;7;785;74;10,608108108108109
HRBJA;UNIDADE INTERNAÇÃO - CLINICA CIRURGICA;2021;8;801;72;11,125
HRBJA;UNIDADE INTERNAÇÃO - CLINICA CIRURGICA;2021;9;671;58;11,568965517241379
HRBJA;UNIDADE INTERNAÇÃO - CLINICA CIRURGICA;2021;10;1044;62;16,838709677419356
HRBJA;UNIDADE INTERNAÇÃO - CLINICA CIRURGICA;2021;11;736;66;11,151515151515152
HRBJA;UNIDADE INTERNAÇÃO - CLINICA CIRURGICA;2021;12;827;74;11,175675675675675
HRBJA;UNIDADE INTERNAÇÃO - CLINICA CIRURGICA;2022;1;571;51;11,196078431372548
HRBJA;UNIDADE INTERNAÇÃO - CLINICA CIRURGICA;2022;2;1015;65;15,615384615384615
HRBJA;UNIDADE INTERNAÇÃO - CLINICA CIRURGICA;2022;3;830;71;11,690140845070422
HRBJA;UNIDADE INTERNAÇÃO - CLINICA CIRURGICA;2022;4;648;57;11,368421052631579
HRBJA;UNIDADE INTERNAÇÃO - CLINICA CIRURGICA;2022;5;1025;64;16,015625
HRBJA;UNIDADE INTERNAÇÃO - CLINICA CIRURGICA;2022;6;669;55;12,163636363636364
HRBJA;UNIDADE INTERNAÇÃO - CLINICA CIRURGICA;2022;7;851;76;11,197368421052632
HRBJA;UNIDADE INTERNAÇÃO - CLINICA CIRURGICA;2022;8;521;60;8,683333333333334
HRBJA;UNIDADE INTERNAÇÃO - CLINICA CIRURGICA;2022;9;883;75;11,773333333333333
HRBJA;UNIDADE INTERNAÇÃO - CLINICA CIRURGICA;2022;10;699;71;9,845070422535212
HRBJA;UNIDADE INTERNAÇÃO - CLINICA CIRURGICA;2022;11;505;56;9,017857142857142
HRBJA;UNIDADE INTERNAÇÃO - CLINICA CIRURGICA;2022;12;871;66;13,196969696969697
HRBJA;UNIDADE INTERNAÇÃO - CLINICA CIRURGICA;2023;1;782;63;12,412698412698413
HRBJA;UNIDADE INTERNAÇÃO - CLINICA CIRURGICA;2023;2;683;49;13,938775510204081
HRBJA;UNIDADE INTERNAÇÃO - CLINICA CIRURGICA;2023;3;808;58;13,931034482758621
HRBJA;UNIDADE INTERNAÇÃO - CLINICA CIRURGICA;2023;4;865;65;13,307692307692308
HRBJA;UNIDADE INTERNAÇÃO - CLINICA CIRURGICA;2023;5;680;46;14,782608695652174
HRBJA;UNIDADE INTERNAÇÃO - CLINICA CIRURGICA;2023;6;1094;64;17,09375
HRBJA;UNIDADE INTERNAÇÃO - CLINICA CIRURGICA;2023;7;737;56;13,160714285714286
HRBJA;UNIDADE INTERNAÇÃO - CLINICA CIRURGICA;2023;8;992;64;15,5
HRBJA;UNIDADE INTERNAÇÃO - CLINICA CIRURGICA;2023;9;949;68;13,955882352941176
HRBJA;UNIDADE INTERNAÇÃO - CLINICA CIRURGICA;2023;10;796;54;14,74074074074074
HRBJA;UNIDADE INTERNAÇÃO - CLINICA CIRURGICA;2023;11;1044;89;11,730337078651685
HRBJA;UNIDADE INTERNAÇÃO - CLINICA CIRURGICA;2023;12;886;81;10,938271604938272
HRBJA;UNIDADE INTERNAÇÃO - CLINICA CIRURGICA;2024;1;682;74;9,216216216216216
HRBJA;UNIDADE INTERNAÇÃO - CLINICA CIRURGICA;2024;2;596;52;11,461538461538462
HRBJA;UNIDADE INTERNAÇÃO - CLINICA CIRURGICA;2024;3;703;65;10,815384615384616
HRBJA;UNIDADE INTERNAÇÃO - CLINICA CIRURGICA;2024;4;715;62;11,53225806451613
HRBJA;UNIDADE INTERNAÇÃO - CLINICA CIRURGICA;2024;5;818;97;8,43298969072165
HRBJA;UNIDADE INTERNAÇÃO - CLINICA CIRURGICA;2024;6;596;63;9,46031746031746
HRBJA;UNIDADE INTERNAÇÃO - CLINICA MÉDICA;2019;1;1870;110;17,0
HRBJA;UNIDADE INTERNAÇÃO - CLINICA MÉDICA;2019;2;1572;103;15,262135922330097
HRBJA;UNIDADE INTERNAÇÃO - CLINICA MÉDICA;2019;3;1334;101;13,207920792079207
HRBJA;UNIDADE INTERNAÇÃO - CLINICA MÉDICA;2019;4;1589;109;14,577981651376147
HRBJA;UNIDADE INTERNAÇÃO - CLINICA MÉDICA;2019;5;1735;110;15,772727272727273
HRBJA;UNIDADE INTERNAÇÃO - CLINICA MÉDICA;2019;6;1648;92;17,91304347826087
HRBJA;UNIDADE INTERNAÇÃO - CLINICA MÉDICA;2019;7;1523;107;14,233644859813085
HRBJA;UNIDADE INTERNAÇÃO - CLINICA MÉDICA;2019;8;2126;112;18,982142857142858
HRBJA;UNIDADE INTERNAÇÃO - CLINICA MÉDICA;2019;9;1798;105;17,123809523809523
HRBJA;UNIDADE INTERNAÇÃO - CLINICA MÉDICA;2019;10;1861;116;16,04310344827586
HRBJA;UNIDADE INTERNAÇÃO - CLINICA MÉDICA;2019;11;1528;95;16,08421052631579
HRBJA;UNIDADE INTERNAÇÃO - CLINICA MÉDICA;2019;12;1591;99;16,07070707070707
HRBJA;UNIDADE INTERNAÇÃO - CLINICA MÉDICA;2020;1;1935;101;19,15841584158416
HRBJA;UNIDADE INTERNAÇÃO - CLINICA MÉDICA;2020;2;1474;101;14,594059405940595
HRBJA;UNIDADE INTERNAÇÃO - CLINICA MÉDICA;2020;3;1580;104;15,192307692307692
HRBJA;UNIDADE INTERNAÇÃO - CLINICA MÉDICA;2020;4;1375;91;15,10989010989011
HRBJA;UNIDADE INTERNAÇÃO - CLINICA MÉDICA;2020;5;1680;108;15,555555555555555
HRBJA;UNIDADE INTERNAÇÃO - CLINICA MÉDICA;2020;6;1499;113;13,265486725663717
HRBJA;UNIDADE INTERNAÇÃO - CLINICA MÉDICA;2020;7;1559;124;12,57258064516129
HRBJA;UNIDADE INTERNAÇÃO - CLINICA MÉDICA;2020;8;1606;118;13,610169491525424
HRBJA;UNIDADE INTERNAÇÃO - CLINICA MÉDICA;2020;9;1460;107;13,644859813084112
HRBJA;UNIDADE INTERNAÇÃO - CLINICA MÉDICA;2020;10;1791;113;15,849557522123893
HRBJA;UNIDADE INTERNAÇÃO - CLINICA MÉDICA;2020;11;1652;117;14,11965811965812
HRBJA;UNIDADE INTERNAÇÃO - CLINICA MÉDICA;2020;12;1504;109;13,79816513761468
HRBJA;UNIDADE INTERNAÇÃO - CLINICA MÉDICA;2021;1;1212;109;11,119266055045872
HRBJA;UNIDADE INTERNAÇÃO - CLINICA MÉDICA;2021;2;1219;99;12,313131313131313
HRBJA;UNIDADE INTERNAÇÃO - CLINICA MÉDICA;2021;3;1551;118;13,14406779661017
HRBJA;UNIDADE INTERNAÇÃO - CLINICA MÉDICA;2021;4;1570;129;12,170542635658915
HRBJA;UNIDADE INTERNAÇÃO - CLINICA MÉDICA;2021;5;1352;111;12,18018018018018
HRBJA;UNIDADE INTERNAÇÃO - CLINICA MÉDICA;2021;6;1497;125;11,976
HRBJA;UNIDADE INTERNAÇÃO - CLINICA MÉDICA;2021;7;1664;131;12,702290076335878
HRBJA;UNIDADE INTERNAÇÃO - CLINICA MÉDICA;2021;8;1603;118;13,584745762711865
HRBJA;UNIDADE INTERNAÇÃO - CLINICA MÉDICA;2021;9;1648;118;13,966101694915254
HRBJA;UNIDADE INTERNAÇÃO - CLINICA MÉDICA;2021;10;1642;116;14,155172413793103
HRBJA;UNIDADE INTERNAÇÃO - CLINICA MÉDICA;2021;11;1895;106;17,87735849056604
HRBJA;UNIDADE INTERNAÇÃO - CLINICA MÉDICA;2021;12;1527;112;13,633928571428571
HRBJA;UNIDADE INTERNAÇÃO - CLINICA MÉDICA;2022;1;1841;119;15,470588235294118
HRBJA;UNIDADE INTERNAÇÃO - CLINICA MÉDICA;2022;2;1447;84;17,226190476190474
HRBJA;UNIDADE INTERNAÇÃO - CLINICA MÉDICA;2022;3;1709;119;14,361344537815127
HRBJA;UNIDADE INTERNAÇÃO - CLINICA MÉDICA;2022;4;1488;100;14,88
HRBJA;UNIDADE INTERNAÇÃO - CLINICA MÉDICA;2022;5;1837;117;15,7008547008547
HRBJA;UNIDADE INTERNAÇÃO - CLINICA MÉDICA;2022;6;1827;107;17,074766355140188
HRBJA;UNIDADE INTERNAÇÃO - CLINICA MÉDICA;2022;7;2127;144;14,770833333333334
HRBJA;UNIDADE INTERNAÇÃO - CLINICA MÉDICA;2022;8;1961;143;13,713286713286713
HRBJA;UNIDADE INTERNAÇÃO - CLINICA MÉDICA;2022;9;1786;122;14,639344262295081
HRBJA;UNIDADE INTERNAÇÃO - CLINICA MÉDICA;2022;10;1477;109;13,55045871559633
HRBJA;UNIDADE INTERNAÇÃO - CLINICA MÉDICA;2022;11;1937;105;18,447619047619046
HRBJA;UNIDADE INTERNAÇÃO - CLINICA MÉDICA;2022;12;1764;129;13,674418604651162
HRBJA;UNIDADE INTERNAÇÃO - CLINICA MÉDICA;2023;1;1574;121;13,008264462809917
HRBJA;UNIDADE INTERNAÇÃO - CLINICA MÉDICA;2023;2;1401;107;13,093457943925234
HRBJA;UNIDADE INTERNAÇÃO - CLINICA MÉDICA;2023;3;1684;118;14,271186440677965
HRBJA;UNIDADE INTERNAÇÃO - CLINICA MÉDICA;2023;4;2209;135;16,362962962962964
HRBJA;UNIDADE INTERNAÇÃO - CLINICA MÉDICA;2023;5;1897;136;13,948529411764707
HRBJA;UNIDADE INTERNAÇÃO - CLINICA MÉDICA;2023;6;1918;136;14,102941176470589
HRBJA;UNIDADE INTERNAÇÃO - CLINICA MÉDICA;2023;7;1516;129;11,751937984496124
HRBJA;UNIDADE INTERNAÇÃO - CLINICA MÉDICA;2023;8;2054;140;14,67142857142857
HRBJA;UNIDADE INTERNAÇÃO - CLINICA MÉDICA;2023;9;1747;129;13,542635658914728
HRBJA;UNIDADE INTERNAÇÃO - CLINICA MÉDICA;2023;10;1603;121;13,24793388429752
HRBJA;UNIDADE INTERNAÇÃO - CLINICA MÉDICA;2023;11;1911;136;14,051470588235293
HRBJA;UNIDADE INTERNAÇÃO - CLINICA MÉDICA;2023;12;1900;141;13,47517730496454
HRBJA;UNIDADE INTERNAÇÃO - CLINICA MÉDICA;2024;1;1818;169;10,757396449704142
HRBJA;UNIDADE INTERNAÇÃO - CLINICA MÉDICA;2024;2;1804;151;11,947019867549669
HRBJA;UNIDADE INTERNAÇÃO - CLINICA MÉDICA;2024;3;1773;144;12,3125
HRBJA;UNIDADE INTERNAÇÃO - CLINICA MÉDICA;2024;4;1853;142;13,049295774647888
HRBJA;UNIDADE INTERNAÇÃO - CLINICA MÉDICA;2024;5;1847;121;15,264462809917354
HRBJA;UNIDADE INTERNAÇÃO - CLINICA MÉDICA;2024;6;1332;84;15,857142857142858
HRBJA;UNIDADE INTERNAÇÃO - CLINICA MÉDICA COVID-19;2020;7;27;20;1,35
HRBJA;UNIDADE INTERNAÇÃO - CLINICA MÉDICA COVID-19;2020;8;15;10;1,5
HRBJA;UNIDADE INTERNAÇÃO - CLINICA MÉDICA COVID-19;2020;9;19;15;1,2666666666666666
HRBJA;UNIDADE INTERNAÇÃO - CLINICA MÉDICA COVID-19;2020;10;3;1;3,0
HRBJA;UTI;2019;1;180;6;30,0
HRBJA;UTI;2019;2;32;2;16,0
HRBJA;UTI;2019;3;137;6;22,833333333333332
HRBJA;UTI;2019;4;88;5;17,6
HRBJA;UTI;2019;5;144;7;20,571428571428573
HRBJA;UTI;2019;6;149;4;37,25
HRBJA;UTI;2019;7;167;8;20,875
HRBJA;UTI;2019;8;136;7;19,428571428571427
HRBJA;UTI;2019;9;137;5;27,4
HRBJA;UTI;2019;10;157;8;19,625
HRBJA;UTI;2019;11;186;6;31,0
HRBJA;UTI;2019;12;109;5;21,8
HRBJA;UTI;2020;1;168;8;21,0
HRBJA;UTI;2020;2;96;7;13,714285714285714
HRBJA;UTI;2020;3;269;15;17,933333333333334
HRBJA;UTI;2020;4;224;11;20,363636363636363
HRBJA;UTI;2020;5;216;17;12,705882352941176
HRBJA;UTI;2020;6;207;12;17,25
HRBJA;UTI;2020;7;153;10;15,3
HRBJA;UTI;2020;8;210;10;21,0
HRBJA;UTI;2020;9;47;2;23,5
HRBJA;UTI;2020;10;255;8;31,875
HRBJA;UTI;2020;11;201;9;22,333333333333332
HRBJA;UTI;2020;12;428;15;28,533333333333335
HRBJA;UTI;2021;1;208;8;26,0
HRBJA;UTI;2021;2;72;10;7,2
HRBJA;UTI;2021;3;154;8;19,25
HRBJA;UTI;2021;4;162;11;14,727272727272727
HRBJA;UTI;2021;5;68;4;17,0
HRBJA;UTI - ADULTO;2021;5;18;1;18,0
HRBJA;UTI - ADULTO;2021;6;224;10;22,4
HRBJA;UTI - ADULTO;2021;7;185;7;26,428571428571427
HRBJA;UTI - ADULTO;2021;8;175;6;29,166666666666668
HRBJA;UTI - ADULTO;2021;9;136;4;34,0
HRBJA;UTI - ADULTO;2021;10;144;10;14,4
HRBJA;UTI - ADULTO;2021;11;190;9;21,11111111111111
HRBJA;UTI - ADULTO;2021;12;201;8;25,125
HRBJA;UTI - ADULTO;2022;1;227;11;20,636363636363637
HRBJA;UTI - ADULTO;2022;2;107;6;17,833333333333332
HRBJA;UTI - ADULTO;2022;3;108;6;18,0
HRBJA;UTI - ADULTO;2022;4;163;7;23,285714285714285
HRBJA;UTI - ADULTO;2022;5;255;9;28,333333333333332
HRBJA;UTI - ADULTO;2022;6;108;4;27,0
HRBJA;UTI - ADULTO;2022;7;117;6;19,5
HRBJA;UTI - ADULTO;2022;8;218;8;27,25
HRBJA;UTI - ADULTO;2022;9;274;8;34,25
HRBJA;UTI - ADULTO;2022;10;118;6;19,666666666666668
HRBJA;UTI - ADULTO;2022;11;65;2;32,5
HRBJA;UTI - ADULTO;2022;12;157;7;22,428571428571427
HRBJA;UTI - ADULTO;2023;1;244;8;30,5
HRBJA;UTI - ADULTO;2023;2;278;8;34,75
HRBJA;UTI - ADULTO;2023;3;160;9;17,77777777777778
HRBJA;UTI - ADULTO;2023;4;77;3;25,666666666666668
HRBJA;UTI - ADULTO;2023;5;61;4;15,25
HRBJA;UTI - ADULTO;2023;6;303;12;25,25
HRBJA;UTI - ADULTO;2023;7;144;6;24,0
HRBJA;UTI - ADULTO;2023;8;127;7;18,142857142857142
HRBJA;UTI - ADULTO;2023;9;153;6;25,5
HRBJA;UTI - ADULTO;2023;10;181;6;30,166666666666668
HRBJA;UTI - ADULTO;2023;11;144;9;16,0
HRBJA;UTI - ADULTO;2023;12;226;9;25,11111111111111
HRBJA;UTI - ADULTO;2024;1;250;9;27,77777777777778
HRBJA;UTI - ADULTO;2024;2;150;6;25,0
HRBJA;UTI - ADULTO;2024;3;118;5;23,6
HRBJA;UTI - ADULTO;2024;4;228;8;28,5
HRBJA;UTI - ADULTO;2024;5;178;6;29,666666666666668
HRBJA;UTI - ADULTO;2024;6;133;8;16,625
HRBJA;UTI ADULTO/HRB/CHB;2024;6;22;2;11,0
HRBJA;UTI ADULTO/HRB/CHB;2024;7;314;15;20,933333333333334
HRBJA;UTI ADULTO/HRB/CHB;2024;8;212;13;16,307692307692307
HRBJA;UTI ADULTO/HRB/CHB;2024;9;139;9;15,444444444444445
HRBJA;UTI ADULTO/HRB/CHB;2024;10;143;14;10,214285714285714
HRBJA;UTI ADULTO/HRB/CHB;2024;11;238;11;21,636363636363637
HRBJA;UTI ADULTO/HRB/CHB;2024;12;164;15;10,933333333333334
HRBJA;UTI ADULTO/HRB/CHB;2025;1;337;26;12,961538461538462
HRBJA;UTI ADULTO/HRB/CHB;2025;2;194;16;12,125
HRBJA;UTI ADULTO/HRB/CHB;2025;3;412;26;15,846153846153847
HRBJA;UTI ADULTO/HRB/CHB;2025;4;182;15;12,133333333333333
HRBJA;UTI ADULTO/HRB/CHB;2025;5;393;27;14,555555555555555
HRBJA;UTI ADULTO/HRB/CHB;2025;6;263;25;10,52
HRBJA;UTI ADULTO/HRB/CHB;2025;7;279;22;12,681818181818182
HRBJA;UTI ADULTO/HRB/CHB;2025;8;409;23;17,782608695652176
HRBJA;UTI ADULTO/HRB/CHB;2025;9;316;18;17,555555555555557
HRBJA;UTI ADULTO/HRB/CHB;2025;10;342;22;15,545454545454545
HRBJA;UTI ADULTO/HRB/CHB;2025;11;299;17;17,58823529411765
HRBJA;UTI ADULTO/HRB/CHB;2025;12;347;20;17,35
HRBJA;UTI ADULTO/HRB/CHB;2026;1;289;19;15,210526315789474
HRBJA;UTI ADULTO/HRB/CHB;2026;2;475;22;21,59090909090909
HRBJA;UTI ADULTO/HRB/CHB;2026;3;299;22;13,590909090909092
HRBJA;UTI ADULTO/HRB/CHB;2026;4;285;24;11,875
HRBJA;UTI ADULTO/HRB/CHB;2026;5;302;24;12,583333333333334
HRBJA;UTI ADULTO/HRB/CHB;2026;6;232;15;15,466666666666667
HRBJA;UTI COVID-19;2020;7;7;4;1,75
HRBJA;UTI COVID-19;2020;8;5;5;1,0
HRBJA;UTI COVID-19;2020;9;10;4;2,5
HRBJA;UTI COVID-19;2020;10;4;1;4,0
HRBJA;UUE/INTERNAÇÃO/HRB/CHB;2024;6;24;9;2,6666666666666665
HRBJA;UUE/INTERNAÇÃO/HRB/CHB;2024;7;571;128;4,4609375
HRBJA;UUE/INTERNAÇÃO/HRB/CHB;2024;8;881;176;5,005681818181818
HRBJA;UUE/INTERNAÇÃO/HRB/CHB;2024;9;677;171;3,9590643274853803
HRBJA;UUE/INTERNAÇÃO/HRB/CHB;2024;10;338;63;5,365079365079365
HRBJA;UUE/INTERNAÇÃO/HRB/CHB;2024;11;96;12;8,0
HRBJA;UUE/INTERNAÇÃO/HRB/CHB;2024;12;15;12;1,25
HRBJA;UUE/INTERNAÇÃO/HRB/CHB;2025;1;54;22;2,4545454545454546
HRBJA;UUE/INTERNAÇÃO/HRB/CHB;2025;2;140;37;3,7837837837837838
HRBJA;UUE/INTERNAÇÃO/HRB/CHB;2025;3;100;42;2,380952380952381
HRBJA;UUE/INTERNAÇÃO/HRB/CHB;2025;4;152;39;3,8974358974358974
HRBJA;UUE/INTERNAÇÃO/HRB/CHB;2025;5;84;27;3,111111111111111
HRBJA;UUE/INTERNAÇÃO/HRB/CHB;2025;6;95;24;3,9583333333333335
HRBJA;UUE/INTERNAÇÃO/HRB/CHB;2025;7;125;41;3,048780487804878
HRBJA;UUE/INTERNAÇÃO/HRB/CHB;2025;8;127;30;4,233333333333333
HRBJA;UUE/INTERNAÇÃO/HRB/CHB;2025;9;184;42;4,380952380952381
HRBJA;UUE/INTERNAÇÃO/HRB/CHB;2025;10;132;42;3,142857142857143
HRBJA;UUE/INTERNAÇÃO/HRB/CHB;2025;11;195;41;4,7560975609756095
HRBJA;UUE/INTERNAÇÃO/HRB/CHB;2025;12;134;39;3,4358974358974357
HRBJA;UUE/INTERNAÇÃO/HRB/CHB;2026;1;160;49;3,2653061224489797
HRBJA;UUE/INTERNAÇÃO/HRB/CHB;2026;2;199;47;4,23404255319149
HRBJA;UUE/INTERNAÇÃO/HRB/CHB;2026;3;6;5;1,2
HRJP;ALOJAMENTO CONJUNTO;2021;3;202;61;3,3114754098360657
HRJP;ALOJAMENTO CONJUNTO;2021;4;432;138;3,130434782608696
HRJP;ALOJAMENTO CONJUNTO;2021;5;521;147;3,54421768707483
HRJP;ALOJAMENTO CONJUNTO;2021;6;361;119;3,033613445378151
HRJP;ALOJAMENTO CONJUNTO;2021;7;417;127;3,283464566929134
HRJP;ALOJAMENTO CONJUNTO;2021;8;417;144;2,8958333333333335
HRJP;ALOJAMENTO CONJUNTO;2021;9;390;144;2,7083333333333335
HRJP;ALOJAMENTO CONJUNTO;2021;10;305;123;2,4796747967479673
HRJP;ALOJAMENTO CONJUNTO;2021;11;364;130;2,8
HRJP;ALOJAMENTO CONJUNTO;2021;12;358;127;2,8188976377952755
HRJP;ALOJAMENTO CONJUNTO;2022;1;449;140;3,2071428571428573
HRJP;ALOJAMENTO CONJUNTO;2022;2;409;136;3,0073529411764706
HRJP;ALOJAMENTO CONJUNTO;2022;3;420;135;3,111111111111111
HRJP;ALOJAMENTO CONJUNTO;2022;4;421;152;2,7697368421052633
HRJP;ALOJAMENTO CONJUNTO;2022;5;513;142;3,612676056338028
HRJP;ALOJAMENTO CONJUNTO;2022;6;383;119;3,2184873949579833
HRJP;ALOJAMENTO CONJUNTO;2022;7;407;137;2,9708029197080292
HRJP;ALOJAMENTO CONJUNTO;2022;8;361;120;3,0083333333333333
HRJP;ALOJAMENTO CONJUNTO;2022;9;323;115;2,8086956521739133
HRJP;ALOJAMENTO CONJUNTO;2022;10;293;102;2,872549019607843
HRJP;ALOJAMENTO CONJUNTO;2022;11;317;110;2,881818181818182
HRJP;ALOJAMENTO CONJUNTO;2022;12;379;125;3,032
HRJP;ALOJAMENTO CONJUNTO;2023;1;328;128;2,5625
HRJP;ALOJAMENTO CONJUNTO;2023;2;339;123;2,7560975609756095
HRJP;ALOJAMENTO CONJUNTO;2023;3;391;126;3,1031746031746033
HRJP;ALOJAMENTO CONJUNTO;2023;4;393;140;2,807142857142857
HRJP;ALOJAMENTO CONJUNTO;2023;5;489;152;3,2171052631578947
HRJP;ALOJAMENTO CONJUNTO;2023;6;365;129;2,8294573643410854
HRJP;ALOJAMENTO CONJUNTO;2023;7;405;139;2,9136690647482015
HRJP;ALOJAMENTO CONJUNTO;2023;8;412;122;3,377049180327869
HRJP;ALOJAMENTO CONJUNTO;2023;9;420;124;3,3870967741935485
HRJP;ALOJAMENTO CONJUNTO;2023;10;423;136;3,110294117647059
HRJP;ALOJAMENTO CONJUNTO;2023;11;408;134;3,044776119402985
HRJP;ALOJAMENTO CONJUNTO;2023;12;378;123;3,073170731707317
HRJP;ALOJAMENTO CONJUNTO;2024;1;442;143;3,090909090909091
HRJP;ALOJAMENTO CONJUNTO;2024;2;420;126;3,3333333333333335
HRJP;ALOJAMENTO CONJUNTO;2024;3;412;131;3,145038167938931
HRJP;ALOJAMENTO CONJUNTO;2024;4;426;127;3,354330708661417
HRJP;ALOJAMENTO CONJUNTO;2024;5;434;138;3,1449275362318843
HRJP;ALOJAMENTO CONJUNTO;2024;6;428;142;3,0140845070422535
HRJP;ALOJAMENTO CONJUNTO;2024;7;371;124;2,9919354838709675
HRJP;ALOJAMENTO CONJUNTO;2024;8;394;128;3,078125
HRJP;ALOJAMENTO CONJUNTO;2024;9;391;149;2,6241610738255035
HRJP;ALOJAMENTO CONJUNTO;2024;10;381;139;2,741007194244604
HRJP;ALOJAMENTO CONJUNTO;2024;11;72;19;3,789473684210526
HRJP;ALOJAMENTO CONJUNTO /UNIDADE DE INTERNAÇÃO;2024;11;325;112;2,9017857142857144
HRJP;ALOJAMENTO CONJUNTO /UNIDADE DE INTERNAÇÃO;2024;12;399;122;3,2704918032786887
HRJP;ALOJAMENTO CONJUNTO /UNIDADE DE INTERNAÇÃO;2025;1;370;134;2,7611940298507465
HRJP;ALOJAMENTO CONJUNTO /UNIDADE DE INTERNAÇÃO;2025;2;357;119;3,0
HRJP;ALOJAMENTO CONJUNTO /UNIDADE DE INTERNAÇÃO;2025;3;494;173;2,8554913294797686
HRJP;ALOJAMENTO CONJUNTO /UNIDADE DE INTERNAÇÃO;2025;4;447;156;2,8653846153846154
HRJP;ALOJAMENTO CONJUNTO /UNIDADE DE INTERNAÇÃO;2025;5;536;162;3,308641975308642
HRJP;ALOJAMENTO CONJUNTO /UNIDADE DE INTERNAÇÃO;2025;6;631;157;4,019108280254777
HRJP;ALOJAMENTO CONJUNTO /UNIDADE DE INTERNAÇÃO;2025;7;498;156;3,1923076923076925
HRJP;ALOJAMENTO CONJUNTO /UNIDADE DE INTERNAÇÃO;2025;8;429;161;2,6645962732919255
HRJP;ALOJAMENTO CONJUNTO /UNIDADE DE INTERNAÇÃO;2025;9;380;140;2,7142857142857144
HRJP;ALOJAMENTO CONJUNTO /UNIDADE DE INTERNAÇÃO;2025;10;445;161;2,7639751552795033
HRJP;ALOJAMENTO CONJUNTO /UNIDADE DE INTERNAÇÃO;2025;11;418;157;2,662420382165605
HRJP;ALOJAMENTO CONJUNTO /UNIDADE DE INTERNAÇÃO;2025;12;434;149;2,912751677852349
HRJP;ALOJAMENTO CONJUNTO /UNIDADE DE INTERNAÇÃO;2026;1;560;170;3,2941176470588234
HRJP;ALOJAMENTO CONJUNTO /UNIDADE DE INTERNAÇÃO;2026;2;454;156;2,91025641025641
HRJP;ALOJAMENTO CONJUNTO /UNIDADE DE INTERNAÇÃO;2026;3;463;156;2,967948717948718
HRJP;ALOJAMENTO CONJUNTO /UNIDADE DE INTERNAÇÃO;2026;4;487;180;2,7055555555555557
HRJP;ALOJAMENTO CONJUNTO /UNIDADE DE INTERNAÇÃO;2026;5;444;166;2,674698795180723
HRJP;ALOJAMENTO CONJUNTO /UNIDADE DE INTERNAÇÃO;2026;6;411;141;2,9148936170212765
HRJP;BLOCO CIRURGICO;2019;1;1;2;0,5
HRJP;BLOCO CIRURGICO;2019;5;0;1;0,0
HRJP;BLOCO CIRURGICO;2019;9;29;1;29,0
HRJP;BLOCO CIRURGICO;2020;11;0;1;0,0
HRJP;BLOCO CIRURGICO;2020;12;0;3;0,0
HRJP;BLOCO CIRURGICO;2021;2;0;1;0,0
HRJP;BLOCO CIRURGICO;2021;3;0;1;0,0
HRJP;BLOCO CIRURGICO;2021;4;3;3;1,0
HRJP;BLOCO CIRURGICO;2021;5;0;3;0,0
HRJP;BLOCO CIRURGICO;2021;6;0;1;0,0
HRJP;BLOCO CIRURGICO;2021;7;0;1;0,0
HRJP;BLOCO CIRURGICO;2021;8;0;2;0,0
HRJP;BLOCO CIRURGICO;2021;9;0;6;0,0
HRJP;BLOCO CIRURGICO;2021;10;0;10;0,0
HRJP;BLOCO CIRURGICO;2021;11;0;6;0,0
HRJP;BLOCO CIRURGICO;2021;12;17;7;2,4285714285714284
HRJP;BLOCO CIRURGICO;2022;1;0;3;0,0
HRJP;BLOCO CIRURGICO;2022;2;0;3;0,0
HRJP;BLOCO CIRURGICO;2022;3;0;3;0,0
HRJP;BLOCO CIRURGICO;2022;4;0;4;0,0
HRJP;BLOCO CIRURGICO;2022;5;0;9;0,0
HRJP;BLOCO CIRURGICO;2022;6;0;6;0,0
HRJP;BLOCO CIRURGICO;2022;7;1;11;0,09090909090909091
HRJP;BLOCO CIRURGICO;2022;8;0;13;0,0
HRJP;BLOCO CIRURGICO;2022;9;0;6;0,0
HRJP;BLOCO CIRURGICO;2022;10;1;7;0,14285714285714285
HRJP;BLOCO CIRURGICO;2022;11;0;15;0,0
HRJP;BLOCO CIRURGICO;2022;12;0;22;0,0
HRJP;BLOCO CIRURGICO;2023;1;0;9;0,0
HRJP;BLOCO CIRURGICO;2023;2;0;11;0,0
HRJP;BLOCO CIRURGICO;2023;3;0;18;0,0
HRJP;BLOCO CIRURGICO;2023;4;0;10;0,0
HRJP;BLOCO CIRURGICO;2023;5;0;22;0,0
HRJP;BLOCO CIRURGICO;2023;6;0;15;0,0
HRJP;BLOCO CIRURGICO;2023;7;0;12;0,0
HRJP;BLOCO CIRURGICO;2023;8;0;15;0,0
HRJP;BLOCO CIRURGICO;2023;9;0;13;0,0
HRJP;BLOCO CIRURGICO;2023;10;0;14;0,0
HRJP;BLOCO CIRURGICO;2023;11;0;14;0,0
HRJP;BLOCO CIRURGICO;2023;12;0;19;0,0
HRJP;BLOCO CIRURGICO;2024;1;1;11;0,09090909090909091
HRJP;BLOCO CIRURGICO;2024;2;27;14;1,9285714285714286
HRJP;BLOCO CIRURGICO;2024;3;0;14;0,0
HRJP;BLOCO CIRURGICO;2024;4;0;10;0,0
HRJP;BLOCO CIRURGICO;2024;5;0;9;0,0
HRJP;BLOCO CIRURGICO;2024;6;0;18;0,0
HRJP;BLOCO CIRURGICO;2024;7;0;14;0,0
HRJP;BLOCO CIRURGICO;2024;8;0;10;0,0
HRJP;BLOCO CIRURGICO;2024;9;0;9;0,0
HRJP;BLOCO CIRURGICO;2024;10;1;16;0,0625
HRJP;BLOCO CIRURGICO;2024;11;0;2;0,0
HRJP;BLOCO OBSTÉTRICO;2019;1;13;3;4,333333333333333
HRJP;BLOCO OBSTÉTRICO;2019;2;4;4;1,0
HRJP;BLOCO OBSTÉTRICO;2019;3;1;1;1,0
HRJP;BLOCO OBSTÉTRICO;2019;4;1;2;0,5
HRJP;BLOCO OBSTÉTRICO;2019;6;10;4;2,5
HRJP;BLOCO OBSTÉTRICO;2019;8;3;2;1,5
HRJP;BLOCO OBSTÉTRICO;2019;9;2;1;2,0
HRJP;BLOCO OBSTÉTRICO;2019;10;6;1;6,0
HRJP;BLOCO OBSTÉTRICO;2020;1;1;1;1,0
HRJP;BLOCO OBSTÉTRICO;2020;5;5;1;5,0
HRJP;BLOCO OBSTÉTRICO;2020;6;1;1;1,0
HRJP;BLOCO OBSTÉTRICO;2020;7;3;1;3,0
HRJP;BLOCO OBSTÉTRICO;2020;10;0;1;0,0
HRJP;BLOCO OBSTÉTRICO;2020;11;0;1;0,0
HRJP;BLOCO OBSTÉTRICO;2021;1;1;1;1,0
HRJP;BLOCO OBSTÉTRICO;2021;2;3;1;3,0
HRJP;BLOCO OBSTÉTRICO;2021;4;1;1;1,0
HRJP;BLOCO OBSTÉTRICO;2021;5;2;2;1,0
HRJP;BLOCO OBSTÉTRICO;2021;11;0;1;0,0
HRJP;BLOCO OBSTÉTRICO;2022;1;1;1;1,0
HRJP;BLOCO OBSTÉTRICO;2022;2;1;1;1,0
HRJP;BLOCO OBSTÉTRICO;2022;3;1;1;1,0
HRJP;BLOCO OBSTÉTRICO;2022;4;7;2;3,5
HRJP;BLOCO OBSTÉTRICO;2022;5;3;2;1,5
HRJP;BLOCO OBSTÉTRICO;2022;6;3;2;1,5
HRJP;BLOCO OBSTÉTRICO;2022;8;1;1;1,0
HRJP;BLOCO OBSTÉTRICO;2022;10;2;2;1,0
HRJP;BLOCO OBSTÉTRICO;2022;12;1;1;1,0
HRJP;BLOCO OBSTÉTRICO;2023;1;2;1;2,0
HRJP;BLOCO OBSTÉTRICO;2023;2;12;2;6,0
HRJP;BLOCO OBSTÉTRICO;2023;4;7;2;3,5
HRJP;BLOCO OBSTÉTRICO;2023;5;1;1;1,0
HRJP;BLOCO OBSTÉTRICO;2023;6;1;1;1,0
HRJP;BLOCO OBSTÉTRICO;2023;8;0;1;0,0
HRJP;BLOCO OBSTÉTRICO;2023;9;1;1;1,0
HRJP;BLOCO OBSTÉTRICO;2023;10;2;1;2,0
HRJP;BLOCO OBSTÉTRICO;2023;11;7;3;2,3333333333333335
HRJP;BLOCO OBSTÉTRICO;2023;12;1;2;0,5
HRJP;BLOCO OBSTÉTRICO;2024;1;7;4;1,75
HRJP;BLOCO OBSTÉTRICO;2024;5;1;1;1,0
HRJP;BLOCO OBSTÉTRICO;2024;6;3;1;3,0
HRJP;BLOCO OBSTÉTRICO;2024;9;0;1;0,0
HRJP;BLOCO OBSTÉTRICO;2024;10;2;2;1,0
HRJP;PRÉ-PARTO;2025;2;0;1;0,0
HRJP;PRÉ-PARTO;2025;12;75;1;75,0
HRJP;PRÉ-PARTO;2026;3;2;1;2,0
HRJP;PRÉ-PARTO;2026;4;4;3;1,3333333333333333
HRJP;PRÉ-PARTO;2026;5;0;2;0,0
HRJP;PRÉ-PARTO;2026;6;2;2;1,0
HRJP;REABILITACAO;2019;1;14;1;14,0
HRJP;UNIDADE DE INTERNAÇÃO - CLÍNICA DIP ALA B;2026;6;0;1;0,0
HRJP;UNIDADE DE INTERNAÇÃO - CLÍNICA DIP ALA C;2024;11;110;16;6,875
HRJP;UNIDADE DE INTERNAÇÃO - CLÍNICA DIP ALA C;2024;12;175;14;12,5
HRJP;UNIDADE DE INTERNAÇÃO - CLÍNICA DIP ALA C;2025;1;38;6;6,333333333333333
HRJP;UNIDADE DE INTERNAÇÃO - CLÍNICA DIP ALA C;2025;2;172;8;21,5
HRJP;UNIDADE DE INTERNAÇÃO - CLÍNICA DIP ALA C;2025;3;143;15;9,533333333333333
HRJP;UNIDADE DE INTERNAÇÃO - CLÍNICA DIP ALA C;2025;4;167;17;9,823529411764707
HRJP;UNIDADE DE INTERNAÇÃO - CLÍNICA DIP ALA C;2025;5;175;14;12,5
HRJP;UNIDADE DE INTERNAÇÃO - CLÍNICA DIP ALA C;2025;6;269;15;17,933333333333334
HRJP;UNIDADE DE INTERNAÇÃO - CLÍNICA DIP ALA C;2025;7;166;17;9,764705882352942
HRJP;UNIDADE DE INTERNAÇÃO - CLÍNICA DIP ALA C;2025;8;158;16;9,875
HRJP;UNIDADE DE INTERNAÇÃO - CLÍNICA DIP ALA C;2025;9;140;19;7,368421052631579
HRJP;UNIDADE DE INTERNAÇÃO - CLÍNICA DIP ALA C;2025;10;169;16;10,5625
HRJP;UNIDADE DE INTERNAÇÃO - CLÍNICA DIP ALA C;2025;11;215;27;7,962962962962963
HRJP;UNIDADE DE INTERNAÇÃO - CLÍNICA DIP ALA C;2025;12;153;20;7,65
HRJP;UNIDADE DE INTERNAÇÃO - CLÍNICA DIP ALA C;2026;5;133;15;8,866666666666667
HRJP;UNIDADE DE INTERNAÇÃO - CLÍNICA DIP ALA C;2026;6;72;22;3,272727272727273
HRJP;UNIDADE INTERNAÇÃO - ALTO RISCO OBSTETRICO (MATERNIDADE);2019;1;474;140;3,3857142857142857
HRJP;UNIDADE INTERNAÇÃO - ALTO RISCO OBSTETRICO (MATERNIDADE);2019;2;424;140;3,0285714285714285
HRJP;UNIDADE INTERNAÇÃO - ALTO RISCO OBSTETRICO (MATERNIDADE);2019;3;472;144;3,2777777777777777
HRJP;UNIDADE INTERNAÇÃO - ALTO RISCO OBSTETRICO (MATERNIDADE);2019;4;508;147;3,45578231292517
HRJP;UNIDADE INTERNAÇÃO - ALTO RISCO OBSTETRICO (MATERNIDADE);2019;5;503;140;3,592857142857143
HRJP;UNIDADE INTERNAÇÃO - ALTO RISCO OBSTETRICO (MATERNIDADE);2019;6;469;135;3,474074074074074
HRJP;UNIDADE INTERNAÇÃO - ALTO RISCO OBSTETRICO (MATERNIDADE);2019;7;512;143;3,5804195804195804
HRJP;UNIDADE INTERNAÇÃO - ALTO RISCO OBSTETRICO (MATERNIDADE);2019;8;394;120;3,283333333333333
HRJP;UNIDADE INTERNAÇÃO - ALTO RISCO OBSTETRICO (MATERNIDADE);2019;9;443;142;3,119718309859155
HRJP;UNIDADE INTERNAÇÃO - ALTO RISCO OBSTETRICO (MATERNIDADE);2019;10;370;127;2,9133858267716537
HRJP;UNIDADE INTERNAÇÃO - ALTO RISCO OBSTETRICO (MATERNIDADE);2019;11;383;112;3,419642857142857
HRJP;UNIDADE INTERNAÇÃO - ALTO RISCO OBSTETRICO (MATERNIDADE);2019;12;395;136;2,9044117647058822
HRJP;UNIDADE INTERNAÇÃO - ALTO RISCO OBSTETRICO (MATERNIDADE);2020;1;416;129;3,2248062015503876
HRJP;UNIDADE INTERNAÇÃO - ALTO RISCO OBSTETRICO (MATERNIDADE);2020;2;448;134;3,343283582089552
HRJP;UNIDADE INTERNAÇÃO - ALTO RISCO OBSTETRICO (MATERNIDADE);2020;3;462;136;3,3970588235294117
HRJP;UNIDADE INTERNAÇÃO - ALTO RISCO OBSTETRICO (MATERNIDADE);2020;4;368;100;3,68
HRJP;UNIDADE INTERNAÇÃO - ALTO RISCO OBSTETRICO (MATERNIDADE);2020;5;419;127;3,2992125984251968
HRJP;UNIDADE INTERNAÇÃO - ALTO RISCO OBSTETRICO (MATERNIDADE);2020;6;450;134;3,3582089552238807
HRJP;UNIDADE INTERNAÇÃO - ALTO RISCO OBSTETRICO (MATERNIDADE);2020;7;420;126;3,3333333333333335
HRJP;UNIDADE INTERNAÇÃO - ALTO RISCO OBSTETRICO (MATERNIDADE);2020;8;477;135;3,533333333333333
HRJP;UNIDADE INTERNAÇÃO - ALTO RISCO OBSTETRICO (MATERNIDADE);2020;9;433;125;3,464
HRJP;UNIDADE INTERNAÇÃO - ALTO RISCO OBSTETRICO (MATERNIDADE);2020;10;404;110;3,672727272727273
HRJP;UNIDADE INTERNAÇÃO - ALTO RISCO OBSTETRICO (MATERNIDADE);2020;11;404;135;2,9925925925925925
HRJP;UNIDADE INTERNAÇÃO - ALTO RISCO OBSTETRICO (MATERNIDADE);2020;12;332;117;2,8376068376068377
HRJP;UNIDADE INTERNAÇÃO - ALTO RISCO OBSTETRICO (MATERNIDADE);2021;1;452;137;3,2992700729927007
HRJP;UNIDADE INTERNAÇÃO - ALTO RISCO OBSTETRICO (MATERNIDADE);2021;2;344;114;3,017543859649123
HRJP;UNIDADE INTERNAÇÃO - ALTO RISCO OBSTETRICO (MATERNIDADE);2021;3;279;80;3,4875
HRJP;UNIDADE INTERNAÇÃO - CLINICA CIRURGICA ALA A;2022;6;130;17;7,647058823529412
HRJP;UNIDADE INTERNAÇÃO - CLINICA CIRURGICA ALA A;2022;7;239;32;7,46875
HRJP;UNIDADE INTERNAÇÃO - CLINICA CIRURGICA ALA A;2022;8;112;25;4,48
HRJP;UNIDADE INTERNAÇÃO - CLINICA CIRURGICA ALA A;2022;9;117;24;4,875
HRJP;UNIDADE INTERNAÇÃO - CLINICA CIRURGICA ALA A;2022;10;177;29;6,103448275862069
HRJP;UNIDADE INTERNAÇÃO - CLINICA CIRURGICA ALA A;2022;11;231;27;8,555555555555555
HRJP;UNIDADE INTERNAÇÃO - CLINICA CIRURGICA ALA A;2022;12;258;38;6,7894736842105265
HRJP;UNIDADE INTERNAÇÃO - CLINICA CIRURGICA ALA A;2023;1;101;30;3,3666666666666667
HRJP;UNIDADE INTERNAÇÃO - CLINICA CIRURGICA ALA A;2023;2;122;26;4,6923076923076925
HRJP;UNIDADE INTERNAÇÃO - CLINICA CIRURGICA ALA A;2023;3;309;37;8,35135135135135
HRJP;UNIDADE INTERNAÇÃO - CLINICA CIRURGICA ALA A;2023;4;194;35;5,542857142857143
HRJP;UNIDADE INTERNAÇÃO - CLINICA CIRURGICA ALA A;2023;5;173;37;4,675675675675675
HRJP;UNIDADE INTERNAÇÃO - CLINICA CIRURGICA ALA A;2023;6;148;26;5,6923076923076925
HRJP;UNIDADE INTERNAÇÃO - CLINICA CIRURGICA ALA A;2023;7;324;27;12,0
HRJP;UNIDADE INTERNAÇÃO - CLINICA CIRURGICA ALA A;2023;8;158;36;4,388888888888889
HRJP;UNIDADE INTERNAÇÃO - CLINICA CIRURGICA ALA A;2023;9;126;32;3,9375
HRJP;UNIDADE INTERNAÇÃO - CLINICA CIRURGICA ALA A;2023;10;147;34;4,323529411764706
HRJP;UNIDADE INTERNAÇÃO - CLINICA CIRURGICA ALA A;2023;11;83;28;2,9642857142857144
HRJP;UNIDADE INTERNAÇÃO - CLINICA CIRURGICA ALA A;2023;12;89;19;4,684210526315789
HRJP;UNIDADE INTERNAÇÃO - CLINICA CIRURGICA ALA A;2024;1;64;9;7,111111111111111
HRJP;UNIDADE INTERNAÇÃO - CLINICA CIRURGICA ALA A;2024;2;184;17;10,823529411764707
HRJP;UNIDADE INTERNAÇÃO - CLINICA CIRURGICA ALA A;2024;3;91;14;6,5
HRJP;UNIDADE INTERNAÇÃO - CLINICA CIRURGICA ALA A;2024;4;85;14;6,071428571428571
HRJP;UNIDADE INTERNAÇÃO - CLINICA CIRURGICA ALA A;2024;5;161;6;26,833333333333332
HRJP;UNIDADE INTERNAÇÃO - CLINICA CIRURGICA ALA A;2024;6;199;17;11,705882352941176
HRJP;UNIDADE INTERNAÇÃO - CLINICA CIRURGICA ALA A;2024;7;128;12;10,666666666666666
HRJP;UNIDADE INTERNAÇÃO - CLINICA CIRURGICA ALA A;2024;8;111;5;22,2
HRJP;UNIDADE INTERNAÇÃO - CLINICA CIRURGICA ALA A;2024;9;279;13;21,46153846153846
HRJP;UNIDADE INTERNAÇÃO - CLINICA CIRURGICA ALA A;2024;10;195;25;7,8
HRJP;UNIDADE INTERNAÇÃO - CLINICA CIRURGICA ALA A;2024;11;2;2;1,0
HRJP;UNIDADE INTERNAÇÃO - CLÍNICA CIRÚRGICA ALA A;2024;11;133;19;7,0
HRJP;UNIDADE INTERNAÇÃO - CLÍNICA CIRÚRGICA ALA A;2024;12;93;17;5,470588235294118
HRJP;UNIDADE INTERNAÇÃO - CLÍNICA CIRÚRGICA ALA A;2025;1;71;18;3,9444444444444446
HRJP;UNIDADE INTERNAÇÃO - CLÍNICA CIRÚRGICA ALA A;2025;2;128;17;7,529411764705882
HRJP;UNIDADE INTERNAÇÃO - CLÍNICA CIRÚRGICA ALA A;2025;3;89;15;5,933333333333334
HRJP;UNIDADE INTERNAÇÃO - CLÍNICA CIRÚRGICA ALA A;2025;4;121;16;7,5625
HRJP;UNIDADE INTERNAÇÃO - CLÍNICA CIRÚRGICA ALA A;2025;5;127;20;6,35
HRJP;UNIDADE INTERNAÇÃO - CLÍNICA CIRÚRGICA ALA A;2025;6;131;19;6,894736842105263
HRJP;UNIDADE INTERNAÇÃO - CLÍNICA CIRÚRGICA ALA A;2025;7;99;15;6,6
HRJP;UNIDADE INTERNAÇÃO - CLÍNICA CIRÚRGICA ALA A;2025;8;71;19;3,736842105263158
HRJP;UNIDADE INTERNAÇÃO - CLÍNICA CIRÚRGICA ALA A;2025;9;94;15;6,266666666666667
HRJP;UNIDADE INTERNAÇÃO - CLÍNICA CIRÚRGICA ALA A;2025;10;143;19;7,526315789473684
HRJP;UNIDADE INTERNAÇÃO - CLÍNICA CIRÚRGICA ALA A;2025;11;203;12;16,916666666666668
HRJP;UNIDADE INTERNAÇÃO - CLÍNICA CIRÚRGICA ALA A;2025;12;49;12;4,083333333333333
HRJP;UNIDADE INTERNAÇÃO - CLÍNICA CIRÚRGICA ALA A;2026;1;129;14;9,214285714285714
HRJP;UNIDADE INTERNAÇÃO - CLÍNICA CIRÚRGICA ALA A;2026;2;135;21;6,428571428571429
HRJP;UNIDADE INTERNAÇÃO - CLÍNICA CIRÚRGICA ALA A;2026;3;251;29;8,655172413793103
HRJP;UNIDADE INTERNAÇÃO - CLÍNICA CIRÚRGICA ALA A;2026;4;206;35;5,885714285714286
HRJP;UNIDADE INTERNAÇÃO - CLÍNICA CIRÚRGICA ALA A;2026;5;214;17;12,588235294117647
HRJP;UNIDADE INTERNAÇÃO - CLÍNICA CIRÚRGICA ALA A;2026;6;0;1;0,0
HRJP;UNIDADE INTERNAÇÃO - CLINICA CIRURGICA ALA B;2022;6;273;16;17,0625
HRJP;UNIDADE INTERNAÇÃO - CLINICA CIRURGICA ALA B;2022;7;162;18;9,0
HRJP;UNIDADE INTERNAÇÃO - CLINICA CIRURGICA ALA B;2022;8;412;35;11,771428571428572
HRJP;UNIDADE INTERNAÇÃO - CLINICA CIRURGICA ALA B;2022;9;307;29;10,586206896551724
HRJP;UNIDADE INTERNAÇÃO - CLINICA CIRURGICA ALA B;2022;10;387;33;11,727272727272727
HRJP;UNIDADE INTERNAÇÃO - CLINICA CIRURGICA ALA B;2022;11;257;18;14,277777777777779
HRJP;UNIDADE INTERNAÇÃO - CLINICA CIRURGICA ALA B;2022;12;358;26;13,76923076923077
HRJP;UNIDADE INTERNAÇÃO - CLINICA CIRURGICA ALA B;2023;1;159;31;5,129032258064516
HRJP;UNIDADE INTERNAÇÃO - CLINICA CIRURGICA ALA B;2023;2;204;22;9,272727272727273
HRJP;UNIDADE INTERNAÇÃO - CLINICA CIRURGICA ALA B;2023;3;215;8;26,875
HRJP;UNIDADE INTERNAÇÃO - CLINICA CIRURGICA ALA B;2023;4;200;20;10,0
HRJP;UNIDADE INTERNAÇÃO - CLINICA CIRURGICA ALA B;2023;5;284;22;12,909090909090908
HRJP;UNIDADE INTERNAÇÃO - CLINICA CIRURGICA ALA B;2023;6;357;20;17,85
HRJP;UNIDADE INTERNAÇÃO - CLINICA CIRURGICA ALA B;2023;7;256;20;12,8
HRJP;UNIDADE INTERNAÇÃO - CLINICA CIRURGICA ALA B;2023;8;314;15;20,933333333333334
HRJP;UNIDADE INTERNAÇÃO - CLINICA CIRURGICA ALA B;2023;9;168;18;9,333333333333334
HRJP;UNIDADE INTERNAÇÃO - CLINICA CIRURGICA ALA B;2023;10;99;14;7,071428571428571
HRJP;UNIDADE INTERNAÇÃO - CLINICA CIRURGICA ALA B;2023;11;157;11;14,272727272727273
HRJP;UNIDADE INTERNAÇÃO - CLINICA CIRURGICA ALA B;2023;12;136;9;15,11111111111111
HRJP;UNIDADE INTERNAÇÃO - CLINICA CIRURGICA ALA B;2024;1;130;7;18,571428571428573
HRJP;UNIDADE INTERNAÇÃO - CLINICA CIRURGICA ALA B;2024;2;86;23;3,739130434782609
HRJP;UNIDADE INTERNAÇÃO - CLINICA CIRURGICA ALA B;2024;3;82;20;4,1
HRJP;UNIDADE INTERNAÇÃO - CLINICA CIRURGICA ALA B;2024;4;63;15;4,2
HRJP;UNIDADE INTERNAÇÃO - CLINICA CIRURGICA ALA B;2024;5;44;6;7,333333333333333
HRJP;UNIDADE INTERNAÇÃO - CLINICA CIRURGICA ALA B;2024;6;64;5;12,8
HRJP;UNIDADE INTERNAÇÃO - CLINICA CIRURGICA ALA B;2024;7;247;9;27,444444444444443
HRJP;UNIDADE INTERNAÇÃO - CLINICA CIRURGICA ALA B;2024;8;95;2;47,5
HRJP;UNIDADE INTERNAÇÃO - CLINICA CIRURGICA ALA B;2024;9;69;9;7,666666666666667
HRJP;UNIDADE INTERNAÇÃO - CLINICA CIRURGICA ALA B;2024;10;151;7;21,571428571428573
HRJP;UNIDADE INTERNAÇÃO - CLÍNICA CIRÚRGICA ALA B;2024;11;80;7;11,428571428571429
HRJP;UNIDADE INTERNAÇÃO - CLÍNICA CIRÚRGICA ALA B;2024;12;90;3;30,0
HRJP;UNIDADE INTERNAÇÃO - CLÍNICA CIRÚRGICA ALA B;2025;1;127;2;63,5
HRJP;UNIDADE INTERNAÇÃO - CLÍNICA CIRÚRGICA ALA B;2025;2;114;5;22,8
HRJP;UNIDADE INTERNAÇÃO - CLÍNICA CIRÚRGICA ALA B;2025;3;172;6;28,666666666666668
HRJP;UNIDADE INTERNAÇÃO - CLÍNICA CIRÚRGICA ALA B;2025;4;124;14;8,857142857142858
HRJP;UNIDADE INTERNAÇÃO - CLÍNICA CIRÚRGICA ALA B;2025;5;106;18;5,888888888888889
HRJP;UNIDADE INTERNAÇÃO - CLÍNICA CIRÚRGICA ALA B;2025;6;131;16;8,1875
HRJP;UNIDADE INTERNAÇÃO - CLÍNICA CIRÚRGICA ALA B;2025;7;3;2;1,5
HRJP;UNIDADE INTERNAÇÃO - CLÍNICA CIRÚRGICA ALA B;2025;8;146;9;16,22222222222222
HRJP;UNIDADE INTERNAÇÃO - CLÍNICA CIRÚRGICA ALA B;2025;9;246;16;15,375
HRJP;UNIDADE INTERNAÇÃO - CLÍNICA CIRÚRGICA ALA B;2025;10;115;10;11,5
HRJP;UNIDADE INTERNAÇÃO - CLÍNICA CIRÚRGICA ALA B;2025;11;11;3;3,6666666666666665
HRJP;UNIDADE INTERNAÇÃO - CLÍNICA CIRÚRGICA ALA B;2025;12;147;21;7,0
HRJP;UNIDADE INTERNAÇÃO - CLÍNICA CIRÚRGICA ALA B;2026;1;63;10;6,3
HRJP;UNIDADE INTERNAÇÃO - CLÍNICA CIRÚRGICA ALA B;2026;2;431;10;43,1
HRJP;UNIDADE INTERNAÇÃO - CLÍNICA CIRÚRGICA ALA B;2026;3;221;43;5,1395348837209305
HRJP;UNIDADE INTERNAÇÃO - CLÍNICA CIRÚRGICA ALA B;2026;4;298;36;8,277777777777779
HRJP;UNIDADE INTERNAÇÃO - CLÍNICA CIRÚRGICA ALA B;2026;5;210;29;7,241379310344827
HRJP;UNIDADE INTERNAÇÃO - CLÍNICA CIRÚRGICA ALA B;2026;6;107;26;4,115384615384615
HRJP;UNIDADE INTERNAÇÃO - CLINICA CIRURGICA ALA C;2024;5;117;28;4,178571428571429
HRJP;UNIDADE INTERNAÇÃO - CLINICA CIRURGICA ALA C;2024;6;149;27;5,518518518518518
HRJP;UNIDADE INTERNAÇÃO - CLINICA CIRURGICA ALA C;2024;7;88;34;2,588235294117647
HRJP;UNIDADE INTERNAÇÃO - CLINICA CIRURGICA ALA C;2024;8;84;21;4,0
HRJP;UNIDADE INTERNAÇÃO - CLINICA CIRURGICA ALA C;2024;9;109;28;3,892857142857143
HRJP;UNIDADE INTERNAÇÃO - CLINICA CIRURGICA ALA C;2024;10;122;21;5,809523809523809
HRJP;UNIDADE INTERNAÇÃO - CLINICA CIRURGICA ALA C;2024;11;12;4;3,0
HRJP;UNIDADE INTERNAÇÃO - CLÍNICA CIRÚRGICA ALA C;2024;11;137;13;10,538461538461538
HRJP;UNIDADE INTERNAÇÃO - CLÍNICA CIRÚRGICA ALA C;2024;12;67;18;3,7222222222222223
HRJP;UNIDADE INTERNAÇÃO - CLÍNICA CIRÚRGICA ALA C;2025;1;56;12;4,666666666666667
HRJP;UNIDADE INTERNAÇÃO - CLÍNICA CIRÚRGICA ALA C;2025;2;89;17;5,235294117647059
HRJP;UNIDADE INTERNAÇÃO - CLÍNICA CIRÚRGICA ALA C;2025;3;113;23;4,913043478260869
HRJP;UNIDADE INTERNAÇÃO - CLÍNICA CIRÚRGICA ALA C;2025;4;123;28;4,392857142857143
HRJP;UNIDADE INTERNAÇÃO - CLÍNICA CIRÚRGICA ALA C;2025;5;80;13;6,153846153846154
HRJP;UNIDADE INTERNAÇÃO - CLÍNICA CIRÚRGICA ALA C;2025;6;74;20;3,7
HRJP;UNIDADE INTERNAÇÃO - CLÍNICA CIRÚRGICA ALA C;2025;7;80;32;2,5
HRJP;UNIDADE INTERNAÇÃO - CLÍNICA CIRÚRGICA ALA C;2025;8;136;33;4,121212121212121
HRJP;UNIDADE INTERNAÇÃO - CLÍNICA CIRÚRGICA ALA C;2025;9;105;26;4,038461538461538
HRJP;UNIDADE INTERNAÇÃO - CLÍNICA CIRÚRGICA ALA C;2025;10;85;24;3,5416666666666665
HRJP;UNIDADE INTERNAÇÃO - CLÍNICA CIRÚRGICA ALA C;2025;11;90;13;6,923076923076923
HRJP;UNIDADE INTERNAÇÃO - CLÍNICA CIRÚRGICA ALA C;2025;12;117;11;10,636363636363637
HRJP;UNIDADE INTERNAÇÃO - CLÍNICA CIRÚRGICA ALA C;2026;1;1;1;1,0
HRJP;UNIDADE INTERNAÇÃO - CLÍNICA CIRÚRGICA ALA C;2026;2;0;2;0,0
HRJP;UNIDADE INTERNAÇÃO - CLÍNICA CIRÚRGICA ALA C;2026;5;76;19;4,0
HRJP;UNIDADE INTERNAÇÃO - CLÍNICA CIRÚRGICA ALA C;2026;6;124;29;4,275862068965517
HRJP;UNIDADE INTERNAÇÃO - CLINICA MÉDICA ALA A;2021;7;117;3;39,0
HRJP;UNIDADE INTERNAÇÃO - CLINICA MÉDICA ALA A;2021;8;574;22;26,09090909090909
HRJP;UNIDADE INTERNAÇÃO - CLINICA MÉDICA ALA A;2021;9;516;23;22,434782608695652
HRJP;UNIDADE INTERNAÇÃO - CLINICA MÉDICA ALA A;2021;10;203;11;18,454545454545453
HRJP;UNIDADE INTERNAÇÃO - CLINICA MÉDICA ALA A;2021;11;614;27;22,74074074074074
HRJP;UNIDADE INTERNAÇÃO - CLINICA MÉDICA ALA A;2021;12;422;44;9,590909090909092
HRJP;UNIDADE INTERNAÇÃO - CLINICA MÉDICA ALA A;2022;1;307;28;10,964285714285714
HRJP;UNIDADE INTERNAÇÃO - CLINICA MÉDICA ALA A;2022;2;193;31;6,225806451612903
HRJP;UNIDADE INTERNAÇÃO - CLINICA MÉDICA ALA A;2022;3;378;39;9,692307692307692
HRJP;UNIDADE INTERNAÇÃO - CLINICA MÉDICA ALA A;2022;4;340;35;9,714285714285714
HRJP;UNIDADE INTERNAÇÃO - CLINICA MÉDICA ALA A;2022;5;653;65;10,046153846153846
HRJP;UNIDADE INTERNAÇÃO - CLINICA MÉDICA ALA A;2022;6;130;14;9,285714285714286
HRJP;UNIDADE INTERNAÇÃO - CLINICA MÉDICA ALA A;2022;7;190;14;13,571428571428571
HRJP;UNIDADE INTERNAÇÃO - CLINICA MÉDICA ALA A;2022;8;119;15;7,933333333333334
HRJP;UNIDADE INTERNAÇÃO - CLINICA MÉDICA ALA A;2022;9;116;12;9,666666666666666
HRJP;UNIDADE INTERNAÇÃO - CLINICA MÉDICA ALA A;2022;10;115;18;6,388888888888889
HRJP;UNIDADE INTERNAÇÃO - CLINICA MÉDICA ALA A;2022;11;170;10;17,0
HRJP;UNIDADE INTERNAÇÃO - CLINICA MÉDICA ALA A;2022;12;88;5;17,6
HRJP;UNIDADE INTERNAÇÃO - CLINICA MÉDICA ALA A;2023;1;80;5;16,0
HRJP;UNIDADE INTERNAÇÃO - CLINICA MÉDICA ALA A;2023;2;245;9;27,22222222222222
HRJP;UNIDADE INTERNAÇÃO - CLINICA MÉDICA ALA A;2023;3;144;17;8,470588235294118
HRJP;UNIDADE INTERNAÇÃO - CLINICA MÉDICA ALA A;2023;4;159;17;9,352941176470589
HRJP;UNIDADE INTERNAÇÃO - CLINICA MÉDICA ALA A;2023;5;129;13;9,923076923076923
HRJP;UNIDADE INTERNAÇÃO - CLINICA MÉDICA ALA A;2023;6;130;13;10,0
HRJP;UNIDADE INTERNAÇÃO - CLINICA MÉDICA ALA A;2023;7;229;24;9,541666666666666
HRJP;UNIDADE INTERNAÇÃO - CLINICA MÉDICA ALA A;2023;8;225;18;12,5
HRJP;UNIDADE INTERNAÇÃO - CLINICA MÉDICA ALA A;2023;9;195;9;21,666666666666668
HRJP;UNIDADE INTERNAÇÃO - CLINICA MÉDICA ALA A;2023;10;67;11;6,090909090909091
HRJP;UNIDADE INTERNAÇÃO - CLINICA MÉDICA ALA A;2023;11;323;14;23,071428571428573
HRJP;UNIDADE INTERNAÇÃO - CLINICA MÉDICA ALA A;2023;12;249;16;15,5625
HRJP;UNIDADE INTERNAÇÃO - CLINICA MÉDICA ALA A;2024;1;142;14;10,142857142857142
HRJP;UNIDADE INTERNAÇÃO - CLINICA MÉDICA ALA A;2024;2;383;22;17,40909090909091
HRJP;UNIDADE INTERNAÇÃO - CLINICA MÉDICA ALA A;2024;3;371;36;10,305555555555555
HRJP;UNIDADE INTERNAÇÃO - CLINICA MÉDICA ALA A;2024;4;433;46;9,41304347826087
HRJP;UNIDADE INTERNAÇÃO - CLINICA MÉDICA ALA A;2024;5;502;56;8,964285714285714
HRJP;UNIDADE INTERNAÇÃO - CLINICA MÉDICA ALA A;2024;6;334;34;9,823529411764707
HRJP;UNIDADE INTERNAÇÃO - CLINICA MÉDICA ALA A;2024;7;432;30;14,4
HRJP;UNIDADE INTERNAÇÃO - CLINICA MÉDICA ALA A;2024;8;458;42;10,904761904761905
HRJP;UNIDADE INTERNAÇÃO - CLINICA MÉDICA ALA A;2024;9;502;40;12,55
HRJP;UNIDADE INTERNAÇÃO - CLINICA MÉDICA ALA A;2024;10;423;40;10,575
HRJP;UNIDADE INTERNAÇÃO - CLINICA MÉDICA ALA A;2024;11;68;7;9,714285714285714
HRJP;UNIDADE INTERNAÇÃO - CLÍNICA MÉDICA ALA A;2024;10;148;1;148,0
HRJP;UNIDADE INTERNAÇÃO - CLÍNICA MÉDICA ALA A;2024;11;200;38;5,2631578947368425
HRJP;UNIDADE INTERNAÇÃO - CLÍNICA MÉDICA ALA A;2024;12;415;44;9,431818181818182
HRJP;UNIDADE INTERNAÇÃO - CLÍNICA MÉDICA ALA A;2025;1;135;42;3,2142857142857144
HRJP;UNIDADE INTERNAÇÃO - CLÍNICA MÉDICA ALA A;2025;2;456;44;10,363636363636363
HRJP;UNIDADE INTERNAÇÃO - CLÍNICA MÉDICA ALA A;2025;3;406;57;7,12280701754386
HRJP;UNIDADE INTERNAÇÃO - CLÍNICA MÉDICA ALA A;2025;4;408;57;7,157894736842105
HRJP;UNIDADE INTERNAÇÃO - CLÍNICA MÉDICA ALA A;2025;5;436;57;7,649122807017544
HRJP;UNIDADE INTERNAÇÃO - CLÍNICA MÉDICA ALA A;2025;6;293;46;6,369565217391305
HRJP;UNIDADE INTERNAÇÃO - CLÍNICA MÉDICA ALA A;2025;7;309;58;5,327586206896552
HRJP;UNIDADE INTERNAÇÃO - CLÍNICA MÉDICA ALA A;2025;8;301;46;6,543478260869565
HRJP;UNIDADE INTERNAÇÃO - CLÍNICA MÉDICA ALA A;2025;9;479;47;10,191489361702128
HRJP;UNIDADE INTERNAÇÃO - CLÍNICA MÉDICA ALA A;2025;10;305;46;6,630434782608695
HRJP;UNIDADE INTERNAÇÃO - CLÍNICA MÉDICA ALA A;2025;11;463;66;7,015151515151516
HRJP;UNIDADE INTERNAÇÃO - CLÍNICA MÉDICA ALA A;2025;12;498;28;17,785714285714285
HRJP;UNIDADE INTERNAÇÃO - CLÍNICA MÉDICA ALA A;2026;1;222;40;5,55
HRJP;UNIDADE INTERNAÇÃO - CLÍNICA MÉDICA ALA A;2026;2;340;52;6,538461538461538
HRJP;UNIDADE INTERNAÇÃO - CLÍNICA MÉDICA ALA A;2026;3;601;108;5,564814814814815
HRJP;UNIDADE INTERNAÇÃO - CLÍNICA MÉDICA ALA A;2026;4;466;102;4,568627450980392
HRJP;UNIDADE INTERNAÇÃO - CLÍNICA MÉDICA ALA A;2026;5;390;52;7,5
HRJP;UNIDADE INTERNAÇÃO - CLÍNICA MÉDICA ALA A;2026;6;0;1;0,0
HRJP;UNIDADE INTERNAÇÃO - CLINICA MÉDICA ALA B;2019;1;489;51;9,588235294117647
HRJP;UNIDADE INTERNAÇÃO - CLINICA MÉDICA ALA B;2019;2;674;56;12,035714285714286
HRJP;UNIDADE INTERNAÇÃO - CLINICA MÉDICA ALA B;2019;3;770;58;13,275862068965518
HRJP;UNIDADE INTERNAÇÃO - CLINICA MÉDICA ALA B;2019;4;609;62;9,82258064516129
HRJP;UNIDADE INTERNAÇÃO - CLINICA MÉDICA ALA B;2019;5;1865;79;23,60759493670886
HRJP;UNIDADE INTERNAÇÃO - CLINICA MÉDICA ALA B;2019;6;820;66;12,424242424242424
HRJP;UNIDADE INTERNAÇÃO - CLINICA MÉDICA ALA B;2019;7;959;85;11,282352941176471
HRJP;UNIDADE INTERNAÇÃO - CLINICA MÉDICA ALA B;2019;8;649;76;8,539473684210526
HRJP;UNIDADE INTERNAÇÃO - CLINICA MÉDICA ALA B;2019;9;690;71;9,71830985915493
HRJP;UNIDADE INTERNAÇÃO - CLINICA MÉDICA ALA B;2019;10;939;91;10,31868131868132
HRJP;UNIDADE INTERNAÇÃO - CLINICA MÉDICA ALA B;2019;11;867;89;9,741573033707866
HRJP;UNIDADE INTERNAÇÃO - CLINICA MÉDICA ALA B;2019;12;826;101;8,178217821782178
HRJP;UNIDADE INTERNAÇÃO - CLINICA MÉDICA ALA B;2020;1;622;71;8,76056338028169
HRJP;UNIDADE INTERNAÇÃO - CLINICA MÉDICA ALA B;2020;2;720;82;8,78048780487805
HRJP;UNIDADE INTERNAÇÃO - CLINICA MÉDICA ALA B;2020;3;777;93;8,35483870967742
HRJP;UNIDADE INTERNAÇÃO - CLINICA MÉDICA ALA B;2020;4;97;20;4,85
HRJP;UNIDADE INTERNAÇÃO - CLINICA MÉDICA ALA B;2020;5;282;37;7,621621621621622
HRJP;UNIDADE INTERNAÇÃO - CLINICA MÉDICA ALA B;2020;6;234;30;7,8
HRJP;UNIDADE INTERNAÇÃO - CLINICA MÉDICA ALA B;2020;7;339;44;7,704545454545454
HRJP;UNIDADE INTERNAÇÃO - CLINICA MÉDICA ALA B;2020;8;293;45;6,511111111111111
HRJP;UNIDADE INTERNAÇÃO - CLINICA MÉDICA ALA B;2020;9;336;41;8,195121951219512
HRJP;UNIDADE INTERNAÇÃO - CLINICA MÉDICA ALA B;2020;10;113498;37;3067,5135135135133
HRJP;UNIDADE INTERNAÇÃO - CLINICA MÉDICA ALA B;2020;11;531;67;7,925373134328358
HRJP;UNIDADE INTERNAÇÃO - CLINICA MÉDICA ALA B;2020;12;550;99;5,555555555555555
HRJP;UNIDADE INTERNAÇÃO - CLINICA MÉDICA ALA B;2021;1;364;52;7,0
HRJP;UNIDADE INTERNAÇÃO - CLINICA MÉDICA ALA B;2021;2;293;43;6,813953488372093
HRJP;UNIDADE INTERNAÇÃO - CLINICA MÉDICA ALA B;2021;3;550;90;6,111111111111111
HRJP;UNIDADE INTERNAÇÃO - CLINICA MÉDICA ALA B;2021;4;465;79;5,886075949367089
HRJP;UNIDADE INTERNAÇÃO - CLINICA MÉDICA ALA B;2021;5;230;35;6,571428571428571
HRJP;UNIDADE INTERNAÇÃO - CLINICA MÉDICA ALA B;2021;6;358;59;6,067796610169491
HRJP;UNIDADE INTERNAÇÃO - CLINICA MÉDICA ALA B;2021;7;152;21;7,238095238095238
HRJP;UNIDADE INTERNAÇÃO - CLINICA MÉDICA ALA B;2021;12;457;26;17,576923076923077
HRJP;UNIDADE INTERNAÇÃO - CLINICA MÉDICA ALA B;2022;1;441;20;22,05
HRJP;UNIDADE INTERNAÇÃO - CLINICA MÉDICA ALA B;2022;2;563;36;15,63888888888889
HRJP;UNIDADE INTERNAÇÃO - CLINICA MÉDICA ALA B;2022;3;584;46;12,695652173913043
HRJP;UNIDADE INTERNAÇÃO - CLINICA MÉDICA ALA B;2022;4;735;40;18,375
HRJP;UNIDADE INTERNAÇÃO - CLINICA MÉDICA ALA B;2022;5;872;43;20,27906976744186
HRJP;UNIDADE INTERNAÇÃO - CLINICA MÉDICA ALA B;2022;6;94;12;7,833333333333333
HRJP;UNIDADE INTERNAÇÃO - CLINICA MÉDICA ALA B;2022;7;189;12;15,75
HRJP;UNIDADE INTERNAÇÃO - CLINICA MÉDICA ALA B;2022;8;121;11;11,0
HRJP;UNIDADE INTERNAÇÃO - CLINICA MÉDICA ALA B;2022;9;181;11;16,454545454545453
HRJP;UNIDADE INTERNAÇÃO - CLINICA MÉDICA ALA B;2022;10;70;10;7,0
HRJP;UNIDADE INTERNAÇÃO - CLINICA MÉDICA ALA B;2022;11;115;20;5,75
HRJP;UNIDADE INTERNAÇÃO - CLINICA MÉDICA ALA B;2022;12;98;7;14,0
HRJP;UNIDADE INTERNAÇÃO - CLINICA MÉDICA ALA B;2023;1;119;4;29,75
HRJP;UNIDADE INTERNAÇÃO - CLINICA MÉDICA ALA B;2023;2;162;22;7,363636363636363
HRJP;UNIDADE INTERNAÇÃO - CLINICA MÉDICA ALA B;2023;3;220;26;8,461538461538462
HRJP;UNIDADE INTERNAÇÃO - CLINICA MÉDICA ALA B;2023;4;203;19;10,68421052631579
HRJP;UNIDADE INTERNAÇÃO - CLINICA MÉDICA ALA B;2023;5;275;23;11,956521739130435
HRJP;UNIDADE INTERNAÇÃO - CLINICA MÉDICA ALA B;2023;6;234;22;10,636363636363637
HRJP;UNIDADE INTERNAÇÃO - CLINICA MÉDICA ALA B;2023;7;288;19;15,157894736842104
HRJP;UNIDADE INTERNAÇÃO - CLINICA MÉDICA ALA B;2023;8;168;11;15,272727272727273
HRJP;UNIDADE INTERNAÇÃO - CLINICA MÉDICA ALA B;2023;9;386;18;21,444444444444443
HRJP;UNIDADE INTERNAÇÃO - CLINICA MÉDICA ALA B;2023;10;151;14;10,785714285714286
HRJP;UNIDADE INTERNAÇÃO - CLINICA MÉDICA ALA B;2023;11;690;19;36,31578947368421
HRJP;UNIDADE INTERNAÇÃO - CLINICA MÉDICA ALA B;2023;12;305;21;14,523809523809524
HRJP;UNIDADE INTERNAÇÃO - CLINICA MÉDICA ALA B;2024;1;236;8;29,5
HRJP;UNIDADE INTERNAÇÃO - CLINICA MÉDICA ALA B;2024;2;290;12;24,166666666666668
HRJP;UNIDADE INTERNAÇÃO - CLINICA MÉDICA ALA B;2024;3;414;19;21,789473684210527
HRJP;UNIDADE INTERNAÇÃO - CLINICA MÉDICA ALA B;2024;4;443;22;20,136363636363637
HRJP;UNIDADE INTERNAÇÃO - CLINICA MÉDICA ALA B;2024;5;433;22;19,681818181818183
HRJP;UNIDADE INTERNAÇÃO - CLINICA MÉDICA ALA B;2024;6;407;20;20,35
HRJP;UNIDADE INTERNAÇÃO - CLINICA MÉDICA ALA B;2024;7;192;17;11,294117647058824
HRJP;UNIDADE INTERNAÇÃO - CLINICA MÉDICA ALA B;2024;8;506;23;22,0
HRJP;UNIDADE INTERNAÇÃO - CLINICA MÉDICA ALA B;2024;9;364;20;18,2
HRJP;UNIDADE INTERNAÇÃO - CLINICA MÉDICA ALA B;2024;10;448;26;17,23076923076923
HRJP;UNIDADE INTERNAÇÃO - CLINICA MÉDICA ALA B;2024;11;44;4;11,0
HRJP;UNIDADE INTERNAÇÃO - CLÍNICA MÉDICA ALA B;2024;11;355;29;12,241379310344827
HRJP;UNIDADE INTERNAÇÃO - CLÍNICA MÉDICA ALA B;2024;12;412;29;14,206896551724139
HRJP;UNIDADE INTERNAÇÃO - CLÍNICA MÉDICA ALA B;2025;1;270;32;8,4375
HRJP;UNIDADE INTERNAÇÃO - CLÍNICA MÉDICA ALA B;2025;2;187;34;5,5
HRJP;UNIDADE INTERNAÇÃO - CLÍNICA MÉDICA ALA B;2025;3;582;42;13,857142857142858
HRJP;UNIDADE INTERNAÇÃO - CLÍNICA MÉDICA ALA B;2025;4;538;34;15,823529411764707
HRJP;UNIDADE INTERNAÇÃO - CLÍNICA MÉDICA ALA B;2025;5;441;41;10,75609756097561
HRJP;UNIDADE INTERNAÇÃO - CLÍNICA MÉDICA ALA B;2025;6;370;37;10,0
HRJP;UNIDADE INTERNAÇÃO - CLÍNICA MÉDICA ALA B;2025;7;405;29;13,96551724137931
HRJP;UNIDADE INTERNAÇÃO - CLÍNICA MÉDICA ALA B;2025;8;486;28;17,357142857142858
HRJP;UNIDADE INTERNAÇÃO - CLÍNICA MÉDICA ALA B;2025;9;452;46;9,826086956521738
HRJP;UNIDADE INTERNAÇÃO - CLÍNICA MÉDICA ALA B;2025;10;363;47;7,723404255319149
HRJP;UNIDADE INTERNAÇÃO - CLÍNICA MÉDICA ALA B;2025;11;60;13;4,615384615384615
HRJP;UNIDADE INTERNAÇÃO - CLÍNICA MÉDICA ALA B;2025;12;520;67;7,7611940298507465
HRJP;UNIDADE INTERNAÇÃO - CLÍNICA MÉDICA ALA B;2026;1;466;53;8,79245283018868
HRJP;UNIDADE INTERNAÇÃO - CLÍNICA MÉDICA ALA B;2026;2;708;83;8,53012048192771
HRJP;UNIDADE INTERNAÇÃO - CLÍNICA MÉDICA ALA B;2026;3;542;79;6,860759493670886
HRJP;UNIDADE INTERNAÇÃO - CLÍNICA MÉDICA ALA B;2026;4;568;84;6,761904761904762
HRJP;UNIDADE INTERNAÇÃO - CLÍNICA MÉDICA ALA B;2026;5;403;81;4,9753086419753085
HRJP;UNIDADE INTERNAÇÃO - CLÍNICA MÉDICA ALA B;2026;6;536;89;6,022471910112359
HRJP;UNIDADE INTERNAÇÃO - CLINICA MÉDICA ALA C;2022;6;473;34;13,911764705882353
HRJP;UNIDADE INTERNAÇÃO - CLINICA MÉDICA ALA C;2022;7;545;42;12,976190476190476
HRJP;UNIDADE INTERNAÇÃO - CLINICA MÉDICA ALA C;2022;8;407;33;12,333333333333334
HRJP;UNIDADE INTERNAÇÃO - CLINICA MÉDICA ALA C;2022;9;474;34;13,941176470588236
HRJP;UNIDADE INTERNAÇÃO - CLINICA MÉDICA ALA C;2022;10;436;27;16,14814814814815
HRJP;UNIDADE INTERNAÇÃO - CLINICA MÉDICA ALA C;2022;11;641;29;22,103448275862068
HRJP;UNIDADE INTERNAÇÃO - CLINICA MÉDICA ALA C;2022;12;662;37;17,89189189189189
HRJP;UNIDADE INTERNAÇÃO - CLINICA MÉDICA ALA C;2023;1;424;21;20,19047619047619
HRJP;UNIDADE INTERNAÇÃO - CLINICA MÉDICA ALA C;2023;2;470;29;16,20689655172414
HRJP;UNIDADE INTERNAÇÃO - CLINICA MÉDICA ALA C;2023;3;545;55;9,909090909090908
HRJP;UNIDADE INTERNAÇÃO - CLINICA MÉDICA ALA C;2023;4;441;34;12,970588235294118
HRJP;UNIDADE INTERNAÇÃO - CLINICA MÉDICA ALA C;2023;5;709;39;18,17948717948718
HRJP;UNIDADE INTERNAÇÃO - CLINICA MÉDICA ALA C;2023;6;636;58;10,96551724137931
HRJP;UNIDADE INTERNAÇÃO - CLINICA MÉDICA ALA C;2023;7;442;36;12,277777777777779
HRJP;UNIDADE INTERNAÇÃO - CLINICA MÉDICA ALA C;2023;8;494;39;12,666666666666666
HRJP;UNIDADE INTERNAÇÃO - CLINICA MÉDICA ALA C;2023;9;254;41;6,195121951219512
HRJP;UNIDADE INTERNAÇÃO - CLINICA MÉDICA ALA C;2023;10;457;30;15,233333333333333
HRJP;UNIDADE INTERNAÇÃO - CLINICA MÉDICA ALA C;2023;11;651;40;16,275
HRJP;UNIDADE INTERNAÇÃO - CLINICA MÉDICA ALA C;2023;12;339;39;8,692307692307692
HRJP;UNIDADE INTERNAÇÃO - CLINICA MÉDICA ALA C;2024;1;373;41;9,097560975609756
HRJP;UNIDADE INTERNAÇÃO - CLINICA MÉDICA ALA C;2024;2;518;19;27,263157894736842
HRJP;UNIDADE INTERNAÇÃO - CLINICA MÉDICA ALA C;2024;3;587;55;10,672727272727272
HRJP;UNIDADE INTERNAÇÃO - CLINICA MÉDICA ALA C;2024;4;654;71;9,211267605633802
HRJP;UNIDADE INTERNAÇÃO - CLINICA MÉDICA ALA C;2024;5;706;49;14,408163265306122
HRJP;UNIDADE INTERNAÇÃO - CLINICA MÉDICA ALA C;2024;6;386;26;14,846153846153847
HRJP;UNIDADE INTERNAÇÃO - CLINICA MÉDICA ALA C;2024;7;624;39;16,0
HRJP;UNIDADE INTERNAÇÃO - CLINICA MÉDICA ALA C;2024;8;504;34;14,823529411764707
HRJP;UNIDADE INTERNAÇÃO - CLINICA MÉDICA ALA C;2024;9;282;26;10,846153846153847
HRJP;UNIDADE INTERNAÇÃO - CLINICA MÉDICA ALA C;2024;10;503;49;10,26530612244898
HRJP;UNIDADE INTERNAÇÃO - CLINICA MÉDICA ALA C;2024;11;34;6;5,666666666666667
HRJP;UNIDADE INTERNAÇÃO - CLÍNICA MÉDICA ALA C;2024;11;156;18;8,666666666666666
HRJP;UNIDADE INTERNAÇÃO - CLÍNICA MÉDICA ALA C;2024;12;83;22;3,772727272727273
HRJP;UNIDADE INTERNAÇÃO - CLÍNICA MÉDICA ALA C;2025;1;87;9;9,666666666666666
HRJP;UNIDADE INTERNAÇÃO - CLÍNICA MÉDICA ALA C;2025;2;198;23;8,608695652173912
HRJP;UNIDADE INTERNAÇÃO - CLÍNICA MÉDICA ALA C;2025;3;261;25;10,44
HRJP;UNIDADE INTERNAÇÃO - CLÍNICA MÉDICA ALA C;2025;4;76;21;3,619047619047619
HRJP;UNIDADE INTERNAÇÃO - CLÍNICA MÉDICA ALA C;2025;5;180;23;7,826086956521739
HRJP;UNIDADE INTERNAÇÃO - CLÍNICA MÉDICA ALA C;2025;6;140;18;7,777777777777778
HRJP;UNIDADE INTERNAÇÃO - CLÍNICA MÉDICA ALA C;2025;7;130;22;5,909090909090909
HRJP;UNIDADE INTERNAÇÃO - CLÍNICA MÉDICA ALA C;2025;8;137;23;5,956521739130435
HRJP;UNIDADE INTERNAÇÃO - CLÍNICA MÉDICA ALA C;2025;9;169;24;7,041666666666667
HRJP;UNIDADE INTERNAÇÃO - CLÍNICA MÉDICA ALA C;2025;10;263;28;9,392857142857142
HRJP;UNIDADE INTERNAÇÃO - CLÍNICA MÉDICA ALA C;2025;11;147;15;9,8
HRJP;UNIDADE INTERNAÇÃO - CLÍNICA MÉDICA ALA C;2025;12;153;13;11,76923076923077
HRJP;UNIDADE INTERNAÇÃO - CLÍNICA MÉDICA ALA C;2026;2;10;2;5,0
HRJP;UNIDADE INTERNAÇÃO - CLÍNICA MÉDICA ALA C;2026;3;4;16;0,25
HRJP;UNIDADE INTERNAÇÃO - CLÍNICA MÉDICA ALA C;2026;4;2;6;0,3333333333333333
HRJP;UNIDADE INTERNAÇÃO - CLÍNICA MÉDICA ALA C;2026;5;208;19;10,947368421052632
HRJP;UNIDADE INTERNAÇÃO - CLÍNICA MÉDICA ALA C;2026;6;215;42;5,119047619047619
HRJP;UNIDADE INTERNAÇÃO - CLINICA MÉDICA COVID 19;2021;7;20;3;6,666666666666667
HRJP;UNIDADE INTERNAÇÃO - CLINICA MÉDICA COVID 19;2021;8;233;25;9,32
HRJP;UNIDADE INTERNAÇÃO - CLINICA MÉDICA COVID 19;2021;9;82;18;4,555555555555555
HRJP;UNIDADE INTERNAÇÃO - CLINICA MÉDICA COVID 19;2021;10;447;21;21,285714285714285
HRJP;UNIDADE INTERNAÇÃO - CLINICA MÉDICA COVID 19;2021;11;507;56;9,053571428571429
HRJP;UNIDADE INTERNAÇÃO - CLINICA MÉDICA COVID 19;2021;12;70;10;7,0
HRJP;UNIDADE INTERNAÇÃO - CLINICA MÉDICA MASCULINA;2019;1;538;54;9,962962962962964
HRJP;UNIDADE INTERNAÇÃO - CLINICA MÉDICA MASCULINA;2019;2;706;62;11,387096774193548
HRJP;UNIDADE INTERNAÇÃO - CLINICA MÉDICA MASCULINA;2019;3;824;47;17,53191489361702
HRJP;UNIDADE INTERNAÇÃO - CLINICA MÉDICA MASCULINA;2019;4;732;55;13,309090909090909
HRJP;UNIDADE INTERNAÇÃO - CLINICA MÉDICA MASCULINA;2019;5;761;64;11,890625
HRJP;UNIDADE INTERNAÇÃO - CLINICA MÉDICA MASCULINA;2019;6;970;58;16,724137931034484
HRJP;UNIDADE INTERNAÇÃO - CLINICA MÉDICA MASCULINA;2019;7;1068;65;16,43076923076923
HRJP;UNIDADE INTERNAÇÃO - CLINICA MÉDICA MASCULINA;2019;8;790;59;13,389830508474576
HRJP;UNIDADE INTERNAÇÃO - CLINICA MÉDICA MASCULINA;2019;9;477;52;9,173076923076923
HRJP;UNIDADE INTERNAÇÃO - CLINICA MÉDICA MASCULINA;2019;10;914;56;16,321428571428573
HRJP;UNIDADE INTERNAÇÃO - CLINICA MÉDICA MASCULINA;2019;11;2820;70;40,285714285714285
HRJP;UNIDADE INTERNAÇÃO - CLINICA MÉDICA MASCULINA;2019;12;583;57;10,228070175438596
HRJP;UNIDADE INTERNAÇÃO - CLINICA MÉDICA MASCULINA;2020;1;530;55;9,636363636363637
HRJP;UNIDADE INTERNAÇÃO - CLINICA MÉDICA MASCULINA;2020;2;739;61;12,114754098360656
HRJP;UNIDADE INTERNAÇÃO - CLINICA MÉDICA MASCULINA;2020;3;1216;69;17,6231884057971
HRJP;UNIDADE INTERNAÇÃO - CLINICA MÉDICA MASCULINA;2020;4;16;1;16,0
HRJP;UNIDADE INTERNAÇÃO - CLINICA MÉDICA MASCULINA;2021;7;670;16;41,875
HRJP;UNIDADE INTERNAÇÃO - CLINICA PEDIÁTRICA;2019;1;967;71;13,619718309859154
HRJP;UNIDADE INTERNAÇÃO - CLINICA PEDIÁTRICA;2019;2;923;78;11,833333333333334
HRJP;UNIDADE INTERNAÇÃO - CLINICA PEDIÁTRICA;2019;3;834;72;11,583333333333334
HRJP;UNIDADE INTERNAÇÃO - CLINICA PEDIÁTRICA;2019;4;1010;77;13,116883116883116
HRJP;UNIDADE INTERNAÇÃO - CLINICA PEDIÁTRICA;2019;5;1031;97;10,628865979381443
HRJP;UNIDADE INTERNAÇÃO - CLINICA PEDIÁTRICA;2019;6;992;70;14,17142857142857
HRJP;UNIDADE INTERNAÇÃO - CLINICA PEDIÁTRICA;2019;7;905;69;13,115942028985508
HRJP;UNIDADE INTERNAÇÃO - CLINICA PEDIÁTRICA;2019;8;817;66;12,378787878787879
HRJP;UNIDADE INTERNAÇÃO - CLINICA PEDIÁTRICA;2019;9;1169;63;18,555555555555557
HRJP;UNIDADE INTERNAÇÃO - CLINICA PEDIÁTRICA;2019;10;889;79;11,253164556962025
HRJP;UNIDADE INTERNAÇÃO - CLINICA PEDIÁTRICA;2019;11;782;63;12,412698412698413
HRJP;UNIDADE INTERNAÇÃO - CLINICA PEDIÁTRICA;2019;12;922;60;15,366666666666667
HRJP;UNIDADE INTERNAÇÃO - CLINICA PEDIÁTRICA;2020;1;958;74;12,945945945945946
HRJP;UNIDADE INTERNAÇÃO - CLINICA PEDIÁTRICA;2020;2;1016;66;15,393939393939394
HRJP;UNIDADE INTERNAÇÃO - CLINICA PEDIÁTRICA;2020;3;840;65;12,923076923076923
HRJP;UNIDADE INTERNAÇÃO - CLINICA PEDIÁTRICA;2020;4;520;29;17,93103448275862
HRJP;UNIDADE INTERNAÇÃO - CLINICA PEDIÁTRICA;2020;5;649;41;15,829268292682928
HRJP;UNIDADE INTERNAÇÃO - CLINICA PEDIÁTRICA;2020;6;538;38;14,157894736842104
HRJP;UNIDADE INTERNAÇÃO - CLINICA PEDIÁTRICA;2020;7;672;67;10,029850746268657
HRJP;UNIDADE INTERNAÇÃO - CLINICA PEDIÁTRICA;2020;8;411;52;7,903846153846154
HRJP;UNIDADE INTERNAÇÃO - CLINICA PEDIÁTRICA;2020;9;563;51;11,03921568627451
HRJP;UNIDADE INTERNAÇÃO - CLINICA PEDIÁTRICA;2020;10;601;62;9,693548387096774
HRJP;UNIDADE INTERNAÇÃO - CLINICA PEDIÁTRICA;2020;11;436;44;9,909090909090908
HRJP;UNIDADE INTERNAÇÃO - CLINICA PEDIÁTRICA;2020;12;500;47;10,638297872340425
HRJP;UNIDADE INTERNAÇÃO - CLINICA PEDIÁTRICA;2021;1;542;51;10,627450980392156
HRJP;UNIDADE INTERNAÇÃO - CLINICA PEDIÁTRICA;2021;2;385;45;8,555555555555555
HRJP;UNIDADE INTERNAÇÃO - CLINICA PEDIÁTRICA;2021;3;930;81;11,481481481481481
HRJP;UNIDADE INTERNAÇÃO - CLINICA PEDIÁTRICA;2021;4;813;65;12,507692307692308
HRJP;UNIDADE INTERNAÇÃO - CLINICA PEDIÁTRICA;2021;5;844;73;11,561643835616438
HRJP;UNIDADE INTERNAÇÃO - CLINICA PEDIÁTRICA;2021;6;978;59;16,576271186440678
HRJP;UNIDADE INTERNAÇÃO - CLINICA PEDIÁTRICA;2021;7;1087;68;15,985294117647058
HRJP;UNIDADE INTERNAÇÃO - CLINICA PEDIÁTRICA;2021;8;819;67;12,223880597014926
HRJP;UNIDADE INTERNAÇÃO - CLINICA PEDIÁTRICA;2021;9;811;57;14,228070175438596
HRJP;UNIDADE INTERNAÇÃO - CLINICA PEDIÁTRICA;2021;10;593;49;12,10204081632653
HRJP;UNIDADE INTERNAÇÃO - CLINICA PEDIÁTRICA;2021;11;759;54;14,055555555555555
HRJP;UNIDADE INTERNAÇÃO - CLINICA PEDIÁTRICA;2021;12;706;59;11,966101694915254
HRJP;UNIDADE INTERNAÇÃO - CLINICA PEDIÁTRICA;2022;1;867;74;11,716216216216216
HRJP;UNIDADE INTERNAÇÃO - CLINICA PEDIÁTRICA;2022;2;809;65;12,446153846153846
HRJP;UNIDADE INTERNAÇÃO - CLINICA PEDIÁTRICA;2022;3;1468;90;16,31111111111111
HRJP;UNIDADE INTERNAÇÃO - CLINICA PEDIÁTRICA;2022;4;808;107;7,5514018691588785
HRJP;UNIDADE INTERNAÇÃO - CLINICA PEDIÁTRICA;2022;5;1188;107;11,102803738317757
HRJP;UNIDADE INTERNAÇÃO - CLINICA PEDIÁTRICA;2022;6;717;77;9,311688311688311
HRJP;UNIDADE INTERNAÇÃO - CLINICA PEDIÁTRICA;2022;7;1038;75;13,84
HRJP;UNIDADE INTERNAÇÃO - CLINICA PEDIÁTRICA;2022;8;1357;89;15,247191011235955
HRJP;UNIDADE INTERNAÇÃO - CLINICA PEDIÁTRICA;2022;9;993;71;13,985915492957746
HRJP;UNIDADE INTERNAÇÃO - CLINICA PEDIÁTRICA;2022;10;936;72;13,0
HRJP;UNIDADE INTERNAÇÃO - CLINICA PEDIÁTRICA;2022;11;991;81;12,234567901234568
HRJP;UNIDADE INTERNAÇÃO - CLINICA PEDIÁTRICA;2022;12;1311;71;18,464788732394368
HRJP;UNIDADE INTERNAÇÃO - CLINICA PEDIÁTRICA;2023;1;860;66;13,030303030303031
HRJP;UNIDADE INTERNAÇÃO - CLINICA PEDIÁTRICA;2023;2;1053;65;16,2
HRJP;UNIDADE INTERNAÇÃO - CLINICA PEDIÁTRICA;2023;3;1058;95;11,136842105263158
HRJP;UNIDADE INTERNAÇÃO - CLINICA PEDIÁTRICA;2023;4;1512;88;17,181818181818183
HRJP;UNIDADE INTERNAÇÃO - CLINICA PEDIÁTRICA;2023;5;1003;90;11,144444444444444
HRJP;UNIDADE INTERNAÇÃO - CLINICA PEDIÁTRICA;2023;6;1439;100;14,39
HRJP;UNIDADE INTERNAÇÃO - CLINICA PEDIÁTRICA;2023;7;821;74;11,094594594594595
HRJP;UNIDADE INTERNAÇÃO - CLINICA PEDIÁTRICA;2023;8;983;77;12,766233766233766
HRJP;UNIDADE INTERNAÇÃO - CLINICA PEDIÁTRICA;2023;9;1029;73;14,095890410958905
HRJP;UNIDADE INTERNAÇÃO - CLINICA PEDIÁTRICA;2023;10;1428;86;16,6046511627907
HRJP;UNIDADE INTERNAÇÃO - CLINICA PEDIÁTRICA;2023;11;926;87;10,64367816091954
HRJP;UNIDADE INTERNAÇÃO - CLINICA PEDIÁTRICA;2023;12;1637;72;22,73611111111111
HRJP;UNIDADE INTERNAÇÃO - CLINICA PEDIÁTRICA;2024;1;707;54;13,092592592592593
HRJP;UNIDADE INTERNAÇÃO - CLINICA PEDIÁTRICA;2024;2;835;72;11,597222222222221
HRJP;UNIDADE INTERNAÇÃO - CLINICA PEDIÁTRICA;2024;3;1073;66;16,257575757575758
HRJP;UNIDADE INTERNAÇÃO - CLINICA PEDIÁTRICA;2024;4;1215;80;15,1875
HRJP;UNIDADE INTERNAÇÃO - CLINICA PEDIÁTRICA;2024;5;1331;90;14,78888888888889
HRJP;UNIDADE INTERNAÇÃO - CLINICA PEDIÁTRICA;2024;6;1437;87;16,517241379310345
HRJP;UNIDADE INTERNAÇÃO - CLINICA PEDIÁTRICA;2024;7;1094;69;15,855072463768115
HRJP;UNIDADE INTERNAÇÃO - CLINICA PEDIÁTRICA;2024;8;807;66;12,227272727272727
HRJP;UNIDADE INTERNAÇÃO - CLINICA PEDIÁTRICA;2024;9;1075;88;12,215909090909092
HRJP;UNIDADE INTERNAÇÃO - CLINICA PEDIÁTRICA;2024;10;1284;102;12,588235294117647
HRJP;UNIDADE INTERNAÇÃO - CLINICA PEDIÁTRICA;2024;11;126;12;10,5
HRJP;UNIDADE INTERNAÇÃO - CLÍNICA PEDIÁTRICA;2024;11;710;61;11,639344262295081
HRJP;UNIDADE INTERNAÇÃO - CLÍNICA PEDIÁTRICA;2024;12;738;66;11,181818181818182
HRJP;UNIDADE INTERNAÇÃO - CLÍNICA PEDIÁTRICA;2025;1;1111;66;16,833333333333332
HRJP;UNIDADE INTERNAÇÃO - CLÍNICA PEDIÁTRICA;2025;2;670;70;9,571428571428571
HRJP;UNIDADE INTERNAÇÃO - CLÍNICA PEDIÁTRICA;2025;3;669;66;10,136363636363637
HRJP;UNIDADE INTERNAÇÃO - CLÍNICA PEDIÁTRICA;2025;4;964;83;11,614457831325302
HRJP;UNIDADE INTERNAÇÃO - CLÍNICA PEDIÁTRICA;2025;5;1173;110;10,663636363636364
HRJP;UNIDADE INTERNAÇÃO - CLÍNICA PEDIÁTRICA;2025;6;1167;83;14,060240963855422
HRJP;UNIDADE INTERNAÇÃO - CLÍNICA PEDIÁTRICA;2025;7;1552;94;16,51063829787234
HRJP;UNIDADE INTERNAÇÃO - CLÍNICA PEDIÁTRICA;2025;8;927;71;13,056338028169014
HRJP;UNIDADE INTERNAÇÃO - CLÍNICA PEDIÁTRICA;2025;9;849;71;11,95774647887324
HRJP;UNIDADE INTERNAÇÃO - CLÍNICA PEDIÁTRICA;2025;10;697;70;9,957142857142857
HRJP;UNIDADE INTERNAÇÃO - CLÍNICA PEDIÁTRICA;2025;11;856;64;13,375
HRJP;UNIDADE INTERNAÇÃO - CLÍNICA PEDIÁTRICA;2025;12;825;54;15,277777777777779
HRJP;UNIDADE INTERNAÇÃO - CLÍNICA PEDIÁTRICA;2026;1;742;62;11,96774193548387
HRJP;UNIDADE INTERNAÇÃO - CLÍNICA PEDIÁTRICA;2026;2;772;55;14,036363636363637
HRJP;UNIDADE INTERNAÇÃO - CLÍNICA PEDIÁTRICA;2026;3;874;72;12,13888888888889
HRJP;UNIDADE INTERNAÇÃO - CLÍNICA PEDIÁTRICA;2026;4;701;60;11,683333333333334
HRJP;UNIDADE INTERNAÇÃO - CLÍNICA PEDIÁTRICA;2026;5;1001;57;17,56140350877193
HRJP;UNIDADE INTERNAÇÃO - CLÍNICA PEDIÁTRICA;2026;6;687;80;8,5875
HRJP;UNIDADE INTERNAÇÃO - CLÍNICA PSIQUIÁTRICA ALA A;2024;11;141;11;12,818181818181818
HRJP;UNIDADE INTERNAÇÃO - CLÍNICA PSIQUIÁTRICA ALA A;2024;12;92;6;15,333333333333334
HRJP;UNIDADE INTERNAÇÃO - CLÍNICA PSIQUIÁTRICA ALA A;2025;1;47;4;11,75
HRJP;UNIDADE INTERNAÇÃO - CLÍNICA PSIQUIÁTRICA ALA A;2025;2;90;8;11,25
HRJP;UNIDADE INTERNAÇÃO - CLÍNICA PSIQUIÁTRICA ALA A;2025;3;128;4;32,0
HRJP;UNIDADE INTERNAÇÃO - CLÍNICA PSIQUIÁTRICA ALA A;2025;4;400;9;44,44444444444444
HRJP;UNIDADE INTERNAÇÃO - CLÍNICA PSIQUIÁTRICA ALA A;2025;5;131;15;8,733333333333333
HRJP;UNIDADE INTERNAÇÃO - CLÍNICA PSIQUIÁTRICA ALA A;2025;6;40;5;8,0
HRJP;UNIDADE INTERNAÇÃO - CLÍNICA PSIQUIÁTRICA ALA A;2025;7;241;7;34,42857142857143
HRJP;UNIDADE INTERNAÇÃO - CLÍNICA PSIQUIÁTRICA ALA A;2025;8;57;4;14,25
HRJP;UNIDADE INTERNAÇÃO - CLÍNICA PSIQUIÁTRICA ALA A;2025;9;80;5;16,0
HRJP;UNIDADE INTERNAÇÃO - CLÍNICA PSIQUIÁTRICA ALA A;2025;10;187;10;18,7
HRJP;UNIDADE INTERNAÇÃO - CLÍNICA PSIQUIÁTRICA ALA A;2025;11;148;17;8,705882352941176
HRJP;UNIDADE INTERNAÇÃO - CLÍNICA PSIQUIÁTRICA ALA A;2025;12;5;1;5,0
HRJP;UNIDADE INTERNAÇÃO - CLÍNICA PSIQUIÁTRICA ALA A;2026;3;13;4;3,25
HRJP;UNIDADE INTERNAÇÃO - CLÍNICA PSIQUIÁTRICA ALA A;2026;4;10;2;5,0
HRJP;UNIDADE INTERNAÇÃO - CLÍNICA PSIQUIÁTRICA ALA A;2026;5;74;2;37,0
HRJP;UNIDADE INTERNAÇÃO - CLÍNICA PSIQUIÁTRICA ALA C;2024;11;79;4;19,75
HRJP;UNIDADE INTERNAÇÃO - CLÍNICA PSIQUIÁTRICA ALA C;2024;12;57;2;28,5
HRJP;UNIDADE INTERNAÇÃO - CLÍNICA PSIQUIÁTRICA ALA C;2025;1;65;3;21,666666666666668
HRJP;UNIDADE INTERNAÇÃO - CLÍNICA PSIQUIÁTRICA ALA C;2025;2;43;1;43,0
HRJP;UNIDADE INTERNAÇÃO - CLÍNICA PSIQUIÁTRICA ALA C;2025;3;103;4;25,75
HRJP;UNIDADE INTERNAÇÃO - CLÍNICA PSIQUIÁTRICA ALA C;2025;4;122;3;40,666666666666664
HRJP;UNIDADE INTERNAÇÃO - CLÍNICA PSIQUIÁTRICA ALA C;2025;5;61;3;20,333333333333332
HRJP;UNIDADE INTERNAÇÃO - CLÍNICA PSIQUIÁTRICA ALA C;2025;6;116;5;23,2
HRJP;UNIDADE INTERNAÇÃO - CLÍNICA PSIQUIÁTRICA ALA C;2025;7;59;3;19,666666666666668
HRJP;UNIDADE INTERNAÇÃO - CLÍNICA PSIQUIÁTRICA ALA C;2025;8;21;1;21,0
HRJP;UNIDADE INTERNAÇÃO - CLÍNICA PSIQUIÁTRICA ALA C;2025;9;126;3;42,0
HRJP;UNIDADE INTERNAÇÃO - CLÍNICA PSIQUIÁTRICA ALA C;2025;10;73;6;12,166666666666666
HRJP;UNIDADE INTERNAÇÃO - CLÍNICA PSIQUIÁTRICA ALA C;2025;11;48;12;4,0
HRJP;UNIDADE INTERNAÇÃO - CLÍNICA PSIQUIÁTRICA ALA C;2025;12;19;5;3,8
HRJP;UNIDADE INTERNAÇÃO - CLÍNICA PSIQUIÁTRICA ALA C;2026;3;0;1;0,0
HRJP;UNIDADE INTERNAÇÃO - CLÍNICA PSIQUIÁTRICA ALA C;2026;5;5;3;1,6666666666666667
HRJP;UNIDADE INTERNAÇÃO - CLÍNICA PSIQUIÁTRICA ALA C;2026;6;21;4;5,25
HRJP;UNIDADE INTERNAÇÃO - CLINICA TISIOLÓGICA ALA B;2022;6;65;10;6,5
HRJP;UNIDADE INTERNAÇÃO - CLINICA TISIOLÓGICA ALA B;2022;7;24;3;8,0
HRJP;UNIDADE INTERNAÇÃO - CLINICA TISIOLÓGICA ALA B;2022;11;31;1;31,0
HRJP;UNIDADE INTERNAÇÃO - CLINICA TISIOLÓGICA ALA B;2022;12;78;3;26,0
HRJP;UNIDADE INTERNAÇÃO - CLINICA TISIOLÓGICA ALA B;2023;1;102;3;34,0
HRJP;UNIDADE INTERNAÇÃO - CLINICA TISIOLÓGICA ALA B;2023;2;153;5;30,6
HRJP;UNIDADE INTERNAÇÃO - CLINICA TISIOLÓGICA ALA B;2023;3;47;2;23,5
HRJP;UNIDADE INTERNAÇÃO - CLINICA TISIOLÓGICA ALA B;2023;4;7;1;7,0
HRJP;UNIDADE INTERNAÇÃO - CLINICA TISIOLÓGICA ALA B;2023;5;19;3;6,333333333333333
HRJP;UNIDADE INTERNAÇÃO - CLINICA TISIOLÓGICA ALA B;2023;6;7;1;7,0
HRJP;UNIDADE INTERNAÇÃO - CLINICA TISIOLÓGICA ALA B;2023;7;18;2;9,0
HRJP;UNIDADE INTERNAÇÃO - CLINICA TISIOLÓGICA ALA B;2023;8;91;4;22,75
HRJP;UNIDADE INTERNAÇÃO - CLINICA TISIOLÓGICA ALA B;2023;9;13;3;4,333333333333333
HRJP;UNIDADE INTERNAÇÃO - CLINICA TISIOLÓGICA ALA B;2023;10;2;1;2,0
HRJP;UNIDADE INTERNAÇÃO - CLINICA TISIOLÓGICA ALA B;2023;11;90;1;90,0
HRJP;UNIDADE INTERNAÇÃO - CLINICA TISIOLÓGICA ALA B;2023;12;5;2;2,5
HRJP;UNIDADE INTERNAÇÃO - CLINICA TISIOLÓGICA ALA B;2024;1;28;4;7,0
HRJP;UNIDADE INTERNAÇÃO - CLINICA TISIOLÓGICA ALA B;2024;2;14;1;14,0
HRJP;UNIDADE INTERNAÇÃO - CLINICA TISIOLÓGICA ALA B;2024;3;5;1;5,0
HRJP;UNIDADE INTERNAÇÃO - CLINICA TISIOLÓGICA ALA B;2024;4;42;1;42,0
HRJP;UNIDADE INTERNAÇÃO - CLINICA TISIOLÓGICA ALA B;2024;5;55;1;55,0
HRJP;UNIDADE INTERNAÇÃO - CLINICA TISIOLÓGICA ALA B;2024;7;72;3;24,0
HRJP;UNIDADE INTERNAÇÃO - CLINICA TISIOLÓGICA ALA B;2024;8;6;1;6,0
HRJP;UNIDADE INTERNAÇÃO - CLINICA TISIOLÓGICA ALA B;2024;9;25;2;12,5
HRJP;UNIDADE INTERNAÇÃO - CLINICA TISIOLÓGICA ALA B;2024;10;10;2;5,0
HRJP;UNIDADE INTERNAÇÃO - CLÍNICA TISIOLÓGICA ALA B;2024;11;61;4;15,25
HRJP;UNIDADE INTERNAÇÃO - CLÍNICA TISIOLÓGICA ALA B;2024;12;23;3;7,666666666666667
HRJP;UNIDADE INTERNAÇÃO - CLÍNICA TISIOLÓGICA ALA B;2025;1;19;3;6,333333333333333
HRJP;UNIDADE INTERNAÇÃO - CLÍNICA TISIOLÓGICA ALA B;2025;2;5;2;2,5
HRJP;UNIDADE INTERNAÇÃO - CLÍNICA TISIOLÓGICA ALA B;2025;3;34;3;11,333333333333334
HRJP;UNIDADE INTERNAÇÃO - CLÍNICA TISIOLÓGICA ALA B;2025;4;4;1;4,0
HRJP;UNIDADE INTERNAÇÃO - CLÍNICA TISIOLÓGICA ALA B;2025;5;4;1;4,0
HRJP;UNIDADE INTERNAÇÃO - CLÍNICA TISIOLÓGICA ALA B;2025;6;50;3;16,666666666666668
HRJP;UNIDADE INTERNAÇÃO - CLÍNICA TISIOLÓGICA ALA B;2025;7;27;3;9,0
HRJP;UNIDADE INTERNAÇÃO - CLÍNICA TISIOLÓGICA ALA B;2025;9;56;3;18,666666666666668
HRJP;UNIDADE INTERNAÇÃO - CLÍNICA TISIOLÓGICA ALA B;2025;10;13;3;4,333333333333333
HRJP;UNIDADE INTERNAÇÃO - CLÍNICA TISIOLÓGICA ALA B;2025;12;50;5;10,0
HRJP;UNIDADE INTERNAÇÃO - CLÍNICA TISIOLÓGICA ALA B;2026;1;63;2;31,5
HRJP;UNIDADE INTERNAÇÃO - CLÍNICA TISIOLÓGICA ALA B;2026;2;12;2;6,0
HRJP;UNIDADE INTERNAÇÃO - CLÍNICA TISIOLÓGICA ALA B;2026;3;76;2;38,0
HRJP;UNIDADE INTERNAÇÃO - CLÍNICA TISIOLÓGICA ALA B;2026;5;18;1;18,0
HRJP;UNIDADE INTERNAÇÃO - CLÍNICA TISIOLÓGICA ALA B;2026;6;21;2;10,5
HRJP;UNIDADE INTERNAÇÃO - CLINICA TISIOLÓGICA ALA C;2019;1;424;28;15,142857142857142
HRJP;UNIDADE INTERNAÇÃO - CLINICA TISIOLÓGICA ALA C;2019;2;931;22;42,31818181818182
HRJP;UNIDADE INTERNAÇÃO - CLINICA TISIOLÓGICA ALA C;2019;3;1149;31;37,064516129032256
HRJP;UNIDADE INTERNAÇÃO - CLINICA TISIOLÓGICA ALA C;2019;4;584;30;19,466666666666665
HRJP;UNIDADE INTERNAÇÃO - CLINICA TISIOLÓGICA ALA C;2019;5;557;35;15,914285714285715
HRJP;UNIDADE INTERNAÇÃO - CLINICA TISIOLÓGICA ALA C;2019;6;540;35;15,428571428571429
HRJP;UNIDADE INTERNAÇÃO - CLINICA TISIOLÓGICA ALA C;2019;7;554;31;17,870967741935484
HRJP;UNIDADE INTERNAÇÃO - CLINICA TISIOLÓGICA ALA C;2019;8;676;27;25,037037037037038
HRJP;UNIDADE INTERNAÇÃO - CLINICA TISIOLÓGICA ALA C;2019;9;727;39;18,641025641025642
HRJP;UNIDADE INTERNAÇÃO - CLINICA TISIOLÓGICA ALA C;2019;10;603;35;17,228571428571428
HRJP;UNIDADE INTERNAÇÃO - CLINICA TISIOLÓGICA ALA C;2019;11;513;33;15,545454545454545
HRJP;UNIDADE INTERNAÇÃO - CLINICA TISIOLÓGICA ALA C;2019;12;729;38;19,18421052631579
HRJP;UNIDADE INTERNAÇÃO - CLINICA TISIOLÓGICA ALA C;2020;1;611;34;17,970588235294116
HRJP;UNIDADE INTERNAÇÃO - CLINICA TISIOLÓGICA ALA C;2020;2;270;21;12,857142857142858
HRJP;UNIDADE INTERNAÇÃO - CLINICA TISIOLÓGICA ALA C;2020;3;1145;44;26,022727272727273
HRJP;UNIDADE INTERNAÇÃO - CLINICA TISIOLÓGICA ALA C;2020;4;409;17;24,058823529411764
HRJP;UNIDADE INTERNAÇÃO - CLINICA TISIOLÓGICA ALA C;2020;5;381;28;13,607142857142858
HRJP;UNIDADE INTERNAÇÃO - CLINICA TISIOLÓGICA ALA C;2020;6;563;34;16,558823529411764
HRJP;UNIDADE INTERNAÇÃO - CLINICA TISIOLÓGICA ALA C;2020;7;1012;39;25,94871794871795
HRJP;UNIDADE INTERNAÇÃO - CLINICA TISIOLÓGICA ALA C;2020;8;565;33;17,12121212121212
HRJP;UNIDADE INTERNAÇÃO - CLINICA TISIOLÓGICA ALA C;2020;9;773;36;21,47222222222222
HRJP;UNIDADE INTERNAÇÃO - CLINICA TISIOLÓGICA ALA C;2020;10;848;43;19,72093023255814
HRJP;UNIDADE INTERNAÇÃO - CLINICA TISIOLÓGICA ALA C;2020;11;639;30;21,3
HRJP;UNIDADE INTERNAÇÃO - CLINICA TISIOLÓGICA ALA C;2020;12;578;25;23,12
HRJP;UNIDADE INTERNAÇÃO - CLINICA TISIOLÓGICA ALA C;2021;1;811;31;26,161290322580644
HRJP;UNIDADE INTERNAÇÃO - CLINICA TISIOLÓGICA ALA C;2021;2;884;32;27,625
HRJP;UNIDADE INTERNAÇÃO - CLINICA TISIOLÓGICA ALA C;2021;3;736;30;24,533333333333335
HRJP;UNIDADE INTERNAÇÃO - CLINICA TISIOLÓGICA ALA C;2021;4;860;32;26,875
HRJP;UNIDADE INTERNAÇÃO - CLINICA TISIOLÓGICA ALA C;2021;5;629;24;26,208333333333332
HRJP;UNIDADE INTERNAÇÃO - CLINICA TISIOLÓGICA ALA C;2021;6;726;24;30,25
HRJP;UNIDADE INTERNAÇÃO - CLINICA TISIOLÓGICA ALA C;2021;7;418;7;59,714285714285715
HRJP;UNIDADE INTERNAÇÃO - CLINICA TISIOLÓGICA ALA C;2021;12;402;30;13,4
HRJP;UNIDADE INTERNAÇÃO - CLINICA TISIOLÓGICA ALA C;2022;1;602;35;17,2
HRJP;UNIDADE INTERNAÇÃO - CLINICA TISIOLÓGICA ALA C;2022;2;567;37;15,324324324324325
HRJP;UNIDADE INTERNAÇÃO - CLINICA TISIOLÓGICA ALA C;2022;3;684;41;16,682926829268293
HRJP;UNIDADE INTERNAÇÃO - CLINICA TISIOLÓGICA ALA C;2022;4;541;33;16,393939393939394
HRJP;UNIDADE INTERNAÇÃO - CLINICA TISIOLÓGICA ALA C;2022;5;647;39;16,58974358974359
HRJP;UNIDADE INTERNAÇÃO - CLINICA TISIOLÓGICA ALA C;2022;6;75;8;9,375
HRJP;UNIDADE INTERNAÇÃO - CLINICA TISIOLÓGICA ALA C;2022;7;47;4;11,75
HRJP;UNIDADE INTERNAÇÃO - CLINICA TISIOLÓGICA ALA C;2022;8;37;6;6,166666666666667
HRJP;UNIDADE INTERNAÇÃO - CLINICA TISIOLÓGICA ALA C;2022;9;17;3;5,666666666666667
HRJP;UNIDADE INTERNAÇÃO - CLINICA TISIOLÓGICA ALA C;2022;10;5;1;5,0
HRJP;UNIDADE INTERNAÇÃO - CLINICA TISIOLÓGICA ALA C;2022;11;31;2;15,5
HRJP;UNIDADE INTERNAÇÃO - CLINICA TISIOLÓGICA ALA C;2022;12;90;3;30,0
HRJP;UNIDADE INTERNAÇÃO - CLINICA TISIOLÓGICA ALA C;2023;1;98;3;32,666666666666664
HRJP;UNIDADE INTERNAÇÃO - CLINICA TISIOLÓGICA ALA C;2023;2;166;4;41,5
HRJP;UNIDADE INTERNAÇÃO - CLINICA TISIOLÓGICA ALA C;2023;3;139;8;17,375
HRJP;UNIDADE INTERNAÇÃO - CLINICA TISIOLÓGICA ALA C;2023;4;42;2;21,0
HRJP;UNIDADE INTERNAÇÃO - CLINICA TISIOLÓGICA ALA C;2023;5;42;3;14,0
HRJP;UNIDADE INTERNAÇÃO - CLINICA TISIOLÓGICA ALA C;2023;6;139;7;19,857142857142858
HRJP;UNIDADE INTERNAÇÃO - CLINICA TISIOLÓGICA ALA C;2023;7;173;3;57,666666666666664
HRJP;UNIDADE INTERNAÇÃO - CLINICA TISIOLÓGICA ALA C;2023;8;110;5;22,0
HRJP;UNIDADE INTERNAÇÃO - CLINICA TISIOLÓGICA ALA C;2023;9;93;5;18,6
HRJP;UNIDADE INTERNAÇÃO - CLINICA TISIOLÓGICA ALA C;2023;10;143;8;17,875
HRJP;UNIDADE INTERNAÇÃO - CLINICA TISIOLÓGICA ALA C;2023;11;60;4;15,0
HRJP;UNIDADE INTERNAÇÃO - CLINICA TISIOLÓGICA ALA C;2023;12;133;6;22,166666666666668
HRJP;UNIDADE INTERNAÇÃO - CLINICA TISIOLÓGICA ALA C;2024;1;87;4;21,75
HRJP;UNIDADE INTERNAÇÃO - CLINICA TISIOLÓGICA ALA C;2024;2;30;3;10,0
HRJP;UNIDADE INTERNAÇÃO - CLINICA TISIOLÓGICA ALA C;2024;3;210;11;19,09090909090909
HRJP;UNIDADE INTERNAÇÃO - CLINICA TISIOLÓGICA ALA C;2024;4;89;12;7,416666666666667
HRJP;UNIDADE INTERNAÇÃO - CLINICA TISIOLÓGICA ALA C;2024;5;81;7;11,571428571428571
HRJP;UNIDADE INTERNAÇÃO - CLINICA TISIOLÓGICA ALA C;2024;6;156;4;39,0
HRJP;UNIDADE INTERNAÇÃO - CLINICA TISIOLÓGICA ALA C;2024;7;15;3;5,0
HRJP;UNIDADE INTERNAÇÃO - CLINICA TISIOLÓGICA ALA C;2024;8;189;6;31,5
HRJP;UNIDADE INTERNAÇÃO - CLINICA TISIOLÓGICA ALA C;2024;9;43;3;14,333333333333334
HRJP;UNIDADE INTERNAÇÃO - CLINICA TISIOLÓGICA ALA C;2024;10;26;2;13,0
HRJP;UNIDADE INTERNAÇÃO - CLÍNICA TISIOLÓGICA ALA C;2024;11;24;3;8,0
HRJP;UNIDADE INTERNAÇÃO - CLÍNICA TISIOLÓGICA ALA C;2024;12;35;7;5,0
HRJP;UNIDADE INTERNAÇÃO - CLÍNICA TISIOLÓGICA ALA C;2025;1;179;10;17,9
HRJP;UNIDADE INTERNAÇÃO - CLÍNICA TISIOLÓGICA ALA C;2025;2;14;2;7,0
HRJP;UNIDADE INTERNAÇÃO - CLÍNICA TISIOLÓGICA ALA C;2025;3;111;11;10,090909090909092
HRJP;UNIDADE INTERNAÇÃO - CLÍNICA TISIOLÓGICA ALA C;2025;4;78;5;15,6
HRJP;UNIDADE INTERNAÇÃO - CLÍNICA TISIOLÓGICA ALA C;2025;5;39;5;7,8
HRJP;UNIDADE INTERNAÇÃO - CLÍNICA TISIOLÓGICA ALA C;2025;6;81;6;13,5
HRJP;UNIDADE INTERNAÇÃO - CLÍNICA TISIOLÓGICA ALA C;2025;7;60;3;20,0
HRJP;UNIDADE INTERNAÇÃO - CLÍNICA TISIOLÓGICA ALA C;2025;8;28;5;5,6
HRJP;UNIDADE INTERNAÇÃO - CLÍNICA TISIOLÓGICA ALA C;2025;10;63;6;10,5
HRJP;UNIDADE INTERNAÇÃO - CLÍNICA TISIOLÓGICA ALA C;2025;11;61;5;12,2
HRJP;UNIDADE INTERNAÇÃO - CLÍNICA TISIOLÓGICA ALA C;2025;12;41;4;10,25
HRJP;UNIDADE INTERNAÇÃO - CLÍNICA TISIOLÓGICA ALA C;2026;5;8;1;8,0
HRJP;UNIDADE INTERNAÇÃO - CLÍNICA TISIOLÓGICA ALA C;2026;6;77;6;12,833333333333334
HRJP;UNIDADE INTERNAÇÃO - PSIQUIATRIA ALA A;2022;6;103;6;17,166666666666668
HRJP;UNIDADE INTERNAÇÃO - PSIQUIATRIA ALA A;2022;7;196;11;17,818181818181817
HRJP;UNIDADE INTERNAÇÃO - PSIQUIATRIA ALA A;2022;8;188;8;23,5
HRJP;UNIDADE INTERNAÇÃO - PSIQUIATRIA ALA A;2022;9;463;16;28,9375
HRJP;UNIDADE INTERNAÇÃO - PSIQUIATRIA ALA A;2022;10;324;14;23,142857142857142
HRJP;UNIDADE INTERNAÇÃO - PSIQUIATRIA ALA A;2022;11;208;13;16,0
HRJP;UNIDADE INTERNAÇÃO - PSIQUIATRIA ALA A;2022;12;305;14;21,785714285714285
HRJP;UNIDADE INTERNAÇÃO - PSIQUIATRIA ALA A;2023;1;162;11;14,727272727272727
HRJP;UNIDADE INTERNAÇÃO - PSIQUIATRIA ALA A;2023;2;224;14;16,0
HRJP;UNIDADE INTERNAÇÃO - PSIQUIATRIA ALA A;2023;3;551;18;30,61111111111111
HRJP;UNIDADE INTERNAÇÃO - PSIQUIATRIA ALA A;2023;4;158;10;15,8
HRJP;UNIDADE INTERNAÇÃO - PSIQUIATRIA ALA A;2023;5;206;7;29,428571428571427
HRJP;UNIDADE INTERNAÇÃO - PSIQUIATRIA ALA A;2023;6;325;23;14,130434782608695
HRJP;UNIDADE INTERNAÇÃO - PSIQUIATRIA ALA A;2023;7;271;17;15,941176470588236
HRJP;UNIDADE INTERNAÇÃO - PSIQUIATRIA ALA A;2023;8;334;12;27,833333333333332
HRJP;UNIDADE INTERNAÇÃO - PSIQUIATRIA ALA A;2023;9;223;13;17,153846153846153
HRJP;UNIDADE INTERNAÇÃO - PSIQUIATRIA ALA A;2023;10;364;20;18,2
HRJP;UNIDADE INTERNAÇÃO - PSIQUIATRIA ALA A;2023;11;345;12;28,75
HRJP;UNIDADE INTERNAÇÃO - PSIQUIATRIA ALA A;2023;12;291;22;13,227272727272727
HRJP;UNIDADE INTERNAÇÃO - PSIQUIATRIA ALA A;2024;1;260;15;17,333333333333332
HRJP;UNIDADE INTERNAÇÃO - PSIQUIATRIA ALA A;2024;2;270;26;10,384615384615385
HRJP;UNIDADE INTERNAÇÃO - PSIQUIATRIA ALA A;2024;3;298;31;9,612903225806452
HRJP;UNIDADE INTERNAÇÃO - PSIQUIATRIA ALA A;2024;4;296;38;7,7894736842105265
HRJP;UNIDADE INTERNAÇÃO - PSIQUIATRIA ALA A;2024;5;103;12;8,583333333333334
HRJP;UNIDADE INTERNAÇÃO - PSIQUIATRIA ALA A;2024;6;504;8;63,0
HRJP;UNIDADE INTERNAÇÃO - PSIQUIATRIA ALA A;2024;7;149;14;10,642857142857142
HRJP;UNIDADE INTERNAÇÃO - PSIQUIATRIA ALA A;2024;8;184;11;16,727272727272727
HRJP;UNIDADE INTERNAÇÃO - PSIQUIATRIA ALA A;2024;9;98;9;10,88888888888889
HRJP;UNIDADE INTERNAÇÃO - PSIQUIATRIA ALA A;2024;10;217;21;10,333333333333334
HRJP;UNIDADE INTERNAÇÃO - PSIQUIATRIA ALA A;2024;11;0;1;0,0
HRJP;UNIDADE INTERNAÇÃO - PSIQUIATRIA ALA C;2022;6;299;5;59,8
HRJP;UNIDADE INTERNAÇÃO - PSIQUIATRIA ALA C;2022;7;62;5;12,4
HRJP;UNIDADE INTERNAÇÃO - PSIQUIATRIA ALA C;2022;8;106;5;21,2
HRJP;UNIDADE INTERNAÇÃO - PSIQUIATRIA ALA C;2022;9;153;10;15,3
HRJP;UNIDADE INTERNAÇÃO - PSIQUIATRIA ALA C;2022;10;133;8;16,625
HRJP;UNIDADE INTERNAÇÃO - PSIQUIATRIA ALA C;2022;11;131;11;11,909090909090908
HRJP;UNIDADE INTERNAÇÃO - PSIQUIATRIA ALA C;2022;12;360;9;40,0
HRJP;UNIDADE INTERNAÇÃO - PSIQUIATRIA ALA C;2023;1;134;5;26,8
HRJP;UNIDADE INTERNAÇÃO - PSIQUIATRIA ALA C;2023;2;82;5;16,4
HRJP;UNIDADE INTERNAÇÃO - PSIQUIATRIA ALA C;2023;3;204;16;12,75
HRJP;UNIDADE INTERNAÇÃO - PSIQUIATRIA ALA C;2023;4;90;3;30,0
HRJP;UNIDADE INTERNAÇÃO - PSIQUIATRIA ALA C;2023;5;198;7;28,285714285714285
HRJP;UNIDADE INTERNAÇÃO - PSIQUIATRIA ALA C;2023;6;118;5;23,6
HRJP;UNIDADE INTERNAÇÃO - PSIQUIATRIA ALA C;2023;7;197;7;28,142857142857142
HRJP;UNIDADE INTERNAÇÃO - PSIQUIATRIA ALA C;2023;8;116;5;23,2
HRJP;UNIDADE INTERNAÇÃO - PSIQUIATRIA ALA C;2023;9;67;5;13,4
HRJP;UNIDADE INTERNAÇÃO - PSIQUIATRIA ALA C;2023;10;100;4;25,0
HRJP;UNIDADE INTERNAÇÃO - PSIQUIATRIA ALA C;2023;11;81;4;20,25
HRJP;UNIDADE INTERNAÇÃO - PSIQUIATRIA ALA C;2023;12;32;2;16,0
HRJP;UNIDADE INTERNAÇÃO - PSIQUIATRIA ALA C;2024;1;9;1;9,0
HRJP;UNIDADE INTERNAÇÃO - PSIQUIATRIA ALA C;2024;2;223;4;55,75
HRJP;UNIDADE INTERNAÇÃO - PSIQUIATRIA ALA C;2024;3;424;5;84,8
HRJP;UNIDADE INTERNAÇÃO - PSIQUIATRIA ALA C;2024;4;234;11;21,272727272727273
HRJP;UNIDADE INTERNAÇÃO - PSIQUIATRIA ALA C;2024;5;37;2;18,5
HRJP;UNIDADE INTERNAÇÃO - PSIQUIATRIA ALA C;2024;6;73;4;18,25
HRJP;UNIDADE INTERNAÇÃO - PSIQUIATRIA ALA C;2024;7;200;3;66,66666666666667
HRJP;UNIDADE INTERNAÇÃO - PSIQUIATRIA ALA C;2024;8;62;2;31,0
HRJP;UNIDADE INTERNAÇÃO - PSIQUIATRIA ALA C;2024;9;59;3;19,666666666666668
HRJP;UNIDADE INTERNAÇÃO - PSIQUIATRIA ALA C;2024;10;80;4;20,0
HRJP;UNIDADE INTERNAÇÃO - PSIQUIATRIA ALA C;2024;11;13;1;13,0
HRJP;UTI;2019;1;150;9;16,666666666666668
HRJP;UTI;2019;2;435;6;72,5
HRJP;UTI;2019;3;273;5;54,6
HRJP;UTI;2019;4;293;8;36,625
HRJP;UTI;2019;5;14;2;7,0
HRJP;UTI;2019;6;139;5;27,8
HRJP;UTI;2019;7;224;6;37,333333333333336
HRJP;UTI;2019;8;194;7;27,714285714285715
HRJP;UTI;2019;9;299;10;29,9
HRJP;UTI;2019;10;214;4;53,5
HRJP;UTI;2019;11;294;5;58,8
HRJP;UTI;2019;12;183;7;26,142857142857142
HRJP;UTI;2020;1;247;10;24,7
HRJP;UTI;2020;2;132;8;16,5
HRJP;UTI;2020;3;122;11;11,090909090909092
HRJP;UTI;2020;4;58;7;8,285714285714286
HRJP;UTI;2020;5;161;16;10,0625
HRJP;UTI;2020;6;170;11;15,454545454545455
HRJP;UTI;2020;7;373;22;16,954545454545453
HRJP;UTI;2020;8;313;17;18,41176470588235
HRJP;UTI;2020;9;165;11;15,0
HRJP;UTI;2020;10;333;18;18,5
HRJP;UTI;2020;11;238;19;12,526315789473685
HRJP;UTI;2020;12;417;18;23,166666666666668
HRJP;UTI;2021;1;282;18;15,666666666666666
HRJP;UTI;2021;2;357;16;22,3125
HRJP;UTI;2021;3;313;12;26,083333333333332
HRJP;UTI;2021;4;265;12;22,083333333333332
HRJP;UTI;2021;5;164;7;23,428571428571427
HRJP;UTI;2021;6;243;8;30,375
HRJP;UTI;2021;7;152;9;16,88888888888889
HRJP;UTI -  PEDIATRICO;2022;11;10;4;2,5
HRJP;UTI -  PEDIATRICO;2023;1;7;2;3,5
HRJP;UTI -  PEDIATRICO;2023;2;238;1;238,0
HRJP;UTI -  PEDIATRICO;2023;3;10;1;10,0
HRJP;UTI -  PEDIATRICO;2023;4;32;1;32,0
HRJP;UTI -  PEDIATRICO;2023;5;41;3;13,666666666666666
HRJP;UTI -  PEDIATRICO;2023;6;10;1;10,0
HRJP;UTI -  PEDIATRICO;2023;7;194;4;48,5
HRJP;UTI -  PEDIATRICO;2023;8;33;2;16,5
HRJP;UTI -  PEDIATRICO;2023;9;44;1;44,0
HRJP;UTI -  PEDIATRICO;2023;10;6;1;6,0
HRJP;UTI -  PEDIATRICO;2023;11;68;2;34,0
HRJP;UTI -  PEDIATRICO;2023;12;2;1;2,0
HRJP;UTI -  PEDIATRICO;2024;1;2;1;2,0
HRJP;UTI -  PEDIATRICO;2024;2;2;1;2,0
HRJP;UTI -  PEDIATRICO;2024;3;49;5;9,8
HRJP;UTI -  PEDIATRICO;2024;4;151;3;50,333333333333336
HRJP;UTI -  PEDIATRICO;2024;5;5;3;1,6666666666666667
HRJP;UTI -  PEDIATRICO;2024;6;13;3;4,333333333333333
HRJP;UTI -  PEDIATRICO;2024;7;3;1;3,0
HRJP;UTI -  PEDIATRICO;2024;8;66;3;22,0
HRJP;UTI -  PEDIATRICO;2024;9;31;3;10,333333333333334
HRJP;UTI -  PEDIATRICO;2024;10;130;4;32,5
HRJP;UTI - ADULTO;2021;7;72;2;36,0
HRJP;UTI - ADULTO;2021;8;173;8;21,625
HRJP;UTI - ADULTO;2021;9;189;11;17,181818181818183
HRJP;UTI - ADULTO;2021;10;96;6;16,0
HRJP;UTI - ADULTO;2021;11;69;5;13,8
HRJP;UTI - ADULTO;2021;12;38;4;9,5
HRJP;UTI - ADULTO;2022;1;81;6;13,5
HRJP;UTI - ADULTO;2022;2;67;3;22,333333333333332
HRJP;UTI - ADULTO;2022;3;78;10;7,8
HRJP;UTI - ADULTO;2022;4;380;16;23,75
HRJP;UTI - ADULTO;2022;5;89;6;14,833333333333334
HRJP;UTI - ADULTO;2022;6;108;10;10,8
HRJP;UTI - ADULTO;2022;7;206;9;22,88888888888889
HRJP;UTI - ADULTO;2022;8;149;11;13,545454545454545
HRJP;UTI - ADULTO;2022;9;120;3;40,0
HRJP;UTI - ADULTO;2022;10;150;9;16,666666666666668
HRJP;UTI - ADULTO;2022;11;107;10;10,7
HRJP;UTI - ADULTO;2022;12;100;6;16,666666666666668
HRJP;UTI - ADULTO;2023;1;193;6;32,166666666666664
HRJP;UTI - ADULTO;2023;2;307;12;25,583333333333332
HRJP;UTI - ADULTO;2023;3;245;18;13,61111111111111
HRJP;UTI - ADULTO;2023;4;266;18;14,777777777777779
HRJP;UTI - ADULTO;2023;5;352;15;23,466666666666665
HRJP;UTI - ADULTO;2023;6;505;19;26,57894736842105
HRJP;UTI - ADULTO;2023;7;219;15;14,6
HRJP;UTI - ADULTO;2023;8;393;13;30,23076923076923
HRJP;UTI - ADULTO;2023;9;239;12;19,916666666666668
HRJP;UTI - ADULTO;2023;10;323;14;23,071428571428573
HRJP;UTI - ADULTO;2023;11;297;9;33,0
HRJP;UTI - ADULTO;2023;12;295;14;21,071428571428573
HRJP;UTI - ADULTO;2024;1;416;14;29,714285714285715
HRJP;UTI - ADULTO;2024;2;346;13;26,615384615384617
HRJP;UTI - ADULTO;2024;3;420;18;23,333333333333332
HRJP;UTI - ADULTO;2024;4;233;10;23,3
HRJP;UTI - ADULTO;2024;5;370;17;21,764705882352942
HRJP;UTI - ADULTO;2024;6;176;11;16,0
HRJP;UTI - ADULTO;2024;7;187;15;12,466666666666667
HRJP;UTI - ADULTO;2024;8;328;12;27,333333333333332
HRJP;UTI - ADULTO;2024;9;358;14;25,571428571428573
HRJP;UTI - ADULTO;2024;10;439;13;33,76923076923077
HRJP;UTI - ADULTO;2024;11;155;9;17,22222222222222
HRJP;UTI - ADULTO;2024;12;855;20;42,75
HRJP;UTI - ADULTO;2025;1;85;4;21,25
HRJP;UTI - ADULTO;2025;2;47;4;11,75
HRJP;UTI - ADULTO;2025;3;426;13;32,76923076923077
HRJP;UTI - ADULTO;2025;4;274;10;27,4
HRJP;UTI - ADULTO;2025;5;158;10;15,8
HRJP;UTI - ADULTO;2025;6;186;7;26,571428571428573
HRJP;UTI - ADULTO;2025;7;33;6;5,5
HRJP;UTI - ADULTO;2025;8;54;2;27,0
HRJP;UTI - ADULTO;2025;9;216;8;27,0
HRJP;UTI - ADULTO;2025;10;267;17;15,705882352941176
HRJP;UTI - ADULTO;2025;11;190;9;21,11111111111111
HRJP;UTI - ADULTO;2025;12;150;11;13,636363636363637
HRJP;UTI - ADULTO;2026;1;170;11;15,454545454545455
HRJP;UTI - ADULTO;2026;2;160;11;14,545454545454545
HRJP;UTI - ADULTO;2026;3;258;12;21,5
HRJP;UTI - ADULTO;2026;4;433;17;25,470588235294116
HRJP;UTI - ADULTO;2026;5;262;17;15,411764705882353
HRJP;UTI - ADULTO;2026;6;304;16;19,0
HRJP;UTI - NEONATAL;2019;1;209;11;19,0
HRJP;UTI - NEONATAL;2019;2;111;7;15,857142857142858
HRJP;UTI - NEONATAL;2019;3;84;4;21,0
HRJP;UTI - NEONATAL;2019;4;107;10;10,7
HRJP;UTI - NEONATAL;2019;5;38;2;19,0
HRJP;UTI - NEONATAL;2019;6;234;13;18,0
HRJP;UTI - NEONATAL;2019;7;29;4;7,25
HRJP;UTI - NEONATAL;2019;8;172;4;43,0
HRJP;UTI - NEONATAL;2019;9;63;6;10,5
HRJP;UTI - NEONATAL;2019;10;185;10;18,5
HRJP;UTI - NEONATAL;2019;11;80;5;16,0
HRJP;UTI - NEONATAL;2019;12;18;5;3,6
HRJP;UTI - NEONATAL;2020;1;32;3;10,666666666666666
HRJP;UTI - NEONATAL;2020;2;50;5;10,0
HRJP;UTI - NEONATAL;2020;3;143;8;17,875
HRJP;UTI - NEONATAL;2020;4;431;17;25,352941176470587
HRJP;UTI - NEONATAL;2020;5;274;16;17,125
HRJP;UTI - NEONATAL;2020;6;390;15;26,0
HRJP;UTI - NEONATAL;2020;7;158;10;15,8
HRJP;UTI - NEONATAL;2020;8;478;17;28,11764705882353
HRJP;UTI - NEONATAL;2020;9;166;13;12,76923076923077
HRJP;UTI - NEONATAL;2020;10;162;7;23,142857142857142
HRJP;UTI - NEONATAL;2020;11;336;17;19,764705882352942
HRJP;UTI - NEONATAL;2020;12;417;14;29,785714285714285
HRJP;UTI - NEONATAL;2021;1;181;12;15,083333333333334
HRJP;UTI - NEONATAL;2021;2;186;9;20,666666666666668
HRJP;UTI - NEONATAL;2021;3;125;9;13,88888888888889
HRJP;UTI - NEONATAL;2021;4;103;9;11,444444444444445
HRJP;UTI - NEONATAL;2021;5;92;6;15,333333333333334
HRJP;UTI - NEONATAL;2021;6;43;7;6,142857142857143
HRJP;UTI - NEONATAL;2021;7;39;6;6,5
HRJP;UTI - NEONATAL;2021;8;126;1;126,0
HRJP;UTI - NEONATAL;2021;9;3;2;1,5
HRJP;UTI - NEONATAL;2021;10;19;3;6,333333333333333
HRJP;UTI - NEONATAL;2021;11;170;4;42,5
HRJP;UTI - NEONATAL;2021;12;59;4;14,75
HRJP;UTI - NEONATAL;2022;1;49;4;12,25
HRJP;UTI - NEONATAL;2022;2;359;21;17,095238095238095
HRJP;UTI - NEONATAL;2022;3;546;11;49,63636363636363
HRJP;UTI - NEONATAL;2022;4;68;2;34,0
HRJP;UTI - NEONATAL;2022;5;85;4;21,25
HRJP;UTI - NEONATAL;2022;6;66;5;13,2
HRJP;UTI - NEONATAL;2022;7;93;3;31,0
HRJP;UTI - NEONATAL;2022;8;19;1;19,0
HRJP;UTI - NEONATAL;2022;9;61;5;12,2
HRJP;UTI - NEONATAL;2022;10;18;5;3,6
HRJP;UTI - NEONATAL;2022;11;109;2;54,5
HRJP;UTI - NEONATAL;2022;12;41;2;20,5
HRJP;UTI - NEONATAL;2023;1;57;3;19,0
HRJP;UTI - NEONATAL;2023;2;15;3;5,0
HRJP;UTI - NEONATAL;2023;3;11;2;5,5
HRJP;UTI - NEONATAL;2023;4;9;1;9,0
HRJP;UTI - NEONATAL;2023;5;7;1;7,0
HRJP;UTI - NEONATAL;2023;6;1;1;1,0
HRJP;UTI - NEONATAL;2023;7;17;3;5,666666666666667
HRJP;UTI - NEONATAL;2023;8;9;2;4,5
HRJP;UTI - NEONATAL;2023;10;15;3;5,0
HRJP;UTI - NEONATAL;2023;11;18;2;9,0
HRJP;UTI - NEONATAL;2023;12;30;3;10,0
HRJP;UTI - NEONATAL;2024;1;101;4;25,25
HRJP;UTI - NEONATAL;2024;2;4;1;4,0
HRJP;UTI - NEONATAL;2024;3;33;4;8,25
HRJP;UTI - NEONATAL;2024;4;9;1;9,0
HRJP;UTI - NEONATAL;2024;5;3;1;3,0
HRJP;UTI - NEONATAL;2024;6;78;3;26,0
HRJP;UTI - NEONATAL;2024;8;26;2;13,0
HRJP;UTI - NEONATAL;2024;9;11;2;5,5
HRJP;UTI - NEONATAL;2024;10;32;4;8,0
HRJP;UTI - NEONATAL I;2024;11;9;2;4,5
HRJP;UTI - NEONATAL I;2025;1;18;2;9,0
HRJP;UTI - NEONATAL I;2025;3;68;4;17,0
HRJP;UTI - NEONATAL I;2025;4;25;1;25,0
HRJP;UTI - NEONATAL I;2025;5;0;1;0,0
HRJP;UTI - NEONATAL I;2025;6;32;3;10,666666666666666
HRJP;UTI - NEONATAL I;2025;7;83;2;41,5
HRJP;UTI - NEONATAL I;2025;8;22;2;11,0
HRJP;UTI - NEONATAL I;2025;9;119;8;14,875
HRJP;UTI - NEONATAL I;2025;10;127;11;11,545454545454545
HRJP;UTI - NEONATAL I;2025;11;35;5;7,0
HRJP;UTI - NEONATAL I;2025;12;103;8;12,875
HRJP;UTI - NEONATAL I;2026;1;92;6;15,333333333333334
HRJP;UTI - NEONATAL I;2026;3;65;2;32,5
HRJP;UTI - NEONATAL I;2026;4;49;1;49,0
HRJP;UTI - NEONATAL I;2026;5;34;2;17,0
HRJP;UTI - NEONATAL I;2026;6;352;7;50,285714285714285
HRJP;UTI - NEONATAL II;2025;4;3;1;3,0
HRJP;UTI - NEONATAL II;2025;5;12;1;12,0
HRJP;UTI - NEONATAL II;2025;6;30;1;30,0
HRJP;UTI - NEONATAL II;2025;7;31;1;31,0
HRJP;UTI - NEONATAL II;2025;8;74;6;12,333333333333334
HRJP;UTI - NEONATAL II;2025;9;26;2;13,0
HRJP;UTI - NEONATAL II;2025;10;126;5;25,2
HRJP;UTI - PEDIÁTRICO;2024;12;20;2;10,0
HRJP;UTI - PEDIÁTRICO;2025;1;17;4;4,25
HRJP;UTI - PEDIÁTRICO;2025;2;15;2;7,5
HRJP;UTI - PEDIÁTRICO;2025;3;22;2;11,0
HRJP;UTI - PEDIÁTRICO;2025;4;529;3;176,33333333333334
HRJP;UTI - PEDIÁTRICO;2025;5;34;3;11,333333333333334
HRJP;UTI - PEDIÁTRICO;2025;6;22;2;11,0
HRJP;UTI - PEDIÁTRICO;2025;7;63;2;31,5
HRJP;UTI - PEDIÁTRICO;2025;8;37;3;12,333333333333334
HRJP;UTI - PEDIÁTRICO;2025;9;23;3;7,666666666666667
HRJP;UTI - PEDIÁTRICO;2025;10;76;2;38,0
HRJP;UTI - PEDIÁTRICO;2025;11;132;7;18,857142857142858
HRJP;UTI - PEDIÁTRICO;2025;12;137;8;17,125
HRJP;UTI - PEDIÁTRICO;2026;1;50;2;25,0
HRJP;UTI - PEDIÁTRICO;2026;2;48;4;12,0
HRJP;UTI - PEDIÁTRICO;2026;3;28;2;14,0
HRJP;UTI - PEDIÁTRICO;2026;4;45;6;7,5
HRJP;UTI - PEDIÁTRICO;2026;5;15;1;15,0
HRJP;UTI - PEDIÁTRICO;2026;6;22;2;11,0
HRJP;UTI PEDIATRICA;2019;1;169;7;24,142857142857142
HRJP;UTI PEDIATRICA;2019;3;163;5;32,6
HRJP;UTI PEDIATRICA;2019;4;39;5;7,8
HRJP;UTI PEDIATRICA;2019;5;15;3;5,0
HRJP;UTI PEDIATRICA;2019;6;169;6;28,166666666666668
HRJP;UTI PEDIATRICA;2019;7;54;4;13,5
HRJP;UTI PEDIATRICA;2019;8;22;2;11,0
HRJP;UTI PEDIATRICA;2019;9;12;1;12,0
HRJP;UTI PEDIATRICA;2019;10;149;2;74,5
HRJP;UTI PEDIATRICA;2019;11;443;3;147,66666666666666
HRJP;UTI PEDIATRICA;2019;12;103;3;34,333333333333336
HRJP;UTI PEDIATRICA;2020;1;24;3;8,0
HRJP;UTI PEDIATRICA;2020;2;71;3;23,666666666666668
HRJP;UTI PEDIATRICA;2020;3;16;2;8,0
HRJP;UTI PEDIATRICA;2020;4;37;3;12,333333333333334
HRJP;UTI PEDIATRICA;2020;5;8;2;4,0
HRJP;UTI PEDIATRICA;2020;6;3;1;3,0
HRJP;UTI PEDIATRICA;2020;7;16;2;8,0
HRJP;UTI PEDIATRICA;2020;8;65;3;21,666666666666668
HRJP;UTI PEDIATRICA;2020;9;175;4;43,75
HRJP;UTI PEDIATRICA;2020;10;5;2;2,5
HRJP;UTI PEDIATRICA;2020;11;1;1;1,0
HRJP;UTI PEDIATRICA;2020;12;5;1;5,0
HRJP;UTI PEDIATRICA;2021;1;287;4;71,75
HRJP;UTI PEDIATRICA;2021;2;1;2;0,5
HRJP;UTI PEDIATRICA;2021;4;1256;7;179,42857142857142
HRJP;UTI PEDIATRICA;2021;5;14;2;7,0
HRJP;UTI PEDIATRICA;2021;6;4;1;4,0
HRJP;UTI PEDIATRICA;2021;7;8;1;8,0
HRJP;UTI PEDIATRICA;2021;8;0;1;0,0
HRJP;UTI PEDIATRICA;2021;9;7;2;3,5
HRJP;UTI PEDIATRICA;2021;10;95;3;31,666666666666668
HRJP;UTI PEDIATRICA;2021;11;23;4;5,75
HRJP;UTI PEDIATRICA;2021;12;29;6;4,833333333333333
HRJP;UTI PEDIATRICA;2022;1;11;3;3,6666666666666665
HRJP;UTI PEDIATRICA;2022;2;42;5;8,4
HRJP;UTI PEDIATRICA;2022;3;31;3;10,333333333333334
HRJP;UTI PEDIATRICA;2022;4;25;5;5,0
HRJP;UTI PEDIATRICA;2022;5;20;2;10,0
HRJP;UTI PEDIATRICA;2022;6;6;1;6,0
HRJP;UTI PEDIATRICA;2022;7;0;1;0,0
HRJP;UTI PEDIATRICA;2022;8;190;2;95,0
HRJP;UTI PEDIATRICA;2022;9;11;1;11,0
IRS;ALA A;2023;8;558;14;39,857142857142854
IRS;ALA A;2023;9;501;17;29,470588235294116
IRS;ALA A;2023;10;584;21;27,80952380952381
IRS;ALA A;2023;11;816;19;42,94736842105263
IRS;ALA A;2023;12;851;19;44,78947368421053
IRS;ALA A;2024;1;318;14;22,714285714285715
IRS;ALA A;2024;2;812;22;36,90909090909091
IRS;ALA A;2024;3;366;11;33,27272727272727
IRS;ALA A;2024;4;232;15;15,466666666666667
IRS;ALA A;2024;5;555;14;39,642857142857146
IRS;ALA A;2024;6;455;12;37,916666666666664
IRS;ALA A;2024;7;425;16;26,5625
IRS;ALA A;2024;8;596;13;45,84615384615385
IRS;ALA A;2024;9;343;10;34,3
IRS;ALA A;2024;10;524;17;30,823529411764707
IRS;ALA A;2024;11;378;13;29,076923076923077
IRS;ALA A;2024;12;359;14;25,642857142857142
IRS;ALA A;2025;1;222;10;22,2
IRS;ALA A;2025;2;323;14;23,071428571428573
IRS;ALA A;2025;3;459;15;30,6
IRS;ALA A;2025;4;249;11;22,636363636363637
IRS;ALA A;2025;5;556;20;27,8
IRS;ALA A;2025;6;377;15;25,133333333333333
IRS;ALA A;2025;7;433;20;21,65
IRS;ALA A;2025;8;473;13;36,38461538461539
IRS;ALA A;2025;9;451;16;28,1875
IRS;ALA A;2025;10;349;13;26,846153846153847
IRS;ALA A;2025;11;492;16;30,75
IRS;ALA A;2025;12;323;18;17,944444444444443
IRS;ALA A;2026;1;179;11;16,272727272727273
IRS;ALA A;2026;2;572;17;33,64705882352941
IRS;ALA A;2026;3;502;12;41,833333333333336
IRS;ALA A;2026;4;352;15;23,466666666666665
IRS;ALA A;2026;5;253;11;23,0
IRS;ALA A;2026;6;528;17;31,058823529411764
IRS;ALA B;2023;8;311;12;25,916666666666668
IRS;ALA B;2023;9;773;29;26,655172413793103
IRS;ALA B;2023;10;335;20;16,75
IRS;ALA B;2023;11;671;21;31,952380952380953
IRS;ALA B;2023;12;625;16;39,0625
IRS;ALA B;2024;1;261;14;18,642857142857142
IRS;ALA B;2024;2;445;20;22,25
IRS;ALA B;2024;3;434;18;24,11111111111111
IRS;ALA B;2024;4;355;14;25,357142857142858
IRS;ALA B;2024;5;268;11;24,363636363636363
IRS;ALA B;2024;6;231;7;33,0
IRS;ALA B;2024;7;374;13;28,76923076923077
IRS;ALA B;2024;8;427;16;26,6875
IRS;ALA B;2024;9;229;12;19,083333333333332
IRS;ALA B;2024;10;360;12;30,0
IRS;ALA B;2024;11;286;12;23,833333333333332
IRS;ALA B;2024;12;570;16;35,625
IRS;ALA B;2025;1;223;10;22,3
IRS;ALA B;2025;2;180;5;36,0
IRS;ALA B;2025;3;445;15;29,666666666666668
IRS;ALA B;2025;4;290;11;26,363636363636363
IRS;ALA B;2025;5;472;15;31,466666666666665
IRS;ALA B;2025;6;302;11;27,454545454545453
IRS;ALA B;2025;7;433;15;28,866666666666667
IRS;ALA B;2025;8;310;14;22,142857142857142
IRS;ALA B;2025;9;439;18;24,38888888888889
IRS;ALA B;2025;10;428;17;25,176470588235293
IRS;ALA B;2025;11;486;18;27,0
IRS;ALA B;2025;12;363;12;30,25
IRS;ALA B;2026;1;416;15;27,733333333333334
IRS;ALA B;2026;2;183;11;16,636363636363637
IRS;ALA B;2026;3;618;19;32,526315789473685
IRS;ALA B;2026;4;636;23;27,652173913043477
IRS;ALA B;2026;5;261;14;18,642857142857142
IRS;ALA B;2026;6;468;19;24,63157894736842
IRS;ALA C;2023;8;406;22;18,454545454545453
IRS;ALA C;2023;9;442;21;21,047619047619047
IRS;ALA C;2023;10;967;33;29,303030303030305
IRS;ALA C;2023;11;688;30;22,933333333333334
IRS;ALA C;2023;12;395;23;17,17391304347826
IRS;ALA C;2024;1;222;13;17,076923076923077
IRS;ALA C;2024;2;606;28;21,642857142857142
IRS;ALA C;2024;3;266;13;20,46153846153846
IRS;ALA C;2024;4;332;15;22,133333333333333
IRS;ALA C;2024;5;318;12;26,5
IRS;ALA C;2024;6;414;13;31,846153846153847
IRS;ALA C;2024;7;508;17;29,88235294117647
IRS;ALA C;2024;8;551;21;26,238095238095237
IRS;ALA C;2024;9;627;21;29,857142857142858
IRS;ALA C;2024;10;1597;23;69,43478260869566
IRS;ALA C;2024;11;425;17;25,0
IRS;ALA C;2024;12;352;17;20,705882352941178
IRS;ALA C;2025;1;420;21;20,0
IRS;ALA C;2025;2;296;12;24,666666666666668
IRS;ALA C;2025;3;546;21;26,0
IRS;ALA C;2025;4;426;20;21,3
IRS;ALA C;2025;5;558;18;31,0
IRS;ALA C;2025;6;510;21;24,285714285714285
IRS;ALA C;2025;7;486;16;30,375
IRS;ALA C;2025;8;503;20;25,15
IRS;ALA C;2025;9;233;12;19,416666666666668
IRS;ALA C;2025;10;686;27;25,40740740740741
IRS;ALA C;2025;11;393;13;30,23076923076923
IRS;ALA C;2025;12;342;14;24,428571428571427
IRS;ALA C;2026;1;348;16;21,75
IRS;ALA C;2026;2;427;14;30,5
IRS;ALA C;2026;3;510;18;28,333333333333332
IRS;ALA C;2026;4;1211;18;67,27777777777777
IRS;ALA C;2026;5;280;11;25,454545454545453
IRS;ALA C;2026;6;747;15;49,8
IRS;ALA D;2024;1;234;10;23,4
IRS;ALA D;2024;10;903;8;112,875
IRS;ALA D;2024;11;469;13;36,07692307692308
IRS;ALA D;2024;12;398;9;44,22222222222222
IRS;ALA D;2025;1;572;15;38,13333333333333
IRS;ALA D;2025;2;133;5;26,6
IRS;ALA D;2025;3;638;16;39,875
IRS;ALA D;2025;4;467;16;29,1875
IRS;ALA D;2025;5;389;17;22,88235294117647
IRS;ALA D;2025;6;481;15;32,06666666666667
IRS;ALA D;2025;7;498;18;27,666666666666668
IRS;ALA D;2025;8;532;11;48,36363636363637
IRS;ALA D;2025;9;229;10;22,9
IRS;ALA D;2025;10;452;15;30,133333333333333
IRS;ALA D;2025;11;472;14;33,714285714285715
IRS;ALA D;2025;12;583;19;30,68421052631579
IRS;ALA D;2026;1;239;12;19,916666666666668
IRS;ALA D;2026;2;741;14;52,92857142857143
IRS;ALA D;2026;3;615;25;24,6
IRS;ALA D;2026;4;287;15;19,133333333333333
IRS;ALA D;2026;5;258;10;25,8
IRS;ALA D;2026;6;432;19;22,736842105263158
IRS;ALA E;2023;8;368;17;21,647058823529413
IRS;ALA E;2023;9;337;11;30,636363636363637
IRS;ALA E;2023;10;647;23;28,130434782608695
IRS;ALA E;2023;11;342;13;26,307692307692307
IRS;ALA E;2023;12;579;17;34,05882352941177
IRS;ALA E;2024;1;366;18;20,333333333333332
IRS;ALA E;2024;2;66;4;16,5
IRS;ALA E;2024;3;456;17;26,823529411764707
IRS;ALA E;2024;4;463;15;30,866666666666667
IRS;ALA E;2024;5;337;16;21,0625
IRS;ALA E;2024;6;436;19;22,94736842105263
IRS;ALA E;2024;7;413;18;22,944444444444443
IRS;ALA E;2024;8;391;12;32,583333333333336
IRS;ALA E;2024;9;375;13;28,846153846153847
IRS;ALA E;2024;10;17;1;17,0
IRS;ALA F;2024;2;138;5;27,6
IRS;ALA F;2024;6;70;3;23,333333333333332
IRS;AMBULATORIO - PSIQUIATRIA;2019;2;41;1;41,0
IRS;AMBULATORIO - PSIQUIATRIA;2019;3;1;1;1,0
IRS;AMBULATORIO - PSIQUIATRIA;2022;6;1;1;1,0
IRS;AMBULATORIO - PSIQUIATRIA;2022;7;53;2;26,5
IRS;ELETROCONVULSOTERAPIA;2020;1;10;1;10,0
IRS;UNIDADE DE URGÊNCIA - CLINICA PSIQUIÁTRICA SALA DE OBSERVAÇAO;2019;1;19;10;1,9
IRS;UNIDADE DE URGÊNCIA - CLINICA PSIQUIÁTRICA SALA DE OBSERVAÇAO;2019;2;39;16;2,4375
IRS;UNIDADE DE URGÊNCIA - CLINICA PSIQUIÁTRICA SALA DE OBSERVAÇAO;2019;3;49;20;2,45
IRS;UNIDADE DE URGÊNCIA - CLINICA PSIQUIÁTRICA SALA DE OBSERVAÇAO;2019;4;44;16;2,75
IRS;UNIDADE DE URGÊNCIA - CLINICA PSIQUIÁTRICA SALA DE OBSERVAÇAO;2019;5;119;17;7,0
IRS;UNIDADE DE URGÊNCIA - CLINICA PSIQUIÁTRICA SALA DE OBSERVAÇAO;2019;6;47;21;2,238095238095238
IRS;UNIDADE DE URGÊNCIA - CLINICA PSIQUIÁTRICA SALA DE OBSERVAÇAO;2019;7;24;14;1,7142857142857142
IRS;UNIDADE DE URGÊNCIA - CLINICA PSIQUIÁTRICA SALA DE OBSERVAÇAO;2019;8;61;15;4,066666666666666
IRS;UNIDADE DE URGÊNCIA - CLINICA PSIQUIÁTRICA SALA DE OBSERVAÇAO;2019;9;40;15;2,6666666666666665
IRS;UNIDADE DE URGÊNCIA - CLINICA PSIQUIÁTRICA SALA DE OBSERVAÇAO;2019;10;112;15;7,466666666666667
IRS;UNIDADE DE URGÊNCIA - CLINICA PSIQUIÁTRICA SALA DE OBSERVAÇAO;2019;11;111;17;6,529411764705882
IRS;UNIDADE DE URGÊNCIA - CLINICA PSIQUIÁTRICA SALA DE OBSERVAÇAO;2019;12;47;22;2,1363636363636362
IRS;UNIDADE DE URGÊNCIA - CLINICA PSIQUIÁTRICA SALA DE OBSERVAÇAO;2020;1;50;20;2,5
IRS;UNIDADE DE URGÊNCIA - CLINICA PSIQUIÁTRICA SALA DE OBSERVAÇAO;2020;2;56;22;2,5454545454545454
IRS;UNIDADE DE URGÊNCIA - CLINICA PSIQUIÁTRICA SALA DE OBSERVAÇAO;2020;3;58;23;2,5217391304347827
IRS;UNIDADE DE URGÊNCIA - CLINICA PSIQUIÁTRICA SALA DE OBSERVAÇAO;2020;4;53;19;2,789473684210526
IRS;UNIDADE DE URGÊNCIA - CLINICA PSIQUIÁTRICA SALA DE OBSERVAÇAO;2020;5;34;10;3,4
IRS;UNIDADE DE URGÊNCIA - CLINICA PSIQUIÁTRICA SALA DE OBSERVAÇAO;2020;6;44;15;2,933333333333333
IRS;UNIDADE DE URGÊNCIA - CLINICA PSIQUIÁTRICA SALA DE OBSERVAÇAO;2020;7;68;15;4,533333333333333
IRS;UNIDADE DE URGÊNCIA - CLINICA PSIQUIÁTRICA SALA DE OBSERVAÇAO;2020;8;35;17;2,0588235294117645
IRS;UNIDADE DE URGÊNCIA - CLINICA PSIQUIÁTRICA SALA DE OBSERVAÇAO;2020;9;39;15;2,6
IRS;UNIDADE DE URGÊNCIA - CLINICA PSIQUIÁTRICA SALA DE OBSERVAÇAO;2020;10;35;15;2,3333333333333335
IRS;UNIDADE DE URGÊNCIA - CLINICA PSIQUIÁTRICA SALA DE OBSERVAÇAO;2020;11;110;18;6,111111111111111
IRS;UNIDADE DE URGÊNCIA - CLINICA PSIQUIÁTRICA SALA DE OBSERVAÇAO;2020;12;25;11;2,272727272727273
IRS;UNIDADE DE URGÊNCIA - CLINICA PSIQUIÁTRICA SALA DE OBSERVAÇAO;2021;1;29;14;2,0714285714285716
IRS;UNIDADE DE URGÊNCIA - CLINICA PSIQUIÁTRICA SALA DE OBSERVAÇAO;2021;2;24;10;2,4
IRS;UNIDADE DE URGÊNCIA - CLINICA PSIQUIÁTRICA SALA DE OBSERVAÇAO;2021;3;22;10;2,2
IRS;UNIDADE DE URGÊNCIA - CLINICA PSIQUIÁTRICA SALA DE OBSERVAÇAO;2021;4;40;15;2,6666666666666665
IRS;UNIDADE DE URGÊNCIA - CLINICA PSIQUIÁTRICA SALA DE OBSERVAÇAO;2021;5;36;12;3,0
IRS;UNIDADE DE URGÊNCIA - CLINICA PSIQUIÁTRICA SALA DE OBSERVAÇAO;2021;6;29;10;2,9
IRS;UNIDADE DE URGÊNCIA - CLINICA PSIQUIÁTRICA SALA DE OBSERVAÇAO;2021;7;31;13;2,3846153846153846
IRS;UNIDADE DE URGÊNCIA - CLINICA PSIQUIÁTRICA SALA DE OBSERVAÇAO;2021;8;63;21;3,0
IRS;UNIDADE DE URGÊNCIA - CLINICA PSIQUIÁTRICA SALA DE OBSERVAÇAO;2021;9;59;14;4,214285714285714
IRS;UNIDADE DE URGÊNCIA - CLINICA PSIQUIÁTRICA SALA DE OBSERVAÇAO;2021;10;41;16;2,5625
IRS;UNIDADE DE URGÊNCIA - CLINICA PSIQUIÁTRICA SALA DE OBSERVAÇAO;2021;11;37;11;3,3636363636363638
IRS;UNIDADE DE URGÊNCIA - CLINICA PSIQUIÁTRICA SALA DE OBSERVAÇAO;2021;12;47;15;3,1333333333333333
IRS;UNIDADE DE URGÊNCIA - CLINICA PSIQUIÁTRICA SALA DE OBSERVAÇAO;2022;1;30;14;2,142857142857143
IRS;UNIDADE DE URGÊNCIA - CLINICA PSIQUIÁTRICA SALA DE OBSERVAÇAO;2022;2;31;13;2,3846153846153846
IRS;UNIDADE DE URGÊNCIA - CLINICA PSIQUIÁTRICA SALA DE OBSERVAÇAO;2022;3;34;13;2,6153846153846154
IRS;UNIDADE DE URGÊNCIA - CLINICA PSIQUIÁTRICA SALA DE OBSERVAÇAO;2022;4;19;11;1,7272727272727273
IRS;UNIDADE DE URGÊNCIA - CLINICA PSIQUIÁTRICA SALA DE OBSERVAÇAO;2022;5;40;12;3,3333333333333335
IRS;UNIDADE DE URGÊNCIA - CLINICA PSIQUIÁTRICA SALA DE OBSERVAÇAO;2022;6;31;13;2,3846153846153846
IRS;UNIDADE DE URGÊNCIA - CLINICA PSIQUIÁTRICA SALA DE OBSERVAÇAO;2022;7;40;6;6,666666666666667
IRS;UNIDADE DE URGÊNCIA - CLINICA PSIQUIÁTRICA SALA DE OBSERVAÇAO;2022;8;4;3;1,3333333333333333
IRS;UNIDADE DE URGÊNCIA - CLINICA PSIQUIÁTRICA SALA DE OBSERVAÇAO;2022;9;23;9;2,5555555555555554
IRS;UNIDADE DE URGÊNCIA - CLINICA PSIQUIÁTRICA SALA DE OBSERVAÇAO;2022;10;24;7;3,4285714285714284
IRS;UNIDADE DE URGÊNCIA - CLINICA PSIQUIÁTRICA SALA DE OBSERVAÇAO;2022;11;43;10;4,3
IRS;UNIDADE DE URGÊNCIA - CLINICA PSIQUIÁTRICA SALA DE OBSERVAÇAO;2022;12;6;3;2,0
IRS;UNIDADE DE URGÊNCIA - CLINICA PSIQUIÁTRICA SALA DE OBSERVAÇAO;2023;1;164;13;12,615384615384615
IRS;UNIDADE DE URGÊNCIA - CLINICA PSIQUIÁTRICA SALA DE OBSERVAÇAO;2023;2;69;13;5,3076923076923075
IRS;UNIDADE DE URGÊNCIA - CLINICA PSIQUIÁTRICA SALA DE OBSERVAÇAO;2023;3;30;10;3,0
IRS;UNIDADE DE URGÊNCIA - CLINICA PSIQUIÁTRICA SALA DE OBSERVAÇAO;2023;4;17;7;2,4285714285714284
IRS;UNIDADE DE URGÊNCIA - CLINICA PSIQUIÁTRICA SALA DE OBSERVAÇAO;2023;5;27;10;2,7
IRS;UNIDADE DE URGÊNCIA - CLINICA PSIQUIÁTRICA SALA DE OBSERVAÇAO;2023;6;32;11;2,909090909090909
IRS;UNIDADE DE URGÊNCIA - CLINICA PSIQUIÁTRICA SALA DE OBSERVAÇAO;2023;7;64;10;6,4
IRS;UNIDADE DE URGÊNCIA - CLINICA PSIQUIÁTRICA SALA DE OBSERVAÇAO;2023;8;0;1;0,0
IRS;UNIDADE INTERNAÇÃO - PSIQUIATRIA ALA A;2019;3;11;2;5,5
IRS;UNIDADE INTERNAÇÃO - PSIQUIATRIA ALA A;2019;4;435;21;20,714285714285715
IRS;UNIDADE INTERNAÇÃO - PSIQUIATRIA ALA A;2019;5;209;14;14,928571428571429
IRS;UNIDADE INTERNAÇÃO - PSIQUIATRIA ALA A;2019;6;372;13;28,615384615384617
IRS;UNIDADE INTERNAÇÃO - PSIQUIATRIA ALA A;2019;7;567;18;31,5
IRS;UNIDADE INTERNAÇÃO - PSIQUIATRIA ALA A;2019;8;472;21;22,476190476190474
IRS;UNIDADE INTERNAÇÃO - PSIQUIATRIA ALA A;2019;9;321;15;21,4
IRS;UNIDADE INTERNAÇÃO - PSIQUIATRIA ALA A;2019;10;427;20;21,35
IRS;UNIDADE INTERNAÇÃO - PSIQUIATRIA ALA A;2019;11;481;22;21,863636363636363
IRS;UNIDADE INTERNAÇÃO - PSIQUIATRIA ALA A;2019;12;436;15;29,066666666666666
IRS;UNIDADE INTERNAÇÃO - PSIQUIATRIA ALA A;2020;1;276;13;21,23076923076923
IRS;UNIDADE INTERNAÇÃO - PSIQUIATRIA ALA A;2020;2;243;12;20,25
IRS;UNIDADE INTERNAÇÃO - PSIQUIATRIA ALA A;2020;3;454;19;23,894736842105264
IRS;UNIDADE INTERNAÇÃO - PSIQUIATRIA ALA A;2020;4;485;13;37,30769230769231
IRS;UNIDADE INTERNAÇÃO - PSIQUIATRIA ALA A;2020;5;617;19;32,473684210526315
IRS;UNIDADE INTERNAÇÃO - PSIQUIATRIA ALA A;2020;6;517;22;23,5
IRS;UNIDADE INTERNAÇÃO - PSIQUIATRIA ALA A;2020;7;307;14;21,928571428571427
IRS;UNIDADE INTERNAÇÃO - PSIQUIATRIA ALA A;2020;8;405;17;23,823529411764707
IRS;UNIDADE INTERNAÇÃO - PSIQUIATRIA ALA A;2020;9;629;22;28,59090909090909
IRS;UNIDADE INTERNAÇÃO - PSIQUIATRIA ALA A;2020;10;650;25;26,0
IRS;UNIDADE INTERNAÇÃO - PSIQUIATRIA ALA A;2020;11;530;19;27,894736842105264
IRS;UNIDADE INTERNAÇÃO - PSIQUIATRIA ALA A;2020;12;565;25;22,6
IRS;UNIDADE INTERNAÇÃO - PSIQUIATRIA ALA A;2021;1;268;15;17,866666666666667
IRS;UNIDADE INTERNAÇÃO - PSIQUIATRIA ALA A;2021;2;354;17;20,823529411764707
IRS;UNIDADE INTERNAÇÃO - PSIQUIATRIA ALA A;2021;3;450;20;22,5
IRS;UNIDADE INTERNAÇÃO - PSIQUIATRIA ALA A;2021;4;521;21;24,80952380952381
IRS;UNIDADE INTERNAÇÃO - PSIQUIATRIA ALA A;2021;5;426;20;21,3
IRS;UNIDADE INTERNAÇÃO - PSIQUIATRIA ALA A;2021;6;320;15;21,333333333333332
IRS;UNIDADE INTERNAÇÃO - PSIQUIATRIA ALA A;2021;7;415;23;18,043478260869566
IRS;UNIDADE INTERNAÇÃO - PSIQUIATRIA ALA A;2021;8;423;21;20,142857142857142
IRS;UNIDADE INTERNAÇÃO - PSIQUIATRIA ALA A;2021;9;503;22;22,863636363636363
IRS;UNIDADE INTERNAÇÃO - PSIQUIATRIA ALA A;2021;10;442;18;24,555555555555557
IRS;UNIDADE INTERNAÇÃO - PSIQUIATRIA ALA A;2021;11;693;28;24,75
IRS;UNIDADE INTERNAÇÃO - PSIQUIATRIA ALA A;2021;12;198;15;13,2
IRS;UNIDADE INTERNAÇÃO - PSIQUIATRIA ALA A;2022;1;332;12;27,666666666666668
IRS;UNIDADE INTERNAÇÃO - PSIQUIATRIA ALA A;2022;2;604;19;31,789473684210527
IRS;UNIDADE INTERNAÇÃO - PSIQUIATRIA ALA A;2022;3;638;19;33,578947368421055
IRS;UNIDADE INTERNAÇÃO - PSIQUIATRIA ALA A;2022;4;458;18;25,444444444444443
IRS;UNIDADE INTERNAÇÃO - PSIQUIATRIA ALA A;2022;5;703;27;26,037037037037038
IRS;UNIDADE INTERNAÇÃO - PSIQUIATRIA ALA A;2022;6;477;19;25,105263157894736
IRS;UNIDADE INTERNAÇÃO - PSIQUIATRIA ALA A;2022;7;420;14;30,0
IRS;UNIDADE INTERNAÇÃO - PSIQUIATRIA ALA A;2022;8;413;17;24,294117647058822
IRS;UNIDADE INTERNAÇÃO - PSIQUIATRIA ALA A;2022;9;518;18;28,77777777777778
IRS;UNIDADE INTERNAÇÃO - PSIQUIATRIA ALA A;2022;10;694;25;27,76
IRS;UNIDADE INTERNAÇÃO - PSIQUIATRIA ALA A;2022;11;440;21;20,952380952380953
IRS;UNIDADE INTERNAÇÃO - PSIQUIATRIA ALA A;2022;12;825;19;43,421052631578945
IRS;UNIDADE INTERNAÇÃO - PSIQUIATRIA ALA A;2023;1;370;21;17,61904761904762
IRS;UNIDADE INTERNAÇÃO - PSIQUIATRIA ALA A;2023;2;293;13;22,53846153846154
IRS;UNIDADE INTERNAÇÃO - PSIQUIATRIA ALA A;2023;3;526;20;26,3
IRS;UNIDADE INTERNAÇÃO - PSIQUIATRIA ALA A;2023;4;312;12;26,0
IRS;UNIDADE INTERNAÇÃO - PSIQUIATRIA ALA A;2023;5;395;18;21,944444444444443
IRS;UNIDADE INTERNAÇÃO - PSIQUIATRIA ALA A;2023;6;371;11;33,72727272727273
IRS;UNIDADE INTERNAÇÃO - PSIQUIATRIA ALA A;2023;7;629;17;37,0
IRS;UNIDADE INTERNAÇÃO - PSIQUIATRIA ALA B;2019;3;23;2;11,5
IRS;UNIDADE INTERNAÇÃO - PSIQUIATRIA ALA B;2019;4;371;18;20,61111111111111
IRS;UNIDADE INTERNAÇÃO - PSIQUIATRIA ALA B;2019;5;355;9;39,44444444444444
IRS;UNIDADE INTERNAÇÃO - PSIQUIATRIA ALA B;2019;6;358;18;19,88888888888889
IRS;UNIDADE INTERNAÇÃO - PSIQUIATRIA ALA B;2019;7;362;14;25,857142857142858
IRS;UNIDADE INTERNAÇÃO - PSIQUIATRIA ALA B;2019;8;307;14;21,928571428571427
IRS;UNIDADE INTERNAÇÃO - PSIQUIATRIA ALA B;2019;9;299;15;19,933333333333334
IRS;UNIDADE INTERNAÇÃO - PSIQUIATRIA ALA B;2019;10;319;14;22,785714285714285
IRS;UNIDADE INTERNAÇÃO - PSIQUIATRIA ALA B;2019;11;554;13;42,61538461538461
IRS;UNIDADE INTERNAÇÃO - PSIQUIATRIA ALA B;2019;12;325;7;46,42857142857143
IRS;UNIDADE INTERNAÇÃO - PSIQUIATRIA ALA B;2020;1;522;19;27,473684210526315
IRS;UNIDADE INTERNAÇÃO - PSIQUIATRIA ALA B;2020;2;235;9;26,11111111111111
IRS;UNIDADE INTERNAÇÃO - PSIQUIATRIA ALA B;2020;3;284;15;18,933333333333334
IRS;UNIDADE INTERNAÇÃO - PSIQUIATRIA ALA B;2020;4;184;11;16,727272727272727
IRS;UNIDADE INTERNAÇÃO - PSIQUIATRIA ALA B;2020;5;235;10;23,5
IRS;UNIDADE INTERNAÇÃO - PSIQUIATRIA ALA B;2020;6;303;16;18,9375
IRS;UNIDADE INTERNAÇÃO - PSIQUIATRIA ALA B;2020;7;294;18;16,333333333333332
IRS;UNIDADE INTERNAÇÃO - PSIQUIATRIA ALA B;2020;8;190;10;19,0
IRS;UNIDADE INTERNAÇÃO - PSIQUIATRIA ALA B;2020;9;570;21;27,142857142857142
IRS;UNIDADE INTERNAÇÃO - PSIQUIATRIA ALA B;2020;10;709;15;47,266666666666666
IRS;UNIDADE INTERNAÇÃO - PSIQUIATRIA ALA B;2020;11;594;19;31,263157894736842
IRS;UNIDADE INTERNAÇÃO - PSIQUIATRIA ALA B;2020;12;223;12;18,583333333333332
IRS;UNIDADE INTERNAÇÃO - PSIQUIATRIA ALA B;2021;1;563;17;33,11764705882353
IRS;UNIDADE INTERNAÇÃO - PSIQUIATRIA ALA B;2021;2;240;10;24,0
IRS;UNIDADE INTERNAÇÃO - PSIQUIATRIA ALA B;2021;3;345;16;21,5625
IRS;UNIDADE INTERNAÇÃO - PSIQUIATRIA ALA B;2021;4;431;17;25,352941176470587
IRS;UNIDADE INTERNAÇÃO - PSIQUIATRIA ALA B;2021;5;541;24;22,541666666666668
IRS;UNIDADE INTERNAÇÃO - PSIQUIATRIA ALA B;2021;6;587;23;25,52173913043478
IRS;UNIDADE INTERNAÇÃO - PSIQUIATRIA ALA B;2021;7;273;20;13,65
IRS;UNIDADE INTERNAÇÃO - PSIQUIATRIA ALA B;2021;8;517;18;28,72222222222222
IRS;UNIDADE INTERNAÇÃO - PSIQUIATRIA ALA B;2021;9;366;24;15,25
IRS;UNIDADE INTERNAÇÃO - PSIQUIATRIA ALA B;2021;10;404;19;21,263157894736842
IRS;UNIDADE INTERNAÇÃO - PSIQUIATRIA ALA B;2021;11;656;26;25,23076923076923
IRS;UNIDADE INTERNAÇÃO - PSIQUIATRIA ALA B;2021;12;2099;24;87,45833333333333
IRS;UNIDADE INTERNAÇÃO - PSIQUIATRIA ALA B;2022;1;330;16;20,625
IRS;UNIDADE INTERNAÇÃO - PSIQUIATRIA ALA B;2022;2;109;7;15,571428571428571
IRS;UNIDADE INTERNAÇÃO - PSIQUIATRIA ALA B;2022;3;289;13;22,23076923076923
IRS;UNIDADE INTERNAÇÃO - PSIQUIATRIA ALA B;2022;4;583;19;30,68421052631579
IRS;UNIDADE INTERNAÇÃO - PSIQUIATRIA ALA B;2022;5;474;17;27,88235294117647
IRS;UNIDADE INTERNAÇÃO - PSIQUIATRIA ALA B;2022;6;440;15;29,333333333333332
IRS;UNIDADE INTERNAÇÃO - PSIQUIATRIA ALA B;2022;7;510;19;26,842105263157894
IRS;UNIDADE INTERNAÇÃO - PSIQUIATRIA ALA B;2022;8;329;18;18,27777777777778
IRS;UNIDADE INTERNAÇÃO - PSIQUIATRIA ALA B;2022;9;697;27;25,814814814814813
IRS;UNIDADE INTERNAÇÃO - PSIQUIATRIA ALA B;2022;10;424;18;23,555555555555557
IRS;UNIDADE INTERNAÇÃO - PSIQUIATRIA ALA B;2022;11;467;25;18,68
IRS;UNIDADE INTERNAÇÃO - PSIQUIATRIA ALA B;2022;12;268;10;26,8
IRS;UNIDADE INTERNAÇÃO - PSIQUIATRIA ALA B;2023;1;380;18;21,11111111111111
IRS;UNIDADE INTERNAÇÃO - PSIQUIATRIA ALA B;2023;2;183;8;22,875
IRS;UNIDADE INTERNAÇÃO - PSIQUIATRIA ALA B;2023;3;574;22;26,09090909090909
IRS;UNIDADE INTERNAÇÃO - PSIQUIATRIA ALA B;2023;4;250;12;20,833333333333332
IRS;UNIDADE INTERNAÇÃO - PSIQUIATRIA ALA B;2023;5;577;22;26,227272727272727
IRS;UNIDADE INTERNAÇÃO - PSIQUIATRIA ALA B;2023;6;448;17;26,352941176470587
IRS;UNIDADE INTERNAÇÃO - PSIQUIATRIA ALA B;2023;7;284;13;21,846153846153847
IRS;UNIDADE INTERNAÇÃO - PSIQUIATRIA ALA C;2019;3;154;6;25,666666666666668
IRS;UNIDADE INTERNAÇÃO - PSIQUIATRIA ALA C;2019;4;373;20;18,65
IRS;UNIDADE INTERNAÇÃO - PSIQUIATRIA ALA C;2019;5;1138;23;49,47826086956522
IRS;UNIDADE INTERNAÇÃO - PSIQUIATRIA ALA C;2019;6;269;14;19,214285714285715
IRS;UNIDADE INTERNAÇÃO - PSIQUIATRIA ALA C;2019;7;457;26;17,576923076923077
IRS;UNIDADE INTERNAÇÃO - PSIQUIATRIA ALA C;2019;8;488;22;22,181818181818183
IRS;UNIDADE INTERNAÇÃO - PSIQUIATRIA ALA C;2019;9;493;20;24,65
IRS;UNIDADE INTERNAÇÃO - PSIQUIATRIA ALA C;2019;10;463;21;22,047619047619047
IRS;UNIDADE INTERNAÇÃO - PSIQUIATRIA ALA C;2019;11;739;16;46,1875
IRS;UNIDADE INTERNAÇÃO - PSIQUIATRIA ALA C;2019;12;534;24;22,25
IRS;UNIDADE INTERNAÇÃO - PSIQUIATRIA ALA C;2020;1;480;21;22,857142857142858
IRS;UNIDADE INTERNAÇÃO - PSIQUIATRIA ALA C;2020;2;1676;20;83,8
IRS;UNIDADE INTERNAÇÃO - PSIQUIATRIA ALA C;2020;3;387;13;29,76923076923077
IRS;UNIDADE INTERNAÇÃO - PSIQUIATRIA ALA C;2020;4;593;24;24,708333333333332
IRS;UNIDADE INTERNAÇÃO - PSIQUIATRIA ALA C;2020;5;544;24;22,666666666666668
IRS;UNIDADE INTERNAÇÃO - PSIQUIATRIA ALA C;2020;6;675;25;27,0
IRS;UNIDADE INTERNAÇÃO - PSIQUIATRIA ALA C;2020;7;888;23;38,608695652173914
IRS;UNIDADE INTERNAÇÃO - PSIQUIATRIA ALA C;2020;8;1615;33;48,93939393939394
IRS;UNIDADE INTERNAÇÃO - PSIQUIATRIA ALA C;2020;9;573;34;16,852941176470587
IRS;UNIDADE INTERNAÇÃO - PSIQUIATRIA ALA C;2020;10;649;38;17,07894736842105
IRS;UNIDADE INTERNAÇÃO - PSIQUIATRIA ALA C;2020;11;1105;35;31,571428571428573
IRS;UNIDADE INTERNAÇÃO - PSIQUIATRIA ALA C;2020;12;738;35;21,085714285714285
IRS;UNIDADE INTERNAÇÃO - PSIQUIATRIA ALA C;2021;1;579;32;18,09375
IRS;UNIDADE INTERNAÇÃO - PSIQUIATRIA ALA C;2021;2;282;22;12,818181818181818
IRS;UNIDADE INTERNAÇÃO - PSIQUIATRIA ALA C;2021;3;770;41;18,78048780487805
IRS;UNIDADE INTERNAÇÃO - PSIQUIATRIA ALA C;2021;4;551;30;18,366666666666667
IRS;UNIDADE INTERNAÇÃO - PSIQUIATRIA ALA C;2021;5;332;25;13,28
IRS;UNIDADE INTERNAÇÃO - PSIQUIATRIA ALA C;2021;6;562;29;19,379310344827587
IRS;UNIDADE INTERNAÇÃO - PSIQUIATRIA ALA C;2021;7;660;40;16,5
IRS;UNIDADE INTERNAÇÃO - PSIQUIATRIA ALA C;2021;8;516;27;19,11111111111111
IRS;UNIDADE INTERNAÇÃO - PSIQUIATRIA ALA C;2021;9;637;26;24,5
IRS;UNIDADE INTERNAÇÃO - PSIQUIATRIA ALA C;2021;10;866;34;25,470588235294116
IRS;UNIDADE INTERNAÇÃO - PSIQUIATRIA ALA C;2021;11;657;26;25,26923076923077
IRS;UNIDADE INTERNAÇÃO - PSIQUIATRIA ALA C;2021;12;718;34;21,11764705882353
IRS;UNIDADE INTERNAÇÃO - PSIQUIATRIA ALA C;2022;1;431;20;21,55
IRS;UNIDADE INTERNAÇÃO - PSIQUIATRIA ALA C;2022;2;376;16;23,5
IRS;UNIDADE INTERNAÇÃO - PSIQUIATRIA ALA C;2022;3;740;37;20,0
IRS;UNIDADE INTERNAÇÃO - PSIQUIATRIA ALA C;2022;4;683;29;23,551724137931036
IRS;UNIDADE INTERNAÇÃO - PSIQUIATRIA ALA C;2022;5;931;41;22,70731707317073
IRS;UNIDADE INTERNAÇÃO - PSIQUIATRIA ALA C;2022;6;663;29;22,862068965517242
IRS;UNIDADE INTERNAÇÃO - PSIQUIATRIA ALA C;2022;7;647;26;24,884615384615383
IRS;UNIDADE INTERNAÇÃO - PSIQUIATRIA ALA C;2022;8;643;36;17,86111111111111
IRS;UNIDADE INTERNAÇÃO - PSIQUIATRIA ALA C;2022;9;511;26;19,653846153846153
IRS;UNIDADE INTERNAÇÃO - PSIQUIATRIA ALA C;2022;10;566;23;24,608695652173914
IRS;UNIDADE INTERNAÇÃO - PSIQUIATRIA ALA C;2022;11;657;32;20,53125
IRS;UNIDADE INTERNAÇÃO - PSIQUIATRIA ALA C;2022;12;716;16;44,75
IRS;UNIDADE INTERNAÇÃO - PSIQUIATRIA ALA C;2023;1;575;27;21,296296296296298
IRS;UNIDADE INTERNAÇÃO - PSIQUIATRIA ALA C;2023;2;494;23;21,47826086956522
IRS;UNIDADE INTERNAÇÃO - PSIQUIATRIA ALA C;2023;3;801;27;29,666666666666668
IRS;UNIDADE INTERNAÇÃO - PSIQUIATRIA ALA C;2023;4;588;30;19,6
IRS;UNIDADE INTERNAÇÃO - PSIQUIATRIA ALA C;2023;5;462;35;13,2
IRS;UNIDADE INTERNAÇÃO - PSIQUIATRIA ALA C;2023;6;755;30;25,166666666666668
IRS;UNIDADE INTERNAÇÃO - PSIQUIATRIA ALA C;2023;7;606;32;18,9375
IRS;UNIDADE INTERNAÇÃO - PSIQUIATRIA ALA C;2023;8;14;1;14,0
IRS;UNIDADE INTERNAÇÃO - PSIQUIATRIA ALA D;2019;3;28;2;14,0
IRS;UNIDADE INTERNAÇÃO - PSIQUIATRIA ALA D;2019;4;410;16;25,625
IRS;UNIDADE INTERNAÇÃO - PSIQUIATRIA ALA D;2019;5;124;10;12,4
IRS;UNIDADE INTERNAÇÃO - PSIQUIATRIA ALA D;2019;6;203;9;22,555555555555557
IRS;UNIDADE INTERNAÇÃO - PSIQUIATRIA ALA D;2019;7;558;15;37,2
IRS;UNIDADE INTERNAÇÃO - PSIQUIATRIA ALA D;2019;8;164;11;14,909090909090908
IRS;UNIDADE INTERNAÇÃO - PSIQUIATRIA ALA D;2019;9;376;13;28,923076923076923
IRS;UNIDADE INTERNAÇÃO - PSIQUIATRIA ALA D;2019;10;387;12;32,25
IRS;UNIDADE INTERNAÇÃO - PSIQUIATRIA ALA D;2019;11;360;11;32,72727272727273
IRS;UNIDADE INTERNAÇÃO - PSIQUIATRIA ALA D;2019;12;210;11;19,09090909090909
IRS;UNIDADE INTERNAÇÃO - PSIQUIATRIA ALA D;2020;1;336;10;33,6
IRS;UNIDADE INTERNAÇÃO - PSIQUIATRIA ALA D;2020;2;323;16;20,1875
IRS;UNIDADE INTERNAÇÃO - PSIQUIATRIA ALA D;2020;3;154;11;14,0
IRS;UNIDADE INTERNAÇÃO - PSIQUIATRIA ALA D;2020;4;117;8;14,625
IRS;UNIDADE INTERNAÇÃO - PSIQUIATRIA ALA D;2020;5;143;10;14,3
IRS;UNIDADE INTERNAÇÃO - PSIQUIATRIA ALA D;2020;6;224;7;32,0
IRS;UNIDADE INTERNAÇÃO - PSIQUIATRIA ALA D;2020;7;3;1;3,0
IRS;UNIDADE INTERNAÇÃO - PSIQUIATRIA ALA D;2020;8;5;1;5,0
IRS;UNIDADE INTERNAÇÃO - PSIQUIATRIA ALA D;2020;9;18;1;18,0
IRS;UNIDADE INTERNAÇÃO - PSIQUIATRIA ALA D;2020;10;4;2;2,0
IRS;UNIDADE INTERNAÇÃO - PSIQUIATRIA ALA D;2020;12;27;3;9,0
IRS;UNIDADE INTERNAÇÃO - PSIQUIATRIA ALA D;2021;1;11;2;5,5
IRS;UNIDADE INTERNAÇÃO - PSIQUIATRIA ALA D;2021;2;193;9;21,444444444444443
IRS;UNIDADE INTERNAÇÃO - PSIQUIATRIA ALA D;2021;3;83;4;20,75
IRS;UNIDADE INTERNAÇÃO - PSIQUIATRIA ALA D;2021;4;46;4;11,5
IRS;UNIDADE INTERNAÇÃO - PSIQUIATRIA ALA D;2021;5;62;5;12,4
IRS;UNIDADE INTERNAÇÃO - PSIQUIATRIA ALA D;2021;6;7;2;3,5
IRS;UNIDADE INTERNAÇÃO - PSIQUIATRIA ALA D;2021;8;67;1;67,0
IRS;UNIDADE INTERNAÇÃO - PSIQUIATRIA ALA D;2021;10;4;3;1,3333333333333333
IRS;UNIDADE INTERNAÇÃO - PSIQUIATRIA ALA D;2022;1;80;3;26,666666666666668
IRS;UNIDADE INTERNAÇÃO - PSIQUIATRIA ALA D;2022;2;57;2;28,5
IRS;UNIDADE INTERNAÇÃO - PSIQUIATRIA ALA D;2022;6;66;2;33,0
IRS;UNIDADE INTERNAÇÃO - PSIQUIATRIA ALA D;2022;7;37;1;37,0
IRS;UNIDADE INTERNAÇÃO - PSIQUIATRIA ALA D;2022;11;21;1;21,0
IRS;UNIDADE INTERNAÇÃO - PSIQUIATRIA ALA D;2023;2;2;1;2,0
IRS;UNIDADE INTERNAÇÃO - PSIQUIATRIA ALA E;2019;3;32;2;16,0
IRS;UNIDADE INTERNAÇÃO - PSIQUIATRIA ALA E;2019;4;505;22;22,954545454545453
IRS;UNIDADE INTERNAÇÃO - PSIQUIATRIA ALA E;2019;5;200;11;18,181818181818183
IRS;UNIDADE INTERNAÇÃO - PSIQUIATRIA ALA E;2019;6;641;22;29,136363636363637
IRS;UNIDADE INTERNAÇÃO - PSIQUIATRIA ALA E;2019;7;473;17;27,823529411764707
IRS;UNIDADE INTERNAÇÃO - PSIQUIATRIA ALA E;2019;8;229;16;14,3125
IRS;UNIDADE INTERNAÇÃO - PSIQUIATRIA ALA E;2019;9;141;8;17,625
IRS;UNIDADE INTERNAÇÃO - PSIQUIATRIA ALA E;2019;10;101;5;20,2
IRS;UNIDADE INTERNAÇÃO - PSIQUIATRIA ALA E;2019;11;58;2;29,0
IRS;UNIDADE INTERNAÇÃO - PSIQUIATRIA ALA E;2019;12;224;6;37,333333333333336
IRS;UNIDADE INTERNAÇÃO - PSIQUIATRIA ALA E;2020;1;214;6;35,666666666666664
IRS;UNIDADE INTERNAÇÃO - PSIQUIATRIA ALA E;2020;2;368;8;46,0
IRS;UNIDADE INTERNAÇÃO - PSIQUIATRIA ALA E;2020;3;438;17;25,764705882352942
IRS;UNIDADE INTERNAÇÃO - PSIQUIATRIA ALA E;2020;4;212;7;30,285714285714285
IRS;UNIDADE INTERNAÇÃO - PSIQUIATRIA ALA E;2020;5;146;4;36,5
IRS;UNIDADE INTERNAÇÃO - PSIQUIATRIA ALA E;2020;6;305;5;61,0
IRS;UNIDADE INTERNAÇÃO - PSIQUIATRIA ALA E;2020;7;479;26;18,423076923076923
IRS;UNIDADE INTERNAÇÃO - PSIQUIATRIA ALA E;2020;8;485;23;21,08695652173913
IRS;UNIDADE INTERNAÇÃO - PSIQUIATRIA ALA E;2020;9;302;17;17,764705882352942
IRS;UNIDADE INTERNAÇÃO - PSIQUIATRIA ALA E;2020;10;526;21;25,047619047619047
IRS;UNIDADE INTERNAÇÃO - PSIQUIATRIA ALA E;2020;11;485;29;16,724137931034484
IRS;UNIDADE INTERNAÇÃO - PSIQUIATRIA ALA E;2020;12;637;28;22,75
IRS;UNIDADE INTERNAÇÃO - PSIQUIATRIA ALA E;2021;1;347;20;17,35
IRS;UNIDADE INTERNAÇÃO - PSIQUIATRIA ALA E;2021;2;425;21;20,238095238095237
IRS;UNIDADE INTERNAÇÃO - PSIQUIATRIA ALA E;2021;3;474;32;14,8125
IRS;UNIDADE INTERNAÇÃO - PSIQUIATRIA ALA E;2021;4;496;20;24,8
IRS;UNIDADE INTERNAÇÃO - PSIQUIATRIA ALA E;2021;5;767;13;59,0
IRS;UNIDADE INTERNAÇÃO - PSIQUIATRIA ALA E;2021;6;437;20;21,85
IRS;UNIDADE INTERNAÇÃO - PSIQUIATRIA ALA E;2021;7;596;26;22,923076923076923
IRS;UNIDADE INTERNAÇÃO - PSIQUIATRIA ALA E;2021;8;510;22;23,181818181818183
IRS;UNIDADE INTERNAÇÃO - PSIQUIATRIA ALA E;2021;9;554;17;32,588235294117645
IRS;UNIDADE INTERNAÇÃO - PSIQUIATRIA ALA E;2021;10;414;18;23,0
IRS;UNIDADE INTERNAÇÃO - PSIQUIATRIA ALA E;2021;11;557;23;24,217391304347824
IRS;UNIDADE INTERNAÇÃO - PSIQUIATRIA ALA E;2021;12;469;20;23,45
IRS;UNIDADE INTERNAÇÃO - PSIQUIATRIA ALA E;2022;1;411;15;27,4
IRS;UNIDADE INTERNAÇÃO - PSIQUIATRIA ALA E;2022;2;85;3;28,333333333333332
IRS;UNIDADE INTERNAÇÃO - PSIQUIATRIA ALA E;2022;3;622;19;32,73684210526316
IRS;UNIDADE INTERNAÇÃO - PSIQUIATRIA ALA E;2022;4;279;11;25,363636363636363
IRS;UNIDADE INTERNAÇÃO - PSIQUIATRIA ALA E;2022;5;748;23;32,52173913043478
IRS;UNIDADE INTERNAÇÃO - PSIQUIATRIA ALA E;2022;6;307;12;25,583333333333332
IRS;UNIDADE INTERNAÇÃO - PSIQUIATRIA ALA E;2022;7;472;17;27,764705882352942
IRS;UNIDADE INTERNAÇÃO - PSIQUIATRIA ALA E;2022;8;429;17;25,235294117647058
IRS;UNIDADE INTERNAÇÃO - PSIQUIATRIA ALA E;2022;9;291;14;20,785714285714285
IRS;UNIDADE INTERNAÇÃO - PSIQUIATRIA ALA E;2022;10;215;12;17,916666666666668
IRS;UNIDADE INTERNAÇÃO - PSIQUIATRIA ALA E;2022;11;648;23;28,17391304347826
IRS;UNIDADE INTERNAÇÃO - PSIQUIATRIA ALA E;2022;12;845;15;56,333333333333336
IRS;UNIDADE INTERNAÇÃO - PSIQUIATRIA ALA E;2023;1;327;13;25,153846153846153
IRS;UNIDADE INTERNAÇÃO - PSIQUIATRIA ALA E;2023;2;324;16;20,25
IRS;UNIDADE INTERNAÇÃO - PSIQUIATRIA ALA E;2023;3;342;14;24,428571428571427
IRS;UNIDADE INTERNAÇÃO - PSIQUIATRIA ALA E;2023;4;608;16;38,0
IRS;UNIDADE INTERNAÇÃO - PSIQUIATRIA ALA E;2023;5;486;16;30,375
IRS;UNIDADE INTERNAÇÃO - PSIQUIATRIA ALA E;2023;6;585;19;30,789473684210527
IRS;UNIDADE INTERNAÇÃO - PSIQUIATRIA ALA E;2023;7;482;17;28,352941176470587
IRS;UNIDADE INTERNAÇÃO - PSIQUIATRIA ALA F;2020;6;9;2;4,5
IRS;UNIDADE INTERNAÇÃO - PSIQUIATRIA ALA F;2020;7;148;9;16,444444444444443
IRS;UNIDADE INTERNAÇÃO - PSIQUIATRIA ALA F;2021;6;3;1;3,0
IRS;UNIDADE INTERNAÇÃO - PSIQUIATRIA ALA F;2021;7;73;2;36,5
IRS;UNIDADE INTERNAÇÃO - PSIQUIATRIA ALA F;2021;8;3;2;1,5
IRS;UNIDADE INTERNAÇÃO - PSIQUIATRIA ALA F;2021;9;9;2;4,5
IRS;UNIDADE INTERNAÇÃO - PSIQUIATRIA ALA F;2021;10;2;2;1,0
IRS;UNIDADE INTERNAÇÃO - PSIQUIATRIA ALA F;2022;1;98;7;14,0
IRS;UNIDADE INTERNAÇÃO - PSIQUIATRIA ALA F;2022;2;1;1;1,0
IRS;UNIDADE INTERNAÇÃO - PSIQUIATRIA ALA F;2022;4;17;1;17,0
IRS;UNIDADE INTERNAÇÃO - PSIQUIATRIA ALA F;2022;10;4;1;4,0
IRS;UNIDADE INTERNAÇÃO - PSIQUIATRIA ALA F;2022;11;12;1;12,0
IRS;UNIDADE INTERNAÇÃO - PSIQUIATRIA ALA F;2022;12;222;3;74,0
IRS;UNIDADE INTERNAÇÃO - PSIQUIATRIA ALA F;2023;2;23;2;11,5
IRS;UNIDADE INTERNAÇÃO - PSIQUIATRIA ALA F;2023;3;19;1;19,0
IRS;UNIDADE INTERNAÇÃO - PSIQUIATRIA UNIDADE DE TRATAMENTO CLÍNICO;2020;6;15;2;7,5
IRS;UNIDADE INTERNAÇÃO - PSIQUIATRIA UNIDADE DE TRATAMENTO CLÍNICO;2020;7;71;5;14,2
IRS;UNIDADE INTERNAÇÃO - PSIQUIATRIA UNIDADE DE TRATAMENTO CLÍNICO;2020;8;104;3;34,666666666666664
IRS;UNIDADE INTERNAÇÃO - PSIQUIATRIA UNIDADE DE TRATAMENTO CLÍNICO;2020;9;262;4;65,5
IRS;UNIDADE INTERNAÇÃO - PSIQUIATRIA UNIDADE DE TRATAMENTO CLÍNICO;2020;10;167;9;18,555555555555557
IRS;UNIDADE INTERNAÇÃO - PSIQUIATRIA UNIDADE DE TRATAMENTO CLÍNICO;2020;11;86;3;28,666666666666668
IRS;UNIDADE INTERNAÇÃO - PSIQUIATRIA UNIDADE DE TRATAMENTO CLÍNICO;2020;12;341;10;34,1
IRS;UNIDADE INTERNAÇÃO - PSIQUIATRIA UNIDADE DE TRATAMENTO CLÍNICO;2021;1;70;4;17,5
IRS;UNIDADE INTERNAÇÃO - PSIQUIATRIA UNIDADE DE TRATAMENTO CLÍNICO;2021;2;130;8;16,25
IRS;UNIDADE INTERNAÇÃO - PSIQUIATRIA UNIDADE DE TRATAMENTO CLÍNICO;2021;3;43;5;8,6
IRS;UNIDADE INTERNAÇÃO - PSIQUIATRIA UNIDADE DE TRATAMENTO CLÍNICO;2021;5;127;6;21,166666666666668
IRS;UNIDADE INTERNAÇÃO - PSIQUIATRIA UNIDADE DE TRATAMENTO CLÍNICO;2021;6;269;3;89,66666666666667
IRS;UNIDADE INTERNAÇÃO - PSIQUIATRIA UNIDADE DE TRATAMENTO CLÍNICO;2021;7;5;1;5,0
IRS;UNIDADE INTERNAÇÃO - PSIQUIATRIA UNIDADE DE TRATAMENTO CLÍNICO;2021;8;186;5;37,2
IRS;UNIDADE INTERNAÇÃO - PSIQUIATRIA UNIDADE DE TRATAMENTO CLÍNICO;2021;9;85;5;17,0
IRS;UNIDADE INTERNAÇÃO - PSIQUIATRIA UNIDADE DE TRATAMENTO CLÍNICO;2021;10;169;7;24,142857142857142
IRS;UNIDADE INTERNAÇÃO - PSIQUIATRIA UNIDADE DE TRATAMENTO CLÍNICO;2021;11;29;1;29,0
IRS;UNIDADE INTERNAÇÃO - PSIQUIATRIA UNIDADE DE TRATAMENTO CLÍNICO;2021;12;156;5;31,2
IRS;UNIDADE INTERNAÇÃO - PSIQUIATRIA UNIDADE DE TRATAMENTO CLÍNICO;2022;1;31;2;15,5
IRS;UNIDADE INTERNAÇÃO - PSIQUIATRIA UNIDADE DE TRATAMENTO CLÍNICO;2022;2;224;4;56,0
IRS;UNIDADE INTERNAÇÃO - PSIQUIATRIA UNIDADE DE TRATAMENTO CLÍNICO;2022;3;118;3;39,333333333333336
IRS;UNIDADE INTERNAÇÃO - PSIQUIATRIA UNIDADE DE TRATAMENTO CLÍNICO;2022;4;36;5;7,2
IRS;UNIDADE INTERNAÇÃO - PSIQUIATRIA UNIDADE DE TRATAMENTO CLÍNICO;2022;5;9;1;9,0
IRS;UNIDADE INTERNAÇÃO - PSIQUIATRIA UNIDADE DE TRATAMENTO CLÍNICO;2022;6;56;2;28,0
IRS;UNIDADE INTERNAÇÃO - PSIQUIATRIA UNIDADE DE TRATAMENTO CLÍNICO;2022;7;218;4;54,5
IRS;UNIDADE INTERNAÇÃO - PSIQUIATRIA UNIDADE DE TRATAMENTO CLÍNICO;2022;8;188;3;62,666666666666664
IRS;UNIDADE INTERNAÇÃO - PSIQUIATRIA UNIDADE DE TRATAMENTO CLÍNICO;2022;9;5;1;5,0
IRS;UNIDADE INTERNAÇÃO - PSIQUIATRIA UNIDADE DE TRATAMENTO CLÍNICO;2022;10;289;3;96,33333333333333
IRS;UNIDADE INTERNAÇÃO - PSIQUIATRIA UNIDADE DE TRATAMENTO CLÍNICO;2022;11;35;2;17,5
IRS;UNIDADE INTERNAÇÃO - PSIQUIATRIA UNIDADE DE TRATAMENTO CLÍNICO;2022;12;21;1;21,0
IRS;UNIDADE INTERNAÇÃO - PSIQUIATRIA UNIDADE DE TRATAMENTO CLÍNICO;2023;1;88;3;29,333333333333332
IRS;UNIDADE INTERNAÇÃO - PSIQUIATRIA UNIDADE DE TRATAMENTO CLÍNICO;2023;2;339;2;169,5
IRS;UNIDADE INTERNAÇÃO - PSIQUIATRIA UNIDADE DE TRATAMENTO CLÍNICO;2023;3;237;3;79,0
IRS;UNIDADE INTERNAÇÃO - PSIQUIATRIA UNIDADE DE TRATAMENTO CLÍNICO;2023;4;40;1;40,0
IRS;UNIDADE INTERNAÇÃO - PSIQUIATRIA UNIDADE DE TRATAMENTO CLÍNICO;2023;5;120;5;24,0
IRS;UNIDADE INTERNAÇÃO - PSIQUIATRIA UNIDADE DE TRATAMENTO CLÍNICO;2023;6;174;4;43,5
IRS;UNIDADE INTERNAÇÃO - PSIQUIATRIA UNIDADE DE TRATAMENTO CLÍNICO;2023;7;3;1;3,0
IRS;UNIDADE URGÊNCIA/EMERGÊNCIA - OBSERVAÇÃO;2023;8;27;8;3,375
IRS;UNIDADE URGÊNCIA/EMERGÊNCIA - OBSERVAÇÃO;2023;9;41;6;6,833333333333333
IRS;UNIDADE URGÊNCIA/EMERGÊNCIA - OBSERVAÇÃO;2023;10;26;10;2,6
IRS;UNIDADE URGÊNCIA/EMERGÊNCIA - OBSERVAÇÃO;2023;11;23;9;2,5555555555555554
IRS;UNIDADE URGÊNCIA/EMERGÊNCIA - OBSERVAÇÃO;2023;12;13;6;2,1666666666666665
IRS;UNIDADE URGÊNCIA/EMERGÊNCIA - OBSERVAÇÃO;2024;1;38;11;3,4545454545454546
IRS;UNIDADE URGÊNCIA/EMERGÊNCIA - OBSERVAÇÃO;2024;2;30;12;2,5
IRS;UNIDADE URGÊNCIA/EMERGÊNCIA - OBSERVAÇÃO;2024;3;33;16;2,0625
IRS;UNIDADE URGÊNCIA/EMERGÊNCIA - OBSERVAÇÃO;2024;4;67;13;5,153846153846154
IRS;UNIDADE URGÊNCIA/EMERGÊNCIA - OBSERVAÇÃO;2024;5;55;18;3,0555555555555554
IRS;UNIDADE URGÊNCIA/EMERGÊNCIA - OBSERVAÇÃO;2024;6;44;14;3,142857142857143
IRS;UNIDADE URGÊNCIA/EMERGÊNCIA - OBSERVAÇÃO;2024;7;43;11;3,909090909090909
IRS;UNIDADE URGÊNCIA/EMERGÊNCIA - OBSERVAÇÃO;2024;8;31;8;3,875
IRS;UNIDADE URGÊNCIA/EMERGÊNCIA - OBSERVAÇÃO;2024;9;21;9;2,3333333333333335
IRS;UNIDADE URGÊNCIA/EMERGÊNCIA - OBSERVAÇÃO;2024;10;62;10;6,2
IRS;UNIDADE URGÊNCIA/EMERGÊNCIA - OBSERVAÇÃO;2024;11;17;8;2,125
IRS;UNIDADE URGÊNCIA/EMERGÊNCIA - OBSERVAÇÃO;2024;12;60;7;8,571428571428571
IRS;UNIDADE URGÊNCIA/EMERGÊNCIA - OBSERVAÇÃO;2025;1;25;7;3,5714285714285716
IRS;UNIDADE URGÊNCIA/EMERGÊNCIA - OBSERVAÇÃO;2025;2;23;8;2,875
IRS;UNIDADE URGÊNCIA/EMERGÊNCIA - OBSERVAÇÃO;2025;3;79;13;6,076923076923077
IRS;UNIDADE URGÊNCIA/EMERGÊNCIA - OBSERVAÇÃO;2025;4;11;5;2,2
IRS;UNIDADE URGÊNCIA/EMERGÊNCIA - OBSERVAÇÃO;2025;5;17;7;2,4285714285714284
IRS;UNIDADE URGÊNCIA/EMERGÊNCIA - OBSERVAÇÃO;2025;6;18;7;2,5714285714285716
IRS;UNIDADE URGÊNCIA/EMERGÊNCIA - OBSERVAÇÃO;2025;7;139;8;17,375
IRS;UNIDADE URGÊNCIA/EMERGÊNCIA - OBSERVAÇÃO;2025;8;18;8;2,25
IRS;UNIDADE URGÊNCIA/EMERGÊNCIA - OBSERVAÇÃO;2025;9;18;5;3,6
IRS;UNIDADE URGÊNCIA/EMERGÊNCIA - OBSERVAÇÃO;2025;10;54;16;3,375
IRS;UNIDADE URGÊNCIA/EMERGÊNCIA - OBSERVAÇÃO;2025;11;19;7;2,7142857142857144
IRS;UNIDADE URGÊNCIA/EMERGÊNCIA - OBSERVAÇÃO;2025;12;21;9;2,3333333333333335
IRS;UNIDADE URGÊNCIA/EMERGÊNCIA - OBSERVAÇÃO;2026;1;11;4;2,75
IRS;UNIDADE URGÊNCIA/EMERGÊNCIA - OBSERVAÇÃO;2026;2;12;5;2,4
IRS;UNIDADE URGÊNCIA/EMERGÊNCIA - OBSERVAÇÃO;2026;3;36;16;2,25
IRS;UNIDADE URGÊNCIA/EMERGÊNCIA - OBSERVAÇÃO;2026;4;49;14;3,5
IRS;UNIDADE URGÊNCIA/EMERGÊNCIA - OBSERVAÇÃO;2026;5;13;8;1,625
IRS;UNIDADE URGÊNCIA/EMERGÊNCIA - OBSERVAÇÃO;2026;6;30;5;6,0
IRS;UTC - UNIDADE DE TRATAMENTO CLÍNICO;2023;8;349;5;69,8
IRS;UTC - UNIDADE DE TRATAMENTO CLÍNICO;2023;9;172;3;57,333333333333336
IRS;UTC - UNIDADE DE TRATAMENTO CLÍNICO;2023;10;54;2;27,0
IRS;UTC - UNIDADE DE TRATAMENTO CLÍNICO;2023;11;108;3;36,0
IRS;UTC - UNIDADE DE TRATAMENTO CLÍNICO;2023;12;238;5;47,6
IRS;UTC - UNIDADE DE TRATAMENTO CLÍNICO;2024;1;15;1;15,0
IRS;UTC - UNIDADE DE TRATAMENTO CLÍNICO;2024;2;95;2;47,5
IRS;UTC - UNIDADE DE TRATAMENTO CLÍNICO;2024;3;303;6;50,5
IRS;UTC - UNIDADE DE TRATAMENTO CLÍNICO;2024;4;70;3;23,333333333333332
IRS;UTC - UNIDADE DE TRATAMENTO CLÍNICO;2024;5;55;3;18,333333333333332
IRS;UTC - UNIDADE DE TRATAMENTO CLÍNICO;2024;6;159;4;39,75
IRS;UTC - UNIDADE DE TRATAMENTO CLÍNICO;2024;7;186;7;26,571428571428573
IRS;UTC - UNIDADE DE TRATAMENTO CLÍNICO;2024;8;94;3;31,333333333333332
IRS;UTC - UNIDADE DE TRATAMENTO CLÍNICO;2024;9;152;6;25,333333333333332
IRS;UTC - UNIDADE DE TRATAMENTO CLÍNICO;2024;10;129;5;25,8
IRS;UTC - UNIDADE DE TRATAMENTO CLÍNICO;2024;11;127;6;21,166666666666668
IRS;UTC - UNIDADE DE TRATAMENTO CLÍNICO;2024;12;42;4;10,5
IRS;UTC - UNIDADE DE TRATAMENTO CLÍNICO;2025;1;51;3;17,0
IRS;UTC - UNIDADE DE TRATAMENTO CLÍNICO;2025;2;174;6;29,0
IRS;UTC - UNIDADE DE TRATAMENTO CLÍNICO;2025;3;31;2;15,5
IRS;UTC - UNIDADE DE TRATAMENTO CLÍNICO;2025;4;149;4;37,25
IRS;UTC - UNIDADE DE TRATAMENTO CLÍNICO;2025;5;178;7;25,428571428571427
IRS;UTC - UNIDADE DE TRATAMENTO CLÍNICO;2025;6;275;3;91,66666666666667
IRS;UTC - UNIDADE DE TRATAMENTO CLÍNICO;2025;7;158;4;39,5
IRS;UTC - UNIDADE DE TRATAMENTO CLÍNICO;2025;8;93;4;23,25
IRS;UTC - UNIDADE DE TRATAMENTO CLÍNICO;2025;9;100;5;20,0
IRS;UTC - UNIDADE DE TRATAMENTO CLÍNICO;2025;10;43;2;21,5
IRS;UTC - UNIDADE DE TRATAMENTO CLÍNICO;2025;11;144;5;28,8
IRS;UTC - UNIDADE DE TRATAMENTO CLÍNICO;2025;12;120;5;24,0
IRS;UTC - UNIDADE DE TRATAMENTO CLÍNICO;2026;1;132;3;44,0
IRS;UTC - UNIDADE DE TRATAMENTO CLÍNICO;2026;2;183;5;36,6
IRS;UTC - UNIDADE DE TRATAMENTO CLÍNICO;2026;3;78;3;26,0
IRS;UTC - UNIDADE DE TRATAMENTO CLÍNICO;2026;4;102;3;34,0
IRS;UTC - UNIDADE DE TRATAMENTO CLÍNICO;2026;5;225;8;28,125
IRS;UTC - UNIDADE DE TRATAMENTO CLÍNICO;2026;6;76;4;19,0
MOV;ALOJAMENTO CONJUNTO;2019;1;381;141;2,702127659574468
MOV;ALOJAMENTO CONJUNTO;2019;2;608;223;2,726457399103139
MOV;ALOJAMENTO CONJUNTO;2019;3;875;238;3,676470588235294
MOV;ALOJAMENTO CONJUNTO;2019;4;762;259;2,942084942084942
MOV;ALOJAMENTO CONJUNTO;2019;5;742;256;2,8984375
MOV;ALOJAMENTO CONJUNTO;2019;6;742;253;2,932806324110672
MOV;ALOJAMENTO CONJUNTO;2019;7;788;240;3,283333333333333
MOV;ALOJAMENTO CONJUNTO;2019;8;820;273;3,0036630036630036
MOV;ALOJAMENTO CONJUNTO;2019;9;758;236;3,211864406779661
MOV;ALOJAMENTO CONJUNTO;2019;10;587;230;2,5521739130434784
MOV;ALOJAMENTO CONJUNTO;2019;11;587;206;2,849514563106796
MOV;ALOJAMENTO CONJUNTO;2019;12;746;238;3,134453781512605
MOV;ALOJAMENTO CONJUNTO;2020;1;655;252;2,5992063492063493
MOV;ALOJAMENTO CONJUNTO;2020;2;724;253;2,8616600790513833
MOV;ALOJAMENTO CONJUNTO;2020;3;850;287;2,961672473867596
MOV;ALOJAMENTO CONJUNTO;2020;4;685;270;2,537037037037037
MOV;ALOJAMENTO CONJUNTO;2020;5;703;251;2,800796812749004
MOV;ALOJAMENTO CONJUNTO;2020;6;675;258;2,616279069767442
MOV;ALOJAMENTO CONJUNTO;2020;7;720;268;2,6865671641791047
MOV;ALOJAMENTO CONJUNTO;2020;8;738;248;2,975806451612903
MOV;ALOJAMENTO CONJUNTO;2020;9;567;236;2,402542372881356
MOV;ALOJAMENTO CONJUNTO;2020;10;734;273;2,688644688644689
MOV;ALOJAMENTO CONJUNTO;2020;11;679;237;2,8649789029535864
MOV;ALOJAMENTO CONJUNTO;2020;12;666;235;2,8340425531914892
MOV;ALOJAMENTO CONJUNTO;2021;1;706;237;2,978902953586498
MOV;ALOJAMENTO CONJUNTO;2021;2;687;237;2,8987341772151898
MOV;ALOJAMENTO CONJUNTO;2021;3;743;260;2,8576923076923078
MOV;ALOJAMENTO CONJUNTO;2021;4;738;257;2,8715953307392996
MOV;ALOJAMENTO CONJUNTO;2021;5;821;264;3,109848484848485
MOV;ALOJAMENTO CONJUNTO;2021;6;674;234;2,8803418803418803
MOV;ALOJAMENTO CONJUNTO;2021;7;668;246;2,7154471544715446
MOV;ALOJAMENTO CONJUNTO;2021;8;827;278;2,9748201438848922
MOV;ALOJAMENTO CONJUNTO;2021;9;752;248;3,032258064516129
MOV;ALOJAMENTO CONJUNTO;2021;10;654;226;2,893805309734513
MOV;ALOJAMENTO CONJUNTO;2021;11;701;241;2,908713692946058
MOV;ALOJAMENTO CONJUNTO;2021;12;707;248;2,850806451612903
MOV;ALOJAMENTO CONJUNTO;2022;1;677;223;3,0358744394618835
MOV;ALOJAMENTO CONJUNTO;2022;2;694;231;3,0043290043290045
MOV;ALOJAMENTO CONJUNTO;2022;3;743;263;2,8250950570342206
MOV;ALOJAMENTO CONJUNTO;2022;4;698;228;3,06140350877193
MOV;ALOJAMENTO CONJUNTO;2022;5;761;265;2,871698113207547
MOV;ALOJAMENTO CONJUNTO;2022;6;737;248;2,971774193548387
MOV;ALOJAMENTO CONJUNTO;2022;7;755;264;2,859848484848485
MOV;ALOJAMENTO CONJUNTO;2022;8;709;245;2,8938775510204082
MOV;ALOJAMENTO CONJUNTO;2022;9;693;236;2,9364406779661016
MOV;ALOJAMENTO CONJUNTO;2022;10;560;213;2,6291079812206575
MOV;ALOJAMENTO CONJUNTO;2022;11;672;218;3,0825688073394497
MOV;ALOJAMENTO CONJUNTO;2022;12;753;243;3,0987654320987654
MOV;ALOJAMENTO CONJUNTO;2023;1;682;247;2,7611336032388665
MOV;ALOJAMENTO CONJUNTO;2023;2;670;231;2,9004329004329006
MOV;ALOJAMENTO CONJUNTO;2023;3;762;266;2,8646616541353382
MOV;ALOJAMENTO CONJUNTO;2023;4;904;241;3,7510373443983402
MOV;ALOJAMENTO CONJUNTO;2023;5;783;240;3,2625
MOV;ALOJAMENTO CONJUNTO;2023;6;848;240;3,533333333333333
MOV;ALOJAMENTO CONJUNTO;2023;7;758;245;3,093877551020408
MOV;ALOJAMENTO CONJUNTO;2023;8;820;259;3,166023166023166
MOV;ALOJAMENTO CONJUNTO;2023;9;743;220;3,3772727272727274
MOV;ALOJAMENTO CONJUNTO;2023;10;728;236;3,0847457627118646
MOV;ALOJAMENTO CONJUNTO;2023;11;607;191;3,1780104712041886
MOV;ALOJAMENTO CONJUNTO;2023;12;589;193;3,051813471502591
MOV;ALOJAMENTO CONJUNTO;2024;1;746;220;3,390909090909091
MOV;ALOJAMENTO CONJUNTO;2024;2;765;241;3,1742738589211617
MOV;ALOJAMENTO CONJUNTO;2024;3;926;271;3,4169741697416973
MOV;ALOJAMENTO CONJUNTO;2024;4;1000;266;3,7593984962406015
MOV;ALOJAMENTO CONJUNTO;2024;5;902;244;3,69672131147541
MOV;ALOJAMENTO CONJUNTO;2024;6;631;211;2,990521327014218
MOV;ALOJAMENTO CONJUNTO;2024;7;688;228;3,017543859649123
MOV;ALOJAMENTO CONJUNTO;2024;8;728;224;3,25
MOV;ALOJAMENTO CONJUNTO;2024;9;761;240;3,1708333333333334
MOV;ALOJAMENTO CONJUNTO;2024;10;699;208;3,360576923076923
MOV;ALOJAMENTO CONJUNTO;2024;11;728;217;3,3548387096774195
MOV;ALOJAMENTO CONJUNTO;2024;12;716;233;3,072961373390558
MOV;ALOJAMENTO CONJUNTO;2025;1;849;266;3,191729323308271
MOV;ALOJAMENTO CONJUNTO;2025;2;845;259;3,2625482625482625
MOV;ALOJAMENTO CONJUNTO;2025;3;930;270;3,4444444444444446
MOV;ALOJAMENTO CONJUNTO;2025;4;824;276;2,9855072463768115
MOV;ALOJAMENTO CONJUNTO;2025;5;800;233;3,4334763948497855
MOV;ALOJAMENTO CONJUNTO;2025;6;633;205;3,0878048780487806
MOV;ALOJAMENTO CONJUNTO;2025;7;601;204;2,946078431372549
MOV;ALOJAMENTO CONJUNTO;2025;8;983;216;4,550925925925926
MOV;ALOJAMENTO CONJUNTO;2025;9;659;224;2,9419642857142856
MOV;ALOJAMENTO CONJUNTO;2025;10;663;205;3,234146341463415
MOV;ALOJAMENTO CONJUNTO;2025;11;605;208;2,9086538461538463
MOV;ALOJAMENTO CONJUNTO;2025;12;694;212;3,2735849056603774
MOV;ALOJAMENTO CONJUNTO;2026;1;611;204;2,9950980392156863
MOV;ALOJAMENTO CONJUNTO;2026;2;577;198;2,914141414141414
MOV;ALOJAMENTO CONJUNTO;2026;3;760;239;3,1799163179916317
MOV;ALOJAMENTO CONJUNTO;2026;4;598;219;2,730593607305936
MOV;ALOJAMENTO CONJUNTO;2026;5;1288;237;5,434599156118144
MOV;ALOJAMENTO CONJUNTO;2026;6;628;217;2,8940092165898617
MOV;AMBULATORIO - ESPECIALIDADES;2019;1;7;4;1,75
MOV;AMBULATORIO - ESPECIALIDADES;2019;3;18;3;6,0
MOV;AMBULATORIO - ESPECIALIDADES;2019;4;28;1;28,0
MOV;AMBULATORIO - ESPECIALIDADES;2019;8;7;1;7,0
MOV;AMBULATORIO - ESPECIALIDADES;2019;9;5;1;5,0
MOV;AMBULATORIO - ESPECIALIDADES;2019;10;1;1;1,0
MOV;AMBULATORIO - ESPECIALIDADES;2020;3;1;1;1,0
MOV;AMBULATORIO - ESPECIALIDADES;2020;7;2;1;2,0
MOV;AMBULATORIO - ESPECIALIDADES;2020;9;0;1;0,0
MOV;AMBULATORIO - ESPECIALIDADES;2021;2;2;1;2,0
MOV;AMBULATORIO - ESPECIALIDADES;2021;4;22;5;4,4
MOV;AMBULATORIO - ESPECIALIDADES;2021;6;1;1;1,0
MOV;AMBULATORIO - ESPECIALIDADES;2021;7;1;1;1,0
MOV;AMBULATORIO - ESPECIALIDADES;2021;8;6;2;3,0
MOV;AMBULATORIO - ESPECIALIDADES;2021;9;89;4;22,25
MOV;AMBULATORIO - ESPECIALIDADES;2021;10;9;3;3,0
MOV;AMBULATORIO - ESPECIALIDADES;2021;11;7;1;7,0
MOV;AMBULATORIO - ESPECIALIDADES;2022;1;0;1;0,0
MOV;AMBULATORIO - ESPECIALIDADES;2023;3;17;1;17,0
MOV;AMBULATÓRIO - ESPECIALIDADES NÃO MÉDICAS;2022;5;11;2;5,5
MOV;AMBULATÓRIO - ESPECIALIDADES NÃO MÉDICAS;2022;6;2;1;2,0
MOV;AMBULATORIO CVVS;2022;6;3;1;3,0
MOV;AMBULATORIO CVVS;2022;8;0;1;0,0
MOV;AMBULATORIO CVVS;2023;2;2;1;2,0
MOV;AMBULATORIO CVVS;2023;3;4;2;2,0
MOV;AMBULATORIO DE GINECOLOGIA CIRURGICA;2022;1;14;1;14,0
MOV;AMBULATORIO DE GINECOLOGIA CIRURGICA;2022;3;7;1;7,0
MOV;AMBULATORIO DE GINECOLOGIA CIRURGICA;2022;5;0;1;0,0
MOV;AMBULATORIO DE GINECOLOGIA CIRURGICA;2022;6;1;1;1,0
MOV;AMBULATORIO DE GINECOLOGIA CIRURGICA;2022;7;35;1;35,0
MOV;AMBULATORIO DE MASTOLOGIA;2022;4;3;1;3,0
MOV;AMBULATORIO ESPECIALIDADES MEDICAS;2021;12;0;1;0,0
MOV;CLINICA CIRÚRGICA;2023;4;301;93;3,236559139784946
MOV;CLINICA CIRÚRGICA;2023;5;428;131;3,267175572519084
MOV;CLINICA CIRÚRGICA;2023;6;552;209;2,6411483253588517
MOV;CLINICA CIRÚRGICA;2023;7;406;147;2,761904761904762
MOV;CLINICA CIRÚRGICA;2023;8;423;156;2,7115384615384617
MOV;CLINICA CIRÚRGICA;2023;9;448;161;2,782608695652174
MOV;CLINICA CIRÚRGICA;2023;10;448;182;2,4615384615384617
MOV;CLINICA CIRÚRGICA;2023;11;523;174;3,0057471264367814
MOV;CLINICA CIRÚRGICA;2023;12;567;200;2,835
MOV;CLINICA CIRÚRGICA;2024;1;528;177;2,983050847457627
MOV;CLINICA CIRÚRGICA;2024;2;514;154;3,3376623376623376
MOV;CLINICA CIRÚRGICA;2024;3;479;148;3,2364864864864864
MOV;CLINICA CIRÚRGICA;2024;4;979;197;4,969543147208122
MOV;CLINICA CIRÚRGICA;2024;5;548;201;2,72636815920398
MOV;CLINICA CIRÚRGICA;2024;6;380;158;2,4050632911392404
MOV;CLINICA CIRÚRGICA;2024;7;383;156;2,4551282051282053
MOV;CLINICA CIRÚRGICA;2024;8;448;180;2,488888888888889
MOV;CLINICA CIRÚRGICA;2024;9;686;178;3,853932584269663
MOV;CLINICA CIRÚRGICA;2024;10;481;156;3,0833333333333335
MOV;CLINICA CIRÚRGICA;2024;11;565;132;4,28030303030303
MOV;CLINICA CIRÚRGICA;2024;12;337;110;3,0636363636363635
MOV;CLINICA CIRÚRGICA;2025;1;331;114;2,9035087719298245
MOV;CLINICA CIRÚRGICA;2025;2;395;131;3,015267175572519
MOV;CLINICA CIRÚRGICA;2025;3;570;166;3,433734939759036
MOV;CLINICA CIRÚRGICA;2025;4;516;159;3,2452830188679247
MOV;CLINICA CIRÚRGICA;2025;5;698;240;2,908333333333333
MOV;CLINICA CIRÚRGICA;2025;6;550;210;2,619047619047619
MOV;CLINICA CIRÚRGICA;2025;7;540;185;2,918918918918919
MOV;CLINICA CIRÚRGICA;2025;8;518;144;3,5972222222222223
MOV;CLINICA CIRÚRGICA;2025;9;543;175;3,1028571428571428
MOV;CLINICA CIRÚRGICA;2025;10;522;174;3,0
MOV;CLINICA CIRÚRGICA;2025;11;1400;181;7,734806629834254
MOV;CLINICA CIRÚRGICA;2025;12;448;144;3,111111111111111
MOV;CLINICA CIRÚRGICA;2026;1;485;177;2,7401129943502824
MOV;CLINICA CIRÚRGICA;2026;2;580;200;2,9
MOV;CLINICA CIRÚRGICA;2026;3;753;233;3,2317596566523603
MOV;CLINICA CIRÚRGICA;2026;4;601;183;3,2841530054644807
MOV;CLINICA CIRÚRGICA;2026;5;551;214;2,574766355140187
MOV;CLINICA CIRÚRGICA;2026;6;552;207;2,6666666666666665
MOV;PRE-NATAL DE ALTO RISCO E PUERPERIO PATOLOGICO;2022;4;9;1;9,0
MOV;PRE-NATAL DE ALTO RISCO E PUERPERIO PATOLOGICO;2022;6;0;1;0,0
MOV;PRE-NATAL DE ALTO RISCO E PUERPERIO PATOLOGICO;2022;9;5;1;5,0
MOV;PRE-NATAL DE ALTO RISCO E PUERPERIO PATOLOGICO;2022;11;6;1;6,0
MOV;PRE-NATAL DE ALTO RISCO E PUERPERIO PATOLOGICO;2022;12;2;1;2,0
MOV;PRE-NATAL DE ALTO RISCO E PUERPERIO PATOLOGICO;2023;2;4;1;4,0
MOV;PRE-NATAL DE ALTO RISCO E PUERPERIO PATOLOGICO;2023;3;7;1;7,0
MOV;PRE-NATAL DE ALTO RISCO E PUERPERIO PATOLOGICO;2023;4;19;1;19,0
MOV;PRÉ-PARTO;2019;1;143;71;2,0140845070422535
MOV;PRÉ-PARTO;2019;2;38;25;1,52
MOV;PRÉ-PARTO;2019;3;128;61;2,098360655737705
MOV;PRÉ-PARTO;2019;4;67;37;1,8108108108108107
MOV;PRÉ-PARTO;2019;5;53;35;1,5142857142857142
MOV;PRÉ-PARTO;2019;6;28;28;1,0
MOV;PRÉ-PARTO;2019;7;48;36;1,3333333333333333
MOV;PRÉ-PARTO;2019;8;71;43;1,6511627906976745
MOV;PRÉ-PARTO;2019;9;99;47;2,106382978723404
MOV;PRÉ-PARTO;2019;10;75;46;1,6304347826086956
MOV;PRÉ-PARTO;2019;11;66;40;1,65
MOV;PRÉ-PARTO;2019;12;77;45;1,711111111111111
MOV;PRÉ-PARTO;2020;1;36;18;2,0
MOV;PRÉ-PARTO;2020;2;53;37;1,4324324324324325
MOV;PRÉ-PARTO;2020;3;28;19;1,4736842105263157
MOV;PRÉ-PARTO;2020;4;63;29;2,1724137931034484
MOV;PRÉ-PARTO;2020;5;66;35;1,8857142857142857
MOV;PRÉ-PARTO;2020;6;41;31;1,3225806451612903
MOV;PRÉ-PARTO;2020;7;54;36;1,5
MOV;PRÉ-PARTO;2020;8;20;16;1,25
MOV;PRÉ-PARTO;2020;9;24;18;1,3333333333333333
MOV;PRÉ-PARTO;2020;10;30;25;1,2
MOV;PRÉ-PARTO;2020;11;29;24;1,2083333333333333
MOV;PRÉ-PARTO;2020;12;37;30;1,2333333333333334
MOV;PRÉ-PARTO;2021;1;57;28;2,0357142857142856
MOV;PRÉ-PARTO;2021;2;22;19;1,1578947368421053
MOV;PRÉ-PARTO;2021;3;56;21;2,6666666666666665
MOV;PRÉ-PARTO;2021;4;35;24;1,4583333333333333
MOV;PRÉ-PARTO;2021;5;69;47;1,4680851063829787
MOV;PRÉ-PARTO;2021;6;70;40;1,75
MOV;PRÉ-PARTO;2021;7;76;46;1,6521739130434783
MOV;PRÉ-PARTO;2021;8;78;52;1,5
MOV;PRÉ-PARTO;2021;9;40;27;1,4814814814814814
MOV;PRÉ-PARTO;2021;10;86;51;1,6862745098039216
MOV;PRÉ-PARTO;2021;11;24;23;1,0434782608695652
MOV;PRÉ-PARTO;2021;12;65;46;1,4130434782608696
MOV;PRÉ-PARTO;2022;1;34;28;1,2142857142857142
MOV;PRÉ-PARTO;2022;2;55;22;2,5
MOV;PRÉ-PARTO;2022;3;45;20;2,25
MOV;PRÉ-PARTO;2022;4;30;25;1,2
MOV;PRÉ-PARTO;2022;5;35;27;1,2962962962962963
MOV;PRÉ-PARTO;2022;6;15;17;0,8823529411764706
MOV;PRÉ-PARTO;2022;7;12;18;0,6666666666666666
MOV;PRÉ-PARTO;2022;8;21;28;0,75
MOV;PRÉ-PARTO;2022;9;48;31;1,5483870967741935
MOV;PRÉ-PARTO;2022;10;43;28;1,5357142857142858
MOV;PRÉ-PARTO;2022;11;51;30;1,7
MOV;PRÉ-PARTO;2022;12;23;20;1,15
MOV;PRÉ-PARTO;2023;1;12;7;1,7142857142857142
MOV;PRÉ-PARTO;2023;2;30;17;1,7647058823529411
MOV;PRÉ-PARTO;2023;3;57;33;1,7272727272727273
MOV;PRÉ-PARTO;2023;4;8;7;1,1428571428571428
MOV;PRÉ-PARTO;2023;5;5;4;1,25
MOV;PRÉ-PARTO;2023;6;25;7;3,5714285714285716
MOV;PRÉ-PARTO;2023;7;6;7;0,8571428571428571
MOV;PRÉ-PARTO;2023;8;1;2;0,5
MOV;PRÉ-PARTO;2023;9;1;5;0,2
MOV;PRÉ-PARTO;2023;10;8;5;1,6
MOV;PRÉ-PARTO;2023;11;1;2;0,5
MOV;PRÉ-PARTO;2023;12;1;2;0,5
MOV;PRÉ-PARTO;2024;1;59;1;59,0
MOV;PRÉ-PARTO;2024;2;6;3;2,0
MOV;PRÉ-PARTO;2024;3;1;1;1,0
MOV;PRÉ-PARTO;2024;4;4;4;1,0
MOV;PRÉ-PARTO;2024;5;9;10;0,9
MOV;PRÉ-PARTO;2024;6;2;3;0,6666666666666666
MOV;PRÉ-PARTO;2024;7;0;1;0,0
MOV;PRÉ-PARTO;2024;8;4;4;1,0
MOV;PRÉ-PARTO;2024;9;7;9;0,7777777777777778
MOV;PRÉ-PARTO;2024;10;0;1;0,0
MOV;PRÉ-PARTO;2024;11;1;1;1,0
MOV;PRÉ-PARTO;2024;12;1;3;0,3333333333333333
MOV;PRÉ-PARTO;2025;1;8;8;1,0
MOV;PRÉ-PARTO;2025;2;10;13;0,7692307692307693
MOV;PRÉ-PARTO;2025;3;73;15;4,866666666666666
MOV;PRÉ-PARTO;2025;4;18;12;1,5
MOV;PRÉ-PARTO;2025;5;104;8;13,0
MOV;PRÉ-PARTO;2025;6;1;4;0,25
MOV;PRÉ-PARTO;2025;7;2;2;1,0
MOV;PRÉ-PARTO;2025;8;2;3;0,6666666666666666
MOV;PRÉ-PARTO;2025;9;3;5;0,6
MOV;PRÉ-PARTO;2025;10;9;4;2,25
MOV;PRÉ-PARTO;2025;11;1;2;0,5
MOV;PRÉ-PARTO;2025;12;2;4;0,5
MOV;PRÉ-PARTO;2026;1;7;7;1,0
MOV;PRÉ-PARTO;2026;2;2;2;1,0
MOV;PRÉ-PARTO;2026;3;3;3;1,0
MOV;PRÉ-PARTO;2026;4;2;1;2,0
MOV;PRÉ-PARTO;2026;5;0;1;0,0
MOV;PRÉ-PARTO;2026;6;1;1;1,0
MOV;SALA DE ESPERA - BLOCO CIRÚRGICO;2023;5;19;1;19,0
MOV;SALA DE ESPERA - BLOCO CIRÚRGICO;2023;6;0;1;0,0
MOV;SALA DE ESPERA - BLOCO CIRÚRGICO;2023;7;0;1;0,0
MOV;SALA DE ESPERA - BLOCO CIRÚRGICO;2023;8;22;1;22,0
MOV;SALA DE ESPERA - BLOCO CIRÚRGICO;2024;4;0;1;0,0
MOV;SALA DE ESPERA - BLOCO CIRÚRGICO;2025;9;0;1;0,0
MOV;SALA DE ESPERA - BLOCO CIRÚRGICO;2025;11;4;2;2,0
MOV;SALA DE ESPERA - BLOCO CIRÚRGICO;2025;12;5;5;1,0
MOV;SALA DE ESPERA - BLOCO CIRÚRGICO;2026;1;1;3;0,3333333333333333
MOV;SALA DE ESPERA - BLOCO CIRÚRGICO;2026;2;0;1;0,0
MOV;SALA DE ESPERA - BLOCO CIRÚRGICO;2026;3;0;2;0,0
MOV;SALA DE ESPERA - BLOCO CIRÚRGICO;2026;4;0;4;0,0
MOV;SALA DE ESPERA - BLOCO CIRÚRGICO;2026;5;6;2;3,0
MOV;SALA DE ESPERA - BLOCO CIRÚRGICO;2026;6;44;11;4,0
MOV;SALA DE ESPERA - BLOCO OBSTÉTRICO;2025;11;1;2;0,5
MOV;SALA DE ESPERA - BLOCO OBSTÉTRICO;2025;12;0;1;0,0
MOV;SALA DE ESPERA - BLOCO OBSTÉTRICO;2026;1;1;1;1,0
MOV;SALA DE ESPERA - BLOCO OBSTÉTRICO;2026;4;2;3;0,6666666666666666
MOV;SALA DE ESPERA - BLOCO OBSTÉTRICO;2026;5;14;1;14,0
MOV;SALA DE ESPERA - BLOCO OBSTÉTRICO;2026;6;1;3;0,3333333333333333
MOV;UNIDADE DE CUIDADO INTERMEDIÁRIO NEONATAL CANGURU;2023;4;203;7;29,0
MOV;UNIDADE DE CUIDADO INTERMEDIÁRIO NEONATAL CANGURU;2023;5;279;13;21,46153846153846
MOV;UNIDADE DE CUIDADO INTERMEDIÁRIO NEONATAL CANGURU;2023;6;211;8;26,375
MOV;UNIDADE DE CUIDADO INTERMEDIÁRIO NEONATAL CANGURU;2023;7;316;10;31,6
MOV;UNIDADE DE CUIDADO INTERMEDIÁRIO NEONATAL CANGURU;2023;8;135;5;27,0
MOV;UNIDADE DE CUIDADO INTERMEDIÁRIO NEONATAL CANGURU;2023;9;135;6;22,5
MOV;UNIDADE DE CUIDADO INTERMEDIÁRIO NEONATAL CANGURU;2023;10;319;12;26,583333333333332
MOV;UNIDADE DE CUIDADO INTERMEDIÁRIO NEONATAL CANGURU;2023;11;384;14;27,428571428571427
MOV;UNIDADE DE CUIDADO INTERMEDIÁRIO NEONATAL CANGURU;2023;12;190;12;15,833333333333334
MOV;UNIDADE DE CUIDADO INTERMEDIÁRIO NEONATAL CANGURU;2024;1;46;4;11,5
MOV;UNIDADE DE CUIDADO INTERMEDIÁRIO NEONATAL CANGURU;2024;2;156;7;22,285714285714285
MOV;UNIDADE DE CUIDADO INTERMEDIÁRIO NEONATAL CANGURU;2024;4;122;1;122,0
MOV;UNIDADE DE CUIDADO INTERMEDIÁRIO NEONATAL CANGURU;2024;5;226;9;25,11111111111111
MOV;UNIDADE DE CUIDADO INTERMEDIÁRIO NEONATAL CANGURU;2024;6;116;8;14,5
MOV;UNIDADE DE CUIDADO INTERMEDIÁRIO NEONATAL CANGURU;2024;7;208;6;34,666666666666664
MOV;UNIDADE DE CUIDADO INTERMEDIÁRIO NEONATAL CANGURU;2024;8;365;13;28,076923076923077
MOV;UNIDADE DE CUIDADO INTERMEDIÁRIO NEONATAL CANGURU;2024;9;239;9;26,555555555555557
MOV;UNIDADE DE CUIDADO INTERMEDIÁRIO NEONATAL CANGURU;2024;10;174;8;21,75
MOV;UNIDADE DE CUIDADO INTERMEDIÁRIO NEONATAL CANGURU;2024;11;221;10;22,1
MOV;UNIDADE DE CUIDADO INTERMEDIÁRIO NEONATAL CANGURU;2024;12;314;14;22,428571428571427
MOV;UNIDADE DE CUIDADO INTERMEDIÁRIO NEONATAL CANGURU;2025;1;284;13;21,846153846153847
MOV;UNIDADE DE CUIDADO INTERMEDIÁRIO NEONATAL CANGURU;2025;2;169;10;16,9
MOV;UNIDADE DE CUIDADO INTERMEDIÁRIO NEONATAL CANGURU;2025;3;34;2;17,0
MOV;UNIDADE DE CUIDADO INTERMEDIÁRIO NEONATAL CANGURU;2025;4;13;1;13,0
MOV;UNIDADE DE CUIDADO INTERMEDIÁRIO NEONATAL CANGURU;2025;5;71;5;14,2
MOV;UNIDADE DE CUIDADO INTERMEDIÁRIO NEONATAL CANGURU;2025;6;206;9;22,88888888888889
MOV;UNIDADE DE CUIDADO INTERMEDIÁRIO NEONATAL CANGURU;2025;7;236;10;23,6
MOV;UNIDADE DE CUIDADO INTERMEDIÁRIO NEONATAL CANGURU;2025;8;226;9;25,11111111111111
MOV;UNIDADE DE CUIDADO INTERMEDIÁRIO NEONATAL CANGURU;2025;9;326;13;25,076923076923077
MOV;UNIDADE DE CUIDADO INTERMEDIÁRIO NEONATAL CANGURU;2025;10;281;12;23,416666666666668
MOV;UNIDADE DE CUIDADO INTERMEDIÁRIO NEONATAL CANGURU;2025;11;255;12;21,25
MOV;UNIDADE DE CUIDADO INTERMEDIÁRIO NEONATAL CANGURU;2025;12;392;13;30,153846153846153
MOV;UNIDADE DE CUIDADO INTERMEDIÁRIO NEONATAL CANGURU;2026;1;190;9;21,11111111111111
MOV;UNIDADE DE CUIDADO INTERMEDIÁRIO NEONATAL CANGURU;2026;2;139;6;23,166666666666668
MOV;UNIDADE DE CUIDADO INTERMEDIÁRIO NEONATAL CANGURU;2026;3;291;10;29,1
MOV;UNIDADE DE CUIDADO INTERMEDIÁRIO NEONATAL CANGURU;2026;4;263;13;20,23076923076923
MOV;UNIDADE DE CUIDADO INTERMEDIÁRIO NEONATAL CANGURU;2026;5;108;4;27,0
MOV;UNIDADE DE CUIDADO INTERMEDIÁRIO NEONATAL CANGURU;2026;6;37;2;18,5
MOV;UNIDADE DE CUIDADO INTERMEDIÁRIO NEONATAL CONVENCIONAL;2023;4;419;18;23,27777777777778
MOV;UNIDADE DE CUIDADO INTERMEDIÁRIO NEONATAL CONVENCIONAL;2023;5;308;21;14,666666666666666
MOV;UNIDADE DE CUIDADO INTERMEDIÁRIO NEONATAL CONVENCIONAL;2023;6;568;17;33,411764705882355
MOV;UNIDADE DE CUIDADO INTERMEDIÁRIO NEONATAL CONVENCIONAL;2023;7;232;15;15,466666666666667
MOV;UNIDADE DE CUIDADO INTERMEDIÁRIO NEONATAL CONVENCIONAL;2023;8;435;17;25,58823529411765
MOV;UNIDADE DE CUIDADO INTERMEDIÁRIO NEONATAL CONVENCIONAL;2023;9;669;18;37,166666666666664
MOV;UNIDADE DE CUIDADO INTERMEDIÁRIO NEONATAL CONVENCIONAL;2023;10;915;15;61,0
MOV;UNIDADE DE CUIDADO INTERMEDIÁRIO NEONATAL CONVENCIONAL;2023;11;228;13;17,53846153846154
MOV;UNIDADE DE CUIDADO INTERMEDIÁRIO NEONATAL CONVENCIONAL;2023;12;260;11;23,636363636363637
MOV;UNIDADE DE CUIDADO INTERMEDIÁRIO NEONATAL CONVENCIONAL;2024;1;536;10;53,6
MOV;UNIDADE DE CUIDADO INTERMEDIÁRIO NEONATAL CONVENCIONAL;2024;2;798;14;57,0
MOV;UNIDADE DE CUIDADO INTERMEDIÁRIO NEONATAL CONVENCIONAL;2024;3;844;19;44,421052631578945
MOV;UNIDADE DE CUIDADO INTERMEDIÁRIO NEONATAL CONVENCIONAL;2024;4;752;27;27,85185185185185
MOV;UNIDADE DE CUIDADO INTERMEDIÁRIO NEONATAL CONVENCIONAL;2024;5;722;19;38,0
MOV;UNIDADE DE CUIDADO INTERMEDIÁRIO NEONATAL CONVENCIONAL;2024;6;505;15;33,666666666666664
MOV;UNIDADE DE CUIDADO INTERMEDIÁRIO NEONATAL CONVENCIONAL;2024;7;396;16;24,75
MOV;UNIDADE DE CUIDADO INTERMEDIÁRIO NEONATAL CONVENCIONAL;2024;8;503;19;26,473684210526315
MOV;UNIDADE DE CUIDADO INTERMEDIÁRIO NEONATAL CONVENCIONAL;2024;9;565;28;20,178571428571427
MOV;UNIDADE DE CUIDADO INTERMEDIÁRIO NEONATAL CONVENCIONAL;2024;10;370;15;24,666666666666668
MOV;UNIDADE DE CUIDADO INTERMEDIÁRIO NEONATAL CONVENCIONAL;2024;11;505;20;25,25
MOV;UNIDADE DE CUIDADO INTERMEDIÁRIO NEONATAL CONVENCIONAL;2024;12;605;20;30,25
MOV;UNIDADE DE CUIDADO INTERMEDIÁRIO NEONATAL CONVENCIONAL;2025;1;586;24;24,416666666666668
MOV;UNIDADE DE CUIDADO INTERMEDIÁRIO NEONATAL CONVENCIONAL;2025;2;704;23;30,608695652173914
MOV;UNIDADE DE CUIDADO INTERMEDIÁRIO NEONATAL CONVENCIONAL;2025;3;879;26;33,80769230769231
MOV;UNIDADE DE CUIDADO INTERMEDIÁRIO NEONATAL CONVENCIONAL;2025;4;617;21;29,38095238095238
MOV;UNIDADE DE CUIDADO INTERMEDIÁRIO NEONATAL CONVENCIONAL;2025;5;1041;34;30,61764705882353
MOV;UNIDADE DE CUIDADO INTERMEDIÁRIO NEONATAL CONVENCIONAL;2025;6;686;25;27,44
MOV;UNIDADE DE CUIDADO INTERMEDIÁRIO NEONATAL CONVENCIONAL;2025;7;504;29;17,379310344827587
MOV;UNIDADE DE CUIDADO INTERMEDIÁRIO NEONATAL CONVENCIONAL;2025;8;632;22;28,727272727272727
MOV;UNIDADE DE CUIDADO INTERMEDIÁRIO NEONATAL CONVENCIONAL;2025;9;577;18;32,05555555555556
MOV;UNIDADE DE CUIDADO INTERMEDIÁRIO NEONATAL CONVENCIONAL;2025;10;856;30;28,533333333333335
MOV;UNIDADE DE CUIDADO INTERMEDIÁRIO NEONATAL CONVENCIONAL;2025;11;285;19;15,0
MOV;UNIDADE DE CUIDADO INTERMEDIÁRIO NEONATAL CONVENCIONAL;2025;12;736;21;35,04761904761905
MOV;UNIDADE DE CUIDADO INTERMEDIÁRIO NEONATAL CONVENCIONAL;2026;1;677;20;33,85
MOV;UNIDADE DE CUIDADO INTERMEDIÁRIO NEONATAL CONVENCIONAL;2026;2;625;21;29,761904761904763
MOV;UNIDADE DE CUIDADO INTERMEDIÁRIO NEONATAL CONVENCIONAL;2026;3;911;28;32,535714285714285
MOV;UNIDADE DE CUIDADO INTERMEDIÁRIO NEONATAL CONVENCIONAL;2026;4;626;28;22,357142857142858
MOV;UNIDADE DE CUIDADO INTERMEDIÁRIO NEONATAL CONVENCIONAL;2026;5;629;27;23,296296296296298
MOV;UNIDADE DE CUIDADO INTERMEDIÁRIO NEONATAL CONVENCIONAL;2026;6;875;28;31,25
MOV;UNIDADE DE EMERGENCIA - ADMISSAO;2019;1;10;7;1,4285714285714286
MOV;UNIDADE DE EMERGENCIA - ADMISSAO;2019;2;0;1;0,0
MOV;UNIDADE DE EMERGENCIA - ADMISSAO;2019;3;5;4;1,25
MOV;UNIDADE DE EMERGENCIA - ADMISSAO;2019;4;1;1;1,0
MOV;UNIDADE DE EMERGENCIA - ADMISSAO;2019;5;4;2;2,0
MOV;UNIDADE DE EMERGENCIA - ADMISSAO;2019;6;2;3;0,6666666666666666
MOV;UNIDADE DE EMERGENCIA - ADMISSAO;2019;7;0;2;0,0
MOV;UNIDADE DE EMERGENCIA - ADMISSAO;2019;8;5;3;1,6666666666666667
MOV;UNIDADE DE EMERGENCIA - ADMISSAO;2019;9;3;4;0,75
MOV;UNIDADE DE EMERGENCIA - ADMISSAO;2019;10;3;3;1,0
MOV;UNIDADE DE EMERGENCIA - ADMISSAO;2019;11;6;2;3,0
MOV;UNIDADE DE EMERGENCIA - ADMISSAO;2019;12;2;1;2,0
MOV;UNIDADE DE EMERGENCIA - ADMISSAO;2020;1;10;2;5,0
MOV;UNIDADE DE EMERGENCIA - ADMISSAO;2020;2;6;3;2,0
MOV;UNIDADE DE EMERGENCIA - ADMISSAO;2020;3;2;3;0,6666666666666666
MOV;UNIDADE DE EMERGENCIA - ADMISSAO;2020;4;3;2;1,5
MOV;UNIDADE DE EMERGENCIA - ADMISSAO;2020;5;5;3;1,6666666666666667
MOV;UNIDADE DE EMERGENCIA - ADMISSAO;2020;6;6;3;2,0
MOV;UNIDADE DE EMERGENCIA - ADMISSAO;2020;7;5;3;1,6666666666666667
MOV;UNIDADE DE EMERGENCIA - ADMISSAO;2020;8;8;6;1,3333333333333333
MOV;UNIDADE DE EMERGENCIA - ADMISSAO;2020;9;10;4;2,5
MOV;UNIDADE DE EMERGENCIA - ADMISSAO;2020;10;0;1;0,0
MOV;UNIDADE DE EMERGENCIA - ADMISSAO;2020;11;8;4;2,0
MOV;UNIDADE DE EMERGENCIA - ADMISSAO;2021;1;39;3;13,0
MOV;UNIDADE DE EMERGENCIA - ADMISSAO;2021;2;3;4;0,75
MOV;UNIDADE DE EMERGENCIA - ADMISSAO;2021;3;26;10;2,6
MOV;UNIDADE DE EMERGENCIA - ADMISSAO;2021;4;34;10;3,4
MOV;UNIDADE DE EMERGENCIA - ADMISSAO;2021;5;2;5;0,4
MOV;UNIDADE INTEMEDIARIA NEONATAL;2019;1;767;32;23,96875
MOV;UNIDADE INTEMEDIARIA NEONATAL;2019;2;1198;34;35,23529411764706
MOV;UNIDADE INTEMEDIARIA NEONATAL;2019;3;683;34;20,08823529411765
MOV;UNIDADE INTEMEDIARIA NEONATAL;2019;4;1036;51;20,313725490196077
MOV;UNIDADE INTEMEDIARIA NEONATAL;2019;5;954;40;23,85
MOV;UNIDADE INTEMEDIARIA NEONATAL;2019;6;442;23;19,217391304347824
MOV;UNIDADE INTEMEDIARIA NEONATAL;2019;7;597;24;24,875
MOV;UNIDADE INTEMEDIARIA NEONATAL;2019;8;764;25;30,56
MOV;UNIDADE INTEMEDIARIA NEONATAL;2019;9;532;23;23,130434782608695
MOV;UNIDADE INTEMEDIARIA NEONATAL;2019;10;533;26;20,5
MOV;UNIDADE INTEMEDIARIA NEONATAL;2019;11;478;21;22,761904761904763
MOV;UNIDADE INTEMEDIARIA NEONATAL;2019;12;691;31;22,29032258064516
MOV;UNIDADE INTEMEDIARIA NEONATAL;2020;1;541;23;23,52173913043478
MOV;UNIDADE INTEMEDIARIA NEONATAL;2020;2;342;10;34,2
MOV;UNIDADE INTEMEDIARIA NEONATAL;2020;3;328;19;17,263157894736842
MOV;UNIDADE INTEMEDIARIA NEONATAL;2020;4;550;26;21,153846153846153
MOV;UNIDADE INTEMEDIARIA NEONATAL;2020;5;508;25;20,32
MOV;UNIDADE INTEMEDIARIA NEONATAL;2020;6;957;25;38,28
MOV;UNIDADE INTEMEDIARIA NEONATAL;2020;7;588;24;24,5
MOV;UNIDADE INTEMEDIARIA NEONATAL;2020;8;716;20;35,8
MOV;UNIDADE INTEMEDIARIA NEONATAL;2020;9;590;26;22,692307692307693
MOV;UNIDADE INTEMEDIARIA NEONATAL;2020;10;334;16;20,875
MOV;UNIDADE INTEMEDIARIA NEONATAL;2020;11;952;28;34,0
MOV;UNIDADE INTEMEDIARIA NEONATAL;2020;12;691;27;25,59259259259259
MOV;UNIDADE INTEMEDIARIA NEONATAL;2021;1;547;28;19,535714285714285
MOV;UNIDADE INTEMEDIARIA NEONATAL;2021;2;478;21;22,761904761904763
MOV;UNIDADE INTEMEDIARIA NEONATAL;2021;3;497;25;19,88
MOV;UNIDADE INTEMEDIARIA NEONATAL;2021;4;789;27;29,22222222222222
MOV;UNIDADE INTEMEDIARIA NEONATAL;2021;5;837;31;27,0
MOV;UNIDADE INTEMEDIARIA NEONATAL;2021;6;483;35;13,8
MOV;UNIDADE INTEMEDIARIA NEONATAL;2021;7;455;27;16,85185185185185
MOV;UNIDADE INTEMEDIARIA NEONATAL;2021;8;405;22;18,40909090909091
MOV;UNIDADE INTEMEDIARIA NEONATAL;2021;9;626;24;26,083333333333332
MOV;UNIDADE INTEMEDIARIA NEONATAL;2021;10;561;24;23,375
MOV;UNIDADE INTEMEDIARIA NEONATAL;2021;11;596;25;23,84
MOV;UNIDADE INTEMEDIARIA NEONATAL;2021;12;567;27;21,0
MOV;UNIDADE INTEMEDIARIA NEONATAL;2022;1;590;25;23,6
MOV;UNIDADE INTEMEDIARIA NEONATAL;2022;2;376;16;23,5
MOV;UNIDADE INTEMEDIARIA NEONATAL;2022;3;834;21;39,714285714285715
MOV;UNIDADE INTEMEDIARIA NEONATAL;2022;4;739;24;30,791666666666668
MOV;UNIDADE INTEMEDIARIA NEONATAL;2022;5;341;22;15,5
MOV;UNIDADE INTEMEDIARIA NEONATAL;2022;6;499;19;26,263157894736842
MOV;UNIDADE INTEMEDIARIA NEONATAL;2022;7;697;30;23,233333333333334
MOV;UNIDADE INTEMEDIARIA NEONATAL;2022;8;731;28;26,107142857142858
MOV;UNIDADE INTEMEDIARIA NEONATAL;2022;9;493;17;29,0
MOV;UNIDADE INTEMEDIARIA NEONATAL;2022;10;540;19;28,42105263157895
MOV;UNIDADE INTEMEDIARIA NEONATAL;2022;11;770;28;27,5
MOV;UNIDADE INTEMEDIARIA NEONATAL;2022;12;818;31;26,387096774193548
MOV;UNIDADE INTEMEDIARIA NEONATAL;2023;1;264;14;18,857142857142858
MOV;UNIDADE INTEMEDIARIA NEONATAL;2023;2;748;28;26,714285714285715
MOV;UNIDADE INTEMEDIARIA NEONATAL;2023;3;556;37;15,027027027027026
MOV;UNIDADE INTEMEDIARIA NEONATAL;2023;4;112;9;12,444444444444445
MOV;UNIDADE INTERNAÇÃO - ALTO RISCO OBSTETRICO;2019;1;540;163;3,312883435582822
MOV;UNIDADE INTERNAÇÃO - ALTO RISCO OBSTETRICO;2019;2;318;57;5,578947368421052
MOV;UNIDADE INTERNAÇÃO - ALTO RISCO OBSTETRICO;2019;3;350;56;6,25
MOV;UNIDADE INTERNAÇÃO - ALTO RISCO OBSTETRICO;2019;4;499;98;5,091836734693878
MOV;UNIDADE INTERNAÇÃO - ALTO RISCO OBSTETRICO;2019;5;565;123;4,59349593495935
MOV;UNIDADE INTERNAÇÃO - ALTO RISCO OBSTETRICO;2019;6;333;68;4,897058823529412
MOV;UNIDADE INTERNAÇÃO - ALTO RISCO OBSTETRICO;2019;7;377;77;4,896103896103896
MOV;UNIDADE INTERNAÇÃO - ALTO RISCO OBSTETRICO;2019;8;386;81;4,765432098765432
MOV;UNIDADE INTERNAÇÃO - ALTO RISCO OBSTETRICO;2019;9;432;101;4,2772277227722775
MOV;UNIDADE INTERNAÇÃO - ALTO RISCO OBSTETRICO;2019;10;496;137;3,6204379562043796
MOV;UNIDADE INTERNAÇÃO - ALTO RISCO OBSTETRICO;2019;11;429;99;4,333333333333333
MOV;UNIDADE INTERNAÇÃO - ALTO RISCO OBSTETRICO;2019;12;460;83;5,542168674698795
MOV;UNIDADE INTERNAÇÃO - ALTO RISCO OBSTETRICO;2020;1;447;88;5,079545454545454
MOV;UNIDADE INTERNAÇÃO - ALTO RISCO OBSTETRICO;2020;2;504;86;5,8604651162790695
MOV;UNIDADE INTERNAÇÃO - ALTO RISCO OBSTETRICO;2020;3;525;80;6,5625
MOV;UNIDADE INTERNAÇÃO - ALTO RISCO OBSTETRICO;2020;4;475;77;6,1688311688311686
MOV;UNIDADE INTERNAÇÃO - ALTO RISCO OBSTETRICO;2020;5;491;103;4,766990291262136
MOV;UNIDADE INTERNAÇÃO - ALTO RISCO OBSTETRICO;2020;6;426;97;4,391752577319588
MOV;UNIDADE INTERNAÇÃO - ALTO RISCO OBSTETRICO;2020;7;439;105;4,180952380952381
MOV;UNIDADE INTERNAÇÃO - ALTO RISCO OBSTETRICO;2020;8;427;110;3,881818181818182
MOV;UNIDADE INTERNAÇÃO - ALTO RISCO OBSTETRICO;2020;9;387;86;4,5
MOV;UNIDADE INTERNAÇÃO - ALTO RISCO OBSTETRICO;2020;10;337;67;5,029850746268656
MOV;UNIDADE INTERNAÇÃO - ALTO RISCO OBSTETRICO;2020;11;541;90;6,011111111111111
MOV;UNIDADE INTERNAÇÃO - ALTO RISCO OBSTETRICO;2020;12;421;96;4,385416666666667
MOV;UNIDADE INTERNAÇÃO - ALTO RISCO OBSTETRICO;2021;1;499;93;5,365591397849462
MOV;UNIDADE INTERNAÇÃO - ALTO RISCO OBSTETRICO;2021;2;418;103;4,058252427184466
MOV;UNIDADE INTERNAÇÃO - ALTO RISCO OBSTETRICO;2021;3;474;98;4,836734693877551
MOV;UNIDADE INTERNAÇÃO - ALTO RISCO OBSTETRICO;2021;4;432;92;4,695652173913044
MOV;UNIDADE INTERNAÇÃO - ALTO RISCO OBSTETRICO;2021;5;492;104;4,730769230769231
MOV;UNIDADE INTERNAÇÃO - ALTO RISCO OBSTETRICO;2021;6;431;108;3,990740740740741
MOV;UNIDADE INTERNAÇÃO - ALTO RISCO OBSTETRICO;2021;7;479;100;4,79
MOV;UNIDADE INTERNAÇÃO - ALTO RISCO OBSTETRICO;2021;8;478;106;4,509433962264151
MOV;UNIDADE INTERNAÇÃO - ALTO RISCO OBSTETRICO;2021;9;496;117;4,239316239316239
MOV;UNIDADE INTERNAÇÃO - ALTO RISCO OBSTETRICO;2021;10;435;86;5,058139534883721
MOV;UNIDADE INTERNAÇÃO - ALTO RISCO OBSTETRICO;2021;11;487;110;4,427272727272728
MOV;UNIDADE INTERNAÇÃO - ALTO RISCO OBSTETRICO;2021;12;342;70;4,885714285714286
MOV;UNIDADE INTERNAÇÃO - ALTO RISCO OBSTETRICO;2022;1;413;95;4,347368421052631
MOV;UNIDADE INTERNAÇÃO - ALTO RISCO OBSTETRICO;2022;2;377;77;4,896103896103896
MOV;UNIDADE INTERNAÇÃO - ALTO RISCO OBSTETRICO;2022;3;512;101;5,069306930693069
MOV;UNIDADE INTERNAÇÃO - ALTO RISCO OBSTETRICO;2022;4;409;92;4,445652173913044
MOV;UNIDADE INTERNAÇÃO - ALTO RISCO OBSTETRICO;2022;5;451;91;4,956043956043956
MOV;UNIDADE INTERNAÇÃO - ALTO RISCO OBSTETRICO;2022;6;543;97;5,597938144329897
MOV;UNIDADE INTERNAÇÃO - ALTO RISCO OBSTETRICO;2022;7;400;97;4,123711340206185
MOV;UNIDADE INTERNAÇÃO - ALTO RISCO OBSTETRICO;2022;8;448;78;5,743589743589744
MOV;UNIDADE INTERNAÇÃO - ALTO RISCO OBSTETRICO;2022;9;359;78;4,602564102564102
MOV;UNIDADE INTERNAÇÃO - ALTO RISCO OBSTETRICO;2022;10;483;93;5,193548387096774
MOV;UNIDADE INTERNAÇÃO - ALTO RISCO OBSTETRICO;2022;11;495;92;5,380434782608695
MOV;UNIDADE INTERNAÇÃO - ALTO RISCO OBSTETRICO;2022;12;511;113;4,522123893805309
MOV;UNIDADE INTERNAÇÃO - ALTO RISCO OBSTETRICO;2023;1;511;122;4,188524590163935
MOV;UNIDADE INTERNAÇÃO - ALTO RISCO OBSTETRICO;2023;2;496;114;4,350877192982456
MOV;UNIDADE INTERNAÇÃO - ALTO RISCO OBSTETRICO;2023;3;471;107;4,401869158878505
MOV;UNIDADE INTERNAÇÃO - ALTO RISCO OBSTETRICO;2023;4;180;23;7,826086956521739
MOV;UNIDADE INTERNAÇÃO - CLINICA CIRURGICA;2021;8;3;1;3,0
MOV;UNIDADE INTERNAÇÃO - CLINICA CIRURGICA;2021;9;2;2;1,0
MOV;UNIDADE INTERNAÇÃO - CLINICA CIRURGICA;2021;10;238;86;2,7674418604651163
MOV;UNIDADE INTERNAÇÃO - CLINICA CIRURGICA;2021;11;340;131;2,595419847328244
MOV;UNIDADE INTERNAÇÃO - CLINICA CIRURGICA;2021;12;320;120;2,6666666666666665
MOV;UNIDADE INTERNAÇÃO - CLINICA CIRURGICA;2022;1;287;82;3,5
MOV;UNIDADE INTERNAÇÃO - CLINICA CIRURGICA;2022;2;312;114;2,736842105263158
MOV;UNIDADE INTERNAÇÃO - CLINICA CIRURGICA;2022;3;347;123;2,821138211382114
MOV;UNIDADE INTERNAÇÃO - CLINICA CIRURGICA;2022;4;296;96;3,0833333333333335
MOV;UNIDADE INTERNAÇÃO - CLINICA CIRURGICA;2022;5;335;134;2,5
MOV;UNIDADE INTERNAÇÃO - CLINICA CIRURGICA;2022;6;368;133;2,7669172932330826
MOV;UNIDADE INTERNAÇÃO - CLINICA CIRURGICA;2022;7;367;131;2,801526717557252
MOV;UNIDADE INTERNAÇÃO - CLINICA CIRURGICA;2022;8;322;123;2,6178861788617884
MOV;UNIDADE INTERNAÇÃO - CLINICA CIRURGICA;2022;9;278;108;2,574074074074074
MOV;UNIDADE INTERNAÇÃO - CLINICA CIRURGICA;2022;10;365;108;3,3796296296296298
MOV;UNIDADE INTERNAÇÃO - CLINICA CIRURGICA;2022;11;340;125;2,72
MOV;UNIDADE INTERNAÇÃO - CLINICA CIRURGICA;2022;12;386;119;3,2436974789915967
MOV;UNIDADE INTERNAÇÃO - CLINICA CIRURGICA;2023;1;359;104;3,451923076923077
MOV;UNIDADE INTERNAÇÃO - CLINICA CIRURGICA;2023;2;321;93;3,4516129032258065
MOV;UNIDADE INTERNAÇÃO - CLINICA CIRURGICA;2023;3;393;127;3,094488188976378
MOV;UNIDADE INTERNAÇÃO - CLINICA CIRURGICA;2023;4;62;25;2,48
MOV;UNIDADE INTERNAÇÃO - GINECOLOGIA CIRÚRGICA UCC;2019;1;468;111;4,216216216216216
MOV;UNIDADE INTERNAÇÃO - GINECOLOGIA CIRÚRGICA UCC;2019;2;358;128;2,796875
MOV;UNIDADE INTERNAÇÃO - GINECOLOGIA CIRÚRGICA UCC;2019;3;413;130;3,1769230769230767
MOV;UNIDADE INTERNAÇÃO - GINECOLOGIA CIRÚRGICA UCC;2019;4;229;106;2,160377358490566
MOV;UNIDADE INTERNAÇÃO - GINECOLOGIA CIRÚRGICA UCC;2019;5;225;108;2,0833333333333335
MOV;UNIDADE INTERNAÇÃO - GINECOLOGIA CIRÚRGICA UCC;2019;6;266;141;1,8865248226950355
MOV;UNIDADE INTERNAÇÃO - GINECOLOGIA CIRÚRGICA UCC;2019;7;353;139;2,539568345323741
MOV;UNIDADE INTERNAÇÃO - GINECOLOGIA CIRÚRGICA UCC;2019;8;331;132;2,507575757575758
MOV;UNIDADE INTERNAÇÃO - GINECOLOGIA CIRÚRGICA UCC;2019;9;304;140;2,1714285714285713
MOV;UNIDADE INTERNAÇÃO - GINECOLOGIA CIRÚRGICA UCC;2019;10;317;132;2,4015151515151514
MOV;UNIDADE INTERNAÇÃO - GINECOLOGIA CIRÚRGICA UCC;2019;11;344;150;2,2933333333333334
MOV;UNIDADE INTERNAÇÃO - GINECOLOGIA CIRÚRGICA UCC;2019;12;248;112;2,2142857142857144
MOV;UNIDADE INTERNAÇÃO - GINECOLOGIA CIRÚRGICA UCC;2020;1;358;116;3,086206896551724
MOV;UNIDADE INTERNAÇÃO - GINECOLOGIA CIRÚRGICA UCC;2020;2;335;138;2,427536231884058
MOV;UNIDADE INTERNAÇÃO - GINECOLOGIA CIRÚRGICA UCC;2020;3;297;117;2,5384615384615383
MOV;UNIDADE INTERNAÇÃO - GINECOLOGIA CIRÚRGICA UCC;2020;4;264;92;2,869565217391304
MOV;UNIDADE INTERNAÇÃO - GINECOLOGIA CIRÚRGICA UCC;2020;5;272;96;2,8333333333333335
MOV;UNIDADE INTERNAÇÃO - GINECOLOGIA CIRÚRGICA UCC;2020;6;264;93;2,838709677419355
MOV;UNIDADE INTERNAÇÃO - GINECOLOGIA CIRÚRGICA UCC;2020;7;279;93;3,0
MOV;UNIDADE INTERNAÇÃO - GINECOLOGIA CIRÚRGICA UCC;2020;8;296;96;3,0833333333333335
MOV;UNIDADE INTERNAÇÃO - GINECOLOGIA CIRÚRGICA UCC;2020;9;232;106;2,188679245283019
MOV;UNIDADE INTERNAÇÃO - GINECOLOGIA CIRÚRGICA UCC;2020;10;285;105;2,7142857142857144
MOV;UNIDADE INTERNAÇÃO - GINECOLOGIA CIRÚRGICA UCC;2020;11;333;126;2,642857142857143
MOV;UNIDADE INTERNAÇÃO - GINECOLOGIA CIRÚRGICA UCC;2020;12;352;105;3,3523809523809525
MOV;UNIDADE INTERNAÇÃO - GINECOLOGIA CIRÚRGICA UCC;2021;1;360;115;3,130434782608696
MOV;UNIDADE INTERNAÇÃO - GINECOLOGIA CIRÚRGICA UCC;2021;2;295;110;2,6818181818181817
MOV;UNIDADE INTERNAÇÃO - GINECOLOGIA CIRÚRGICA UCC;2021;3;383;124;3,088709677419355
MOV;UNIDADE INTERNAÇÃO - GINECOLOGIA CIRÚRGICA UCC;2021;4;381;117;3,2564102564102564
MOV;UNIDADE INTERNAÇÃO - GINECOLOGIA CIRÚRGICA UCC;2021;5;374;120;3,1166666666666667
MOV;UNIDADE INTERNAÇÃO - GINECOLOGIA CIRÚRGICA UCC;2021;6;341;118;2,889830508474576
MOV;UNIDADE INTERNAÇÃO - GINECOLOGIA CIRÚRGICA UCC;2021;7;252;112;2,25
MOV;UNIDADE INTERNAÇÃO - GINECOLOGIA CIRÚRGICA UCC;2021;8;374;132;2,8333333333333335
MOV;UNIDADE INTERNAÇÃO - GINECOLOGIA CIRÚRGICA UCC;2021;9;401;131;3,0610687022900764
MOV;UNIDADE INTERNACAO ALTO-RISCO OBSTETRICO;2023;4;348;83;4,192771084337349
MOV;UNIDADE INTERNACAO ALTO-RISCO OBSTETRICO;2023;5;617;110;5,609090909090909
MOV;UNIDADE INTERNACAO ALTO-RISCO OBSTETRICO;2023;6;662;113;5,8584070796460175
MOV;UNIDADE INTERNACAO ALTO-RISCO OBSTETRICO;2023;7;575;108;5,324074074074074
MOV;UNIDADE INTERNACAO ALTO-RISCO OBSTETRICO;2023;8;537;118;4,5508474576271185
MOV;UNIDADE INTERNACAO ALTO-RISCO OBSTETRICO;2023;9;561;118;4,754237288135593
MOV;UNIDADE INTERNACAO ALTO-RISCO OBSTETRICO;2023;10;598;126;4,746031746031746
MOV;UNIDADE INTERNACAO ALTO-RISCO OBSTETRICO;2023;11;735;165;4,454545454545454
MOV;UNIDADE INTERNACAO ALTO-RISCO OBSTETRICO;2023;12;785;175;4,485714285714286
MOV;UNIDADE INTERNACAO ALTO-RISCO OBSTETRICO;2024;1;508;95;5,347368421052631
MOV;UNIDADE INTERNACAO ALTO-RISCO OBSTETRICO;2024;2;670;136;4,926470588235294
MOV;UNIDADE INTERNACAO ALTO-RISCO OBSTETRICO;2024;3;845;171;4,941520467836257
MOV;UNIDADE INTERNACAO ALTO-RISCO OBSTETRICO;2024;4;407;71;5,732394366197183
MOV;UNIDADE INTERNACAO ALTO-RISCO OBSTETRICO;2024;5;538;107;5,02803738317757
MOV;UNIDADE INTERNACAO ALTO-RISCO OBSTETRICO;2024;6;549;107;5,130841121495327
MOV;UNIDADE INTERNACAO ALTO-RISCO OBSTETRICO;2024;7;585;118;4,9576271186440675
MOV;UNIDADE INTERNACAO ALTO-RISCO OBSTETRICO;2024;8;496;97;5,11340206185567
MOV;UNIDADE INTERNACAO ALTO-RISCO OBSTETRICO;2024;9;563;117;4,811965811965812
MOV;UNIDADE INTERNACAO ALTO-RISCO OBSTETRICO;2024;10;504;88;5,7272727272727275
MOV;UNIDADE INTERNACAO ALTO-RISCO OBSTETRICO;2024;11;534;76;7,026315789473684
MOV;UNIDADE INTERNACAO ALTO-RISCO OBSTETRICO;2024;12;520;117;4,444444444444445
MOV;UNIDADE INTERNACAO ALTO-RISCO OBSTETRICO;2025;1;491;96;5,114583333333333
MOV;UNIDADE INTERNACAO ALTO-RISCO OBSTETRICO;2025;2;499;74;6,743243243243243
MOV;UNIDADE INTERNACAO ALTO-RISCO OBSTETRICO;2025;3;704;149;4,724832214765101
MOV;UNIDADE INTERNACAO ALTO-RISCO OBSTETRICO;2025;4;566;100;5,66
MOV;UNIDADE INTERNACAO ALTO-RISCO OBSTETRICO;2025;5;486;105;4,628571428571429
MOV;UNIDADE INTERNACAO ALTO-RISCO OBSTETRICO;2025;6;554;114;4,859649122807017
MOV;UNIDADE INTERNACAO ALTO-RISCO OBSTETRICO;2025;7;563;107;5,261682242990654
MOV;UNIDADE INTERNACAO ALTO-RISCO OBSTETRICO;2025;8;459;93;4,935483870967742
MOV;UNIDADE INTERNACAO ALTO-RISCO OBSTETRICO;2025;9;464;107;4,336448598130841
MOV;UNIDADE INTERNACAO ALTO-RISCO OBSTETRICO;2025;10;430;105;4,095238095238095
MOV;UNIDADE INTERNACAO ALTO-RISCO OBSTETRICO;2025;11;426;86;4,953488372093023
MOV;UNIDADE INTERNACAO ALTO-RISCO OBSTETRICO;2025;12;496;96;5,166666666666667
MOV;UNIDADE INTERNACAO ALTO-RISCO OBSTETRICO;2026;1;451;95;4,747368421052632
MOV;UNIDADE INTERNACAO ALTO-RISCO OBSTETRICO;2026;2;441;100;4,41
MOV;UNIDADE INTERNACAO ALTO-RISCO OBSTETRICO;2026;3;431;96;4,489583333333333
MOV;UNIDADE INTERNACAO ALTO-RISCO OBSTETRICO;2026;4;484;96;5,041666666666667
MOV;UNIDADE INTERNACAO ALTO-RISCO OBSTETRICO;2026;5;449;100;4,49
MOV;UNIDADE INTERNACAO ALTO-RISCO OBSTETRICO;2026;6;433;95;4,557894736842106
MOV;UNIDADE URGENCIA/EMERGENCIA;2021;5;0;1;0,0
MOV;UNIDADE URGENCIA/EMERGENCIA;2021;6;0;2;0,0
MOV;UNIDADE URGENCIA/EMERGENCIA;2021;7;3;2;1,5
MOV;UNIDADE URGENCIA/EMERGENCIA;2021;8;6;8;0,75
MOV;UNIDADE URGENCIA/EMERGENCIA;2021;9;1;2;0,5
MOV;UNIDADE URGENCIA/EMERGENCIA;2021;10;0;3;0,0
MOV;UNIDADE URGENCIA/EMERGENCIA;2021;11;5;6;0,8333333333333334
MOV;UNIDADE URGENCIA/EMERGENCIA;2021;12;2;3;0,6666666666666666
MOV;UNIDADE URGENCIA/EMERGENCIA;2022;1;2;3;0,6666666666666666
MOV;UNIDADE URGENCIA/EMERGENCIA;2022;2;3;4;0,75
MOV;UNIDADE URGENCIA/EMERGENCIA;2022;3;10;7;1,4285714285714286
MOV;UNIDADE URGENCIA/EMERGENCIA;2022;4;5;6;0,8333333333333334
MOV;UNIDADE URGENCIA/EMERGENCIA;2022;5;6;7;0,8571428571428571
MOV;UNIDADE URGENCIA/EMERGENCIA;2022;6;10;10;1,0
MOV;UNIDADE URGENCIA/EMERGENCIA;2022;7;197;9;21,88888888888889
MOV;UNIDADE URGENCIA/EMERGENCIA;2022;8;0;1;0,0
MOV;UNIDADE URGENCIA/EMERGENCIA;2022;9;4;16;0,25
MOV;UNIDADE URGENCIA/EMERGENCIA;2022;10;18;9;2,0
MOV;UNIDADE URGENCIA/EMERGENCIA;2022;11;7;9;0,7777777777777778
MOV;UNIDADE URGENCIA/EMERGENCIA;2022;12;6;8;0,75
MOV;UNIDADE URGENCIA/EMERGENCIA;2023;1;5;10;0,5
MOV;UNIDADE URGENCIA/EMERGENCIA;2023;2;18;8;2,25
MOV;UNIDADE URGENCIA/EMERGENCIA;2023;3;14;11;1,2727272727272727
MOV;UNIDADE URGÊNCIA/EMERGÊNCIA - INTERNAÇÃO;2023;4;7;7;1,0
MOV;UNIDADE URGÊNCIA/EMERGÊNCIA - INTERNAÇÃO;2023;5;0;1;0,0
MOV;UNIDADE URGÊNCIA/EMERGÊNCIA - INTERNAÇÃO;2023;6;162;16;10,125
MOV;UNIDADE URGÊNCIA/EMERGÊNCIA - INTERNAÇÃO;2023;7;113;21;5,380952380952381
MOV;UNIDADE URGÊNCIA/EMERGÊNCIA - INTERNAÇÃO;2023;8;74;20;3,7
MOV;UNIDADE URGÊNCIA/EMERGÊNCIA - INTERNAÇÃO;2023;9;83;8;10,375
MOV;UNIDADE URGÊNCIA/EMERGÊNCIA - INTERNAÇÃO;2023;10;167;17;9,823529411764707
MOV;UNIDADE URGÊNCIA/EMERGÊNCIA - INTERNAÇÃO;2023;11;54;8;6,75
MOV;UNIDADE URGÊNCIA/EMERGÊNCIA - INTERNAÇÃO;2023;12;49;14;3,5
MOV;UNIDADE URGÊNCIA/EMERGÊNCIA - INTERNAÇÃO;2024;1;135;23;5,869565217391305
MOV;UNIDADE URGÊNCIA/EMERGÊNCIA - INTERNAÇÃO;2024;2;65;22;2,9545454545454546
MOV;UNIDADE URGÊNCIA/EMERGÊNCIA - INTERNAÇÃO;2024;3;37;19;1,9473684210526316
MOV;UNIDADE URGÊNCIA/EMERGÊNCIA - INTERNAÇÃO;2024;4;183;26;7,038461538461538
MOV;UNIDADE URGÊNCIA/EMERGÊNCIA - INTERNAÇÃO;2024;5;41;13;3,1538461538461537
MOV;UNIDADE URGÊNCIA/EMERGÊNCIA - INTERNAÇÃO;2024;6;130;18;7,222222222222222
MOV;UNIDADE URGÊNCIA/EMERGÊNCIA - INTERNAÇÃO;2024;7;76;25;3,04
MOV;UNIDADE URGÊNCIA/EMERGÊNCIA - INTERNAÇÃO;2024;8;16;15;1,0666666666666667
MOV;UNIDADE URGÊNCIA/EMERGÊNCIA - INTERNAÇÃO;2024;9;81;19;4,2631578947368425
MOV;UNIDADE URGÊNCIA/EMERGÊNCIA - INTERNAÇÃO;2024;10;78;26;3,0
MOV;UNIDADE URGÊNCIA/EMERGÊNCIA - INTERNAÇÃO;2024;11;44;22;2,0
MOV;UNIDADE URGÊNCIA/EMERGÊNCIA - INTERNAÇÃO;2024;12;27;18;1,5
MOV;UNIDADE URGÊNCIA/EMERGÊNCIA - INTERNAÇÃO;2025;1;112;32;3,5
MOV;UNIDADE URGÊNCIA/EMERGÊNCIA - INTERNAÇÃO;2025;2;62;27;2,2962962962962963
MOV;UNIDADE URGÊNCIA/EMERGÊNCIA - INTERNAÇÃO;2025;3;40;31;1,2903225806451613
MOV;UNIDADE URGÊNCIA/EMERGÊNCIA - INTERNAÇÃO;2025;4;36;26;1,3846153846153846
MOV;UNIDADE URGÊNCIA/EMERGÊNCIA - INTERNAÇÃO;2025;5;28;12;2,3333333333333335
MOV;UNIDADE URGÊNCIA/EMERGÊNCIA - INTERNAÇÃO;2025;6;58;8;7,25
MOV;UNIDADE URGÊNCIA/EMERGÊNCIA - INTERNAÇÃO;2025;7;188;7;26,857142857142858
MOV;UNIDADE URGÊNCIA/EMERGÊNCIA - INTERNAÇÃO;2025;8;100;23;4,3478260869565215
MOV;UNIDADE URGÊNCIA/EMERGÊNCIA - INTERNAÇÃO;2025;9;13;24;0,5416666666666666
MOV;UNIDADE URGÊNCIA/EMERGÊNCIA - INTERNAÇÃO;2025;10;36;36;1,0
MOV;UNIDADE URGÊNCIA/EMERGÊNCIA - INTERNAÇÃO;2025;11;32;26;1,2307692307692308
MOV;UNIDADE URGÊNCIA/EMERGÊNCIA - INTERNAÇÃO;2025;12;20;31;0,6451612903225806
MOV;UNIDADE URGÊNCIA/EMERGÊNCIA - INTERNAÇÃO;2026;1;13;21;0,6190476190476191
MOV;UNIDADE URGÊNCIA/EMERGÊNCIA - INTERNAÇÃO;2026;2;48;20;2,4
MOV;UNIDADE URGÊNCIA/EMERGÊNCIA - INTERNAÇÃO;2026;3;59;21;2,8095238095238093
MOV;UNIDADE URGÊNCIA/EMERGÊNCIA - INTERNAÇÃO;2026;4;39;15;2,6
MOV;UNIDADE URGÊNCIA/EMERGÊNCIA - INTERNAÇÃO;2026;5;828;34;24,352941176470587
MOV;UNIDADE URGÊNCIA/EMERGÊNCIA - INTERNAÇÃO;2026;6;28;19;1,4736842105263157
MOV;UTI;2019;1;120;21;5,714285714285714
MOV;UTI;2019;2;118;22;5,363636363636363
MOV;UTI;2019;3;129;19;6,7894736842105265
MOV;UTI;2019;4;120;26;4,615384615384615
MOV;UTI;2019;5;131;14;9,357142857142858
MOV;UTI;2019;6;127;16;7,9375
MOV;UTI;2019;7;139;26;5,346153846153846
MOV;UTI;2019;8;134;28;4,785714285714286
MOV;UTI;2019;9;104;17;6,117647058823529
MOV;UTI;2019;10;105;19;5,526315789473684
MOV;UTI;2019;11;130;24;5,416666666666667
MOV;UTI;2019;12;121;26;4,653846153846154
MOV;UTI;2020;1;153;23;6,6521739130434785
MOV;UTI;2020;2;127;23;5,521739130434782
MOV;UTI;2020;3;159;28;5,678571428571429
MOV;UTI;2020;4;82;14;5,857142857142857
MOV;UTI;2020;5;113;22;5,136363636363637
MOV;UTI;2020;6;219;26;8,423076923076923
MOV;UTI;2020;7;190;17;11,176470588235293
MOV;UTI;2020;8;131;12;10,916666666666666
MOV;UTI;2020;9;103;5;20,6
MOV;UTI;2020;10;97;11;8,818181818181818
MOV;UTI;2020;11;33;6;5,5
MOV;UTI;2020;12;76;6;12,666666666666666
MOV;UTI;2021;1;110;15;7,333333333333333
MOV;UTI;2021;2;76;11;6,909090909090909
MOV;UTI;2021;3;56;8;7,0
MOV;UTI;2021;4;260;17;15,294117647058824
MOV;UTI;2021;5;142;8;17,75
MOV;UTI;2021;6;200;11;18,181818181818183
MOV;UTI;2021;7;65;6;10,833333333333334
MOV;UTI;2021;8;153;13;11,76923076923077
MOV;UTI;2021;9;14;4;3,5
MOV;UTI;2021;10;78;13;6,0
MOV;UTI;2021;11;72;13;5,538461538461538
MOV;UTI;2021;12;88;11;8,0
MOV;UTI;2022;1;68;10;6,8
MOV;UTI;2022;2;95;16;5,9375
MOV;UTI;2022;3;152;21;7,238095238095238
MOV;UTI;2022;4;88;22;4,0
MOV;UTI;2022;5;68;16;4,25
MOV;UTI;2022;6;52;16;3,25
MOV;UTI;2022;7;256;19;13,473684210526315
MOV;UTI;2022;8;102;19;5,368421052631579
MOV;UTI;2022;9;34;7;4,857142857142857
MOV;UTI - ADULTO;2022;9;29;6;4,833333333333333
MOV;UTI - ADULTO;2022;10;76;17;4,470588235294118
MOV;UTI - ADULTO;2022;11;132;25;5,28
MOV;UTI - ADULTO;2022;12;125;26;4,8076923076923075
MOV;UTI - ADULTO;2023;1;63;15;4,2
MOV;UTI - ADULTO;2023;2;73;17;4,294117647058823
MOV;UTI - ADULTO;2023;3;96;25;3,84
MOV;UTI - ADULTO;2023;4;143;22;6,5
MOV;UTI - ADULTO;2023;5;114;23;4,956521739130435
MOV;UTI - ADULTO;2023;6;76;21;3,619047619047619
MOV;UTI - ADULTO;2023;7;109;21;5,190476190476191
MOV;UTI - ADULTO;2023;8;84;19;4,421052631578948
MOV;UTI - ADULTO;2023;9;143;25;5,72
MOV;UTI - ADULTO;2023;10;236;36;6,555555555555555
MOV;UTI - ADULTO;2023;11;141;27;5,222222222222222
MOV;UTI - ADULTO;2023;12;121;26;4,653846153846154
MOV;UTI - ADULTO;2024;1;150;38;3,9473684210526314
MOV;UTI - ADULTO;2024;2;134;27;4,962962962962963
MOV;UTI - ADULTO;2024;3;140;18;7,777777777777778
MOV;UTI - ADULTO;2024;4;121;20;6,05
MOV;UTI - ADULTO;2024;5;152;24;6,333333333333333
MOV;UTI - ADULTO;2024;6;148;36;4,111111111111111
MOV;UTI - ADULTO;2024;7;125;19;6,578947368421052
MOV;UTI - ADULTO;2024;8;159;28;5,678571428571429
MOV;UTI - ADULTO;2024;9;157;25;6,28
MOV;UTI - ADULTO;2024;10;180;32;5,625
MOV;UTI - ADULTO;2024;11;124;32;3,875
MOV;UTI - ADULTO;2024;12;131;23;5,695652173913044
MOV;UTI - ADULTO;2025;1;183;33;5,545454545454546
MOV;UTI - ADULTO;2025;2;107;28;3,8214285714285716
MOV;UTI - ADULTO;2025;3;129;29;4,448275862068965
MOV;UTI - ADULTO;2025;4;101;26;3,8846153846153846
MOV;UTI - ADULTO;2025;5;133;24;5,541666666666667
MOV;UTI - ADULTO;2025;6;94;16;5,875
MOV;UTI - ADULTO;2025;7;167;17;9,823529411764707
MOV;UTI - ADULTO;2025;8;250;21;11,904761904761905
MOV;UTI - ADULTO;2025;9;164;27;6,074074074074074
MOV;UTI - ADULTO;2025;10;113;23;4,913043478260869
MOV;UTI - ADULTO;2025;11;175;21;8,333333333333334
MOV;UTI - ADULTO;2025;12;122;26;4,6923076923076925
MOV;UTI - ADULTO;2026;1;200;27;7,407407407407407
MOV;UTI - ADULTO;2026;2;132;30;4,4
MOV;UTI - ADULTO;2026;3;102;17;6,0
MOV;UTI - ADULTO;2026;4;191;25;7,64
MOV;UTI - ADULTO;2026;5;189;26;7,269230769230769
MOV;UTI - ADULTO;2026;6;147;19;7,7368421052631575
MOV;UTI - NEONATAL;2021;6;106;2;53,0
MOV;UTI - NEONATAL;2021;7;176;13;13,538461538461538
MOV;UTI - NEONATAL;2021;8;138;3;46,0
MOV;UTI - NEONATAL;2021;9;29;2;14,5
MOV;UTI - NEONATAL;2021;10;11;2;5,5
MOV;UTI - NEONATAL;2021;11;29;6;4,833333333333333
MOV;UTI - NEONATAL;2021;12;193;6;32,166666666666664
MOV;UTI - NEONATAL;2022;1;13;3;4,333333333333333
MOV;UTI - NEONATAL;2022;2;155;1;155,0
MOV;UTI - NEONATAL;2022;3;13;1;13,0
MOV;UTI - NEONATAL;2022;4;106;3;35,333333333333336
MOV;UTI - NEONATAL;2022;5;298;6;49,666666666666664
MOV;UTI - NEONATAL;2022;6;11;3;3,6666666666666665
MOV;UTI - NEONATAL;2022;7;111;6;18,5
MOV;UTI - NEONATAL;2022;8;171;2;85,5
MOV;UTI - NEONATAL;2022;9;107;4;26,75
MOV;UTI - NEONATAL;2022;10;1;1;1,0
MOV;UTI - NEONATAL;2022;11;11;4;2,75
MOV;UTI - NEONATAL;2023;1;22;4;5,5
MOV;UTI - NEONATAL;2023;2;16;2;8,0
MOV;UTI - NEONATAL;2023;3;99;4;24,75
MOV;UTI - NEONATAL;2023;4;114;2;57,0
MOV;UTI - NEONATAL;2023;5;12;2;6,0
MOV;UTI - NEONATAL;2023;7;83;5;16,6
MOV;UTI - NEONATAL;2023;8;42;2;21,0
MOV;UTI - NEONATAL;2023;10;231;5;46,2
MOV;UTI - NEONATAL;2023;11;44;1;44,0
MOV;UTI - NEONATAL;2023;12;5;2;2,5
MOV;UTI - NEONATAL;2024;1;2;1;2,0
MOV;UTI - NEONATAL;2024;2;30;2;15,0
MOV;UTI - NEONATAL;2024;3;35;3;11,666666666666666
MOV;UTI - NEONATAL;2024;4;98;5;19,6
MOV;UTI - NEONATAL;2024;5;114;4;28,5
MOV;UTI - NEONATAL;2024;6;132;2;66,0
MOV;UTI - NEONATAL;2024;8;6;1;6,0
MOV;UTI - NEONATAL;2024;9;11;3;3,6666666666666665
MOV;UTI - NEONATAL;2024;10;73;6;12,166666666666666
MOV;UTI - NEONATAL;2024;11;61;6;10,166666666666666
MOV;UTI - NEONATAL;2024;12;26;3;8,666666666666666
MOV;UTI - NEONATAL;2025;1;77;7;11,0
MOV;UTI - NEONATAL;2025;2;269;10;26,9
MOV;UTI - NEONATAL;2025;3;129;5;25,8
MOV;UTI - NEONATAL;2025;4;46;7;6,571428571428571
MOV;UTI - NEONATAL;2025;5;228;4;57,0
MOV;UTI - NEONATAL;2025;6;306;6;51,0
MOV;UTI - NEONATAL;2025;7;52;3;17,333333333333332
MOV;UTI - NEONATAL;2025;8;78;5;15,6
MOV;UTI - NEONATAL;2025;9;48;6;8,0
MOV;UTI - NEONATAL;2025;10;53;2;26,5
MOV;UTI - NEONATAL;2025;11;9;3;3,0
MOV;UTI - NEONATAL;2025;12;44;5;8,8
MOV;UTI - NEONATAL;2026;1;44;6;7,333333333333333
MOV;UTI - NEONATAL;2026;2;282;8;35,25
MOV;UTI - NEONATAL;2026;3;56;7;8,0
MOV;UTI - NEONATAL;2026;4;28;5;5,6
MOV;UTI - NEONATAL;2026;5;96;3;32,0
MOV;UTI - NEONATAL;2026;6;341;8;42,625
MOV;UTI - NEONATAL E PEDIATRICO;2019;1;5;2;2,5
MOV;UTI - NEONATAL E PEDIATRICO;2019;2;289;3;96,33333333333333
MOV;UTI - NEONATAL E PEDIATRICO;2019;3;219;5;43,8
MOV;UTI - NEONATAL E PEDIATRICO;2019;4;14;1;14,0
MOV;UTI - NEONATAL E PEDIATRICO;2019;5;430;10;43,0
MOV;UTI - NEONATAL E PEDIATRICO;2019;6;42;4;10,5
MOV;UTI - NEONATAL E PEDIATRICO;2019;7;251;5;50,2
MOV;UTI - NEONATAL E PEDIATRICO;2019;8;201;3;67,0
MOV;UTI - NEONATAL E PEDIATRICO;2019;9;248;4;62,0
MOV;UTI - NEONATAL E PEDIATRICO;2019;10;231;4;57,75
MOV;UTI - NEONATAL E PEDIATRICO;2019;11;1;2;0,5
MOV;UTI - NEONATAL E PEDIATRICO;2019;12;173;6;28,833333333333332
MOV;UTI - NEONATAL E PEDIATRICO;2020;1;11;3;3,6666666666666665
MOV;UTI - NEONATAL E PEDIATRICO;2020;2;1;1;1,0
MOV;UTI - NEONATAL E PEDIATRICO;2020;3;18;3;6,0
MOV;UTI - NEONATAL E PEDIATRICO;2020;4;173;3;57,666666666666664
MOV;UTI - NEONATAL E PEDIATRICO;2020;5;125;4;31,25
MOV;UTI - NEONATAL E PEDIATRICO;2020;6;2;3;0,6666666666666666
MOV;UTI - NEONATAL E PEDIATRICO;2020;7;55;3;18,333333333333332
MOV;UTI - NEONATAL E PEDIATRICO;2020;8;31;2;15,5
MOV;UTI - NEONATAL E PEDIATRICO;2020;9;9;4;2,25
MOV;UTI - NEONATAL E PEDIATRICO;2020;10;27;2;13,5
MOV;UTI - NEONATAL E PEDIATRICO;2020;11;31;2;15,5
MOV;UTI - NEONATAL E PEDIATRICO;2020;12;180;8;22,5
MOV;UTI - NEONATAL E PEDIATRICO;2021;2;204;5;40,8
MOV;UTI - NEONATAL E PEDIATRICO;2021;3;45;1;45,0
MOV;UTI - NEONATAL E PEDIATRICO;2021;4;8;1;8,0
MOV;UTI - NEONATAL E PEDIATRICO;2021;5;14;2;7,0
